=== cifar corpus start Tue Jul 28 14:18:35 +03 2026 (fallback=0) ===
shard_000000: 256 fits in 20.2s  psnr_med=39.9dB  overall 12.6 fits/s
shard_000256: 256 fits in 19.7s  psnr_med=39.8dB  overall 12.8 fits/s
shard_000512: 256 fits in 19.8s  psnr_med=40.1dB  overall 12.9 fits/s
shard_000768: 256 fits in 20.1s  psnr_med=40.0dB  overall 12.8 fits/s
shard_001024: 256 fits in 20.5s  psnr_med=40.0dB  overall 12.8 fits/s
shard_001280: 256 fits in 21.7s  psnr_med=39.7dB  overall 12.6 fits/s
shard_001536: 256 fits in 22.8s  psnr_med=40.0dB  overall 12.4 fits/s
shard_001792: 256 fits in 24.1s  psnr_med=40.5dB  overall 12.1 fits/s
shard_002048: 256 fits in 25.0s  psnr_med=40.0dB  overall 11.9 fits/s
shard_002304: 256 fits in 25.3s  psnr_med=40.1dB  overall 11.7 fits/s
shard_002560: 256 fits in 31.0s  psnr_med=40.1dB  overall 11.2 fits/s
shard_002816: 256 fits in 29.9s  psnr_med=40.5dB  overall 11.0 fits/s
shard_003072: 256 fits in 31.5s  psnr_med=40.0dB  overall 10.7 fits/s
shard_003328: 256 fits in 33.3s  psnr_med=40.0dB  overall 10.4 fits/s
shard_003584: 256 fits in 32.9s  psnr_med=39.7dB  overall 10.2 fits/s
shard_003840: 256 fits in 32.4s  psnr_med=40.0dB  overall 10.0 fits/s
shard_004096: 256 fits in 32.5s  psnr_med=40.8dB  overall 9.8 fits/s
shard_004352: 256 fits in 32.9s  psnr_med=40.2dB  overall 9.7 fits/s
shard_004608: 256 fits in 38.3s  psnr_med=40.2dB  overall 9.5 fits/s
shard_004864: 256 fits in 36.6s  psnr_med=40.0dB  overall 9.3 fits/s
shard_005120: 256 fits in 38.7s  psnr_med=39.7dB  overall 9.1 fits/s
shard_005376: 256 fits in 38.1s  psnr_med=40.0dB  overall 9.0 fits/s
shard_005632: 256 fits in 38.7s  psnr_med=40.4dB  overall 8.8 fits/s
shard_005888: 256 fits in 37.1s  psnr_med=40.1dB  overall 8.7 fits/s
shard_006144: 256 fits in 38.7s  psnr_med=40.0dB  overall 8.6 fits/s
shard_006400: 256 fits in 40.9s  psnr_med=40.0dB  overall 8.5 fits/s
shard_006656: 256 fits in 39.0s  psnr_med=39.9dB  overall 8.4 fits/s
shard_006912: 256 fits in 40.8s  psnr_med=40.2dB  overall 8.3 fits/s
shard_007168: 256 fits in 39.8s  psnr_med=40.0dB  overall 8.2 fits/s
shard_007424: 256 fits in 35.7s  psnr_med=40.4dB  overall 8.2 fits/s
shard_007680: 256 fits in 35.7s  psnr_med=40.3dB  overall 8.1 fits/s
shard_007936: 256 fits in 37.4s  psnr_med=40.1dB  overall 8.1 fits/s
shard_008192: 256 fits in 36.5s  psnr_med=40.4dB  overall 8.1 fits/s
shard_008448: 256 fits in 42.2s  psnr_med=40.1dB  overall 8.0 fits/s
shard_008704: 256 fits in 44.4s  psnr_med=40.0dB  overall 7.9 fits/s
shard_008960: 256 fits in 44.7s  psnr_med=40.1dB  overall 7.8 fits/s
shard_009216: 256 fits in 44.4s  psnr_med=40.4dB  overall 7.7 fits/s
shard_009472: 256 fits in 44.0s  psnr_med=40.3dB  overall 7.7 fits/s
shard_009728: 256 fits in 38.3s  psnr_med=39.8dB  overall 7.6 fits/s
shard_009984: 256 fits in 40.0s  psnr_med=40.5dB  overall 7.6 fits/s
shard_010240: 256 fits in 40.8s  psnr_med=40.3dB  overall 7.6 fits/s
shard_010496: 256 fits in 40.3s  psnr_med=40.3dB  overall 7.5 fits/s
shard_010752: 256 fits in 40.7s  psnr_med=40.0dB  overall 7.5 fits/s
shard_011008: 256 fits in 39.6s  psnr_med=40.3dB  overall 7.5 fits/s
shard_011264: 256 fits in 40.9s  psnr_med=40.2dB  overall 7.4 fits/s
shard_011520: 256 fits in 40.5s  psnr_med=39.3dB  overall 7.4 fits/s
shard_011776: 256 fits in 39.8s  psnr_med=40.1dB  overall 7.4 fits/s
shard_012032: 256 fits in 39.3s  psnr_med=40.3dB  overall 7.4 fits/s
shard_012288: 256 fits in 42.7s  psnr_med=40.0dB  overall 7.3 fits/s
shard_012544: 256 fits in 41.0s  psnr_med=39.7dB  overall 7.3 fits/s
shard_012800: 256 fits in 38.5s  psnr_med=39.6dB  overall 7.3 fits/s
shard_013056: 256 fits in 37.1s  psnr_med=40.3dB  overall 7.3 fits/s
shard_013312: 256 fits in 36.9s  psnr_med=40.0dB  overall 7.3 fits/s
shard_013568: 256 fits in 35.9s  psnr_med=40.2dB  overall 7.3 fits/s
shard_013824: 256 fits in 35.7s  psnr_med=40.1dB  overall 7.3 fits/s
shard_014080: 256 fits in 35.5s  psnr_med=39.8dB  overall 7.3 fits/s
shard_014336: 256 fits in 36.0s  psnr_med=39.9dB  overall 7.3 fits/s
shard_014592: 256 fits in 35.6s  psnr_med=40.2dB  overall 7.3 fits/s
shard_014848: 256 fits in 36.2s  psnr_med=39.8dB  overall 7.3 fits/s
shard_015104: 256 fits in 35.9s  psnr_med=39.9dB  overall 7.3 fits/s
shard_015360: 256 fits in 34.8s  psnr_med=40.4dB  overall 7.3 fits/s
shard_015616: 256 fits in 34.2s  psnr_med=39.8dB  overall 7.3 fits/s
shard_015872: 256 fits in 34.9s  psnr_med=40.1dB  overall 7.3 fits/s
shard_016128: 256 fits in 34.4s  psnr_med=40.0dB  overall 7.3 fits/s
shard_016384: 256 fits in 35.3s  psnr_med=40.2dB  overall 7.3 fits/s
shard_016640: 256 fits in 35.3s  psnr_med=40.0dB  overall 7.3 fits/s
shard_016896: 256 fits in 34.8s  psnr_med=39.8dB  overall 7.3 fits/s
shard_017152: 256 fits in 33.9s  psnr_med=40.5dB  overall 7.3 fits/s
shard_017408: 256 fits in 33.8s  psnr_med=40.1dB  overall 7.3 fits/s
shard_017664: 256 fits in 33.7s  psnr_med=40.2dB  overall 7.3 fits/s
shard_017920: 256 fits in 34.3s  psnr_med=39.9dB  overall 7.3 fits/s
shard_018176: 256 fits in 34.1s  psnr_med=39.8dB  overall 7.3 fits/s
shard_018432: 256 fits in 33.4s  psnr_med=39.9dB  overall 7.3 fits/s
shard_018688: 256 fits in 33.1s  psnr_med=40.1dB  overall 7.3 fits/s
shard_018944: 256 fits in 32.5s  psnr_med=39.9dB  overall 7.3 fits/s
shard_019200: 256 fits in 32.3s  psnr_med=39.6dB  overall 7.3 fits/s
shard_019456: 256 fits in 31.3s  psnr_med=39.7dB  overall 7.3 fits/s
shard_019712: 256 fits in 30.9s  psnr_med=40.1dB  overall 7.3 fits/s
shard_019968: 256 fits in 30.2s  psnr_med=40.0dB  overall 7.3 fits/s
shard_020224: 256 fits in 30.2s  psnr_med=40.3dB  overall 7.4 fits/s
shard_020480: 256 fits in 30.0s  psnr_med=40.2dB  overall 7.4 fits/s
shard_020736: 256 fits in 30.1s  psnr_med=39.9dB  overall 7.4 fits/s
shard_020992: 256 fits in 30.3s  psnr_med=40.2dB  overall 7.4 fits/s
shard_021248: 256 fits in 30.6s  psnr_med=40.4dB  overall 7.4 fits/s
shard_021504: 256 fits in 30.7s  psnr_med=40.2dB  overall 7.4 fits/s
shard_021760: 256 fits in 30.2s  psnr_med=40.3dB  overall 7.4 fits/s
shard_022016: 256 fits in 29.8s  psnr_med=39.9dB  overall 7.4 fits/s
shard_022272: 256 fits in 30.1s  psnr_med=39.8dB  overall 7.4 fits/s
shard_022528: 256 fits in 30.0s  psnr_med=40.1dB  overall 7.5 fits/s
shard_022784: 256 fits in 30.2s  psnr_med=40.2dB  overall 7.5 fits/s
shard_023040: 256 fits in 29.4s  psnr_med=39.9dB  overall 7.5 fits/s
shard_023296: 256 fits in 29.3s  psnr_med=39.9dB  overall 7.5 fits/s
shard_023552: 256 fits in 29.4s  psnr_med=39.8dB  overall 7.5 fits/s
shard_023808: 256 fits in 29.7s  psnr_med=39.7dB  overall 7.5 fits/s
shard_024064: 256 fits in 29.9s  psnr_med=40.1dB  overall 7.5 fits/s
shard_024320: 256 fits in 29.3s  psnr_med=40.4dB  overall 7.5 fits/s
shard_024576: 256 fits in 29.2s  psnr_med=40.0dB  overall 7.5 fits/s
shard_024832: 256 fits in 29.1s  psnr_med=40.2dB  overall 7.6 fits/s
shard_025088: 256 fits in 29.0s  psnr_med=40.2dB  overall 7.6 fits/s
shard_025344: 256 fits in 29.4s  psnr_med=39.8dB  overall 7.6 fits/s
shard_025600: 256 fits in 29.2s  psnr_med=40.0dB  overall 7.6 fits/s
shard_025856: 256 fits in 29.5s  psnr_med=40.0dB  overall 7.6 fits/s
shard_026112: 256 fits in 29.4s  psnr_med=40.3dB  overall 7.6 fits/s
shard_026368: 256 fits in 29.7s  psnr_med=39.7dB  overall 7.6 fits/s
shard_026624: 256 fits in 30.1s  psnr_med=40.0dB  overall 7.6 fits/s
shard_026880: 256 fits in 29.6s  psnr_med=40.5dB  overall 7.6 fits/s
shard_027136: 256 fits in 29.1s  psnr_med=40.2dB  overall 7.6 fits/s
shard_027392: 256 fits in 29.3s  psnr_med=40.0dB  overall 7.6 fits/s
shard_027648: 256 fits in 29.1s  psnr_med=40.2dB  overall 7.7 fits/s
shard_027904: 256 fits in 29.2s  psnr_med=39.9dB  overall 7.7 fits/s
shard_028160: 256 fits in 29.1s  psnr_med=40.1dB  overall 7.7 fits/s
shard_028416: 256 fits in 29.1s  psnr_med=39.6dB  overall 7.7 fits/s
shard_028672: 256 fits in 29.3s  psnr_med=40.5dB  overall 7.7 fits/s
shard_028928: 256 fits in 29.7s  psnr_med=39.9dB  overall 7.7 fits/s
shard_029184: 256 fits in 30.0s  psnr_med=39.9dB  overall 7.7 fits/s
shard_029440: 256 fits in 30.3s  psnr_med=40.0dB  overall 7.7 fits/s
shard_029696: 256 fits in 29.9s  psnr_med=40.4dB  overall 7.7 fits/s
shard_029952: 256 fits in 30.6s  psnr_med=39.5dB  overall 7.7 fits/s
shard_030208: 256 fits in 30.1s  psnr_med=40.1dB  overall 7.7 fits/s
shard_030464: 256 fits in 30.0s  psnr_med=39.8dB  overall 7.7 fits/s
shard_030720: 256 fits in 29.8s  psnr_med=39.8dB  overall 7.7 fits/s
shard_030976: 256 fits in 29.7s  psnr_med=40.3dB  overall 7.7 fits/s
shard_031232: 256 fits in 30.2s  psnr_med=39.7dB  overall 7.8 fits/s
shard_031488: 256 fits in 30.7s  psnr_med=40.2dB  overall 7.8 fits/s
shard_031744: 256 fits in 30.9s  psnr_med=40.1dB  overall 7.8 fits/s
shard_032000: 256 fits in 29.9s  psnr_med=40.2dB  overall 7.8 fits/s
shard_032256: 256 fits in 29.1s  psnr_med=40.2dB  overall 7.8 fits/s
shard_032512: 256 fits in 29.8s  psnr_med=40.3dB  overall 7.8 fits/s
shard_032768: 256 fits in 29.6s  psnr_med=39.9dB  overall 7.8 fits/s
shard_033024: 256 fits in 29.7s  psnr_med=40.2dB  overall 7.8 fits/s
shard_033280: 256 fits in 28.3s  psnr_med=40.4dB  overall 7.8 fits/s
shard_033536: 256 fits in 28.1s  psnr_med=40.0dB  overall 7.8 fits/s
shard_033792: 256 fits in 27.9s  psnr_med=40.4dB  overall 7.8 fits/s
shard_034048: 256 fits in 28.2s  psnr_med=40.1dB  overall 7.8 fits/s
shard_034304: 256 fits in 28.3s  psnr_med=39.8dB  overall 7.8 fits/s
shard_034560: 256 fits in 28.2s  psnr_med=40.0dB  overall 7.8 fits/s
shard_034816: 256 fits in 28.1s  psnr_med=39.6dB  overall 7.8 fits/s
shard_035072: 256 fits in 28.0s  psnr_med=40.2dB  overall 7.9 fits/s
shard_035328: 256 fits in 27.9s  psnr_med=40.1dB  overall 7.9 fits/s
shard_035584: 256 fits in 27.8s  psnr_med=40.0dB  overall 7.9 fits/s
shard_035840: 256 fits in 28.1s  psnr_med=39.9dB  overall 7.9 fits/s
shard_036096: 256 fits in 27.8s  psnr_med=40.4dB  overall 7.9 fits/s
shard_036352: 256 fits in 27.6s  psnr_med=40.0dB  overall 7.9 fits/s
shard_036608: 256 fits in 27.4s  psnr_med=40.0dB  overall 7.9 fits/s
shard_036864: 256 fits in 27.5s  psnr_med=39.9dB  overall 7.9 fits/s
shard_037120: 256 fits in 27.4s  psnr_med=40.3dB  overall 7.9 fits/s
shard_037376: 256 fits in 27.5s  psnr_med=40.1dB  overall 7.9 fits/s
shard_037632: 256 fits in 27.7s  psnr_med=40.1dB  overall 7.9 fits/s
shard_037888: 256 fits in 27.8s  psnr_med=40.0dB  overall 7.9 fits/s
shard_038144: 256 fits in 27.5s  psnr_med=40.3dB  overall 8.0 fits/s
shard_038400: 256 fits in 27.3s  psnr_med=40.2dB  overall 8.0 fits/s
shard_038656: 256 fits in 27.6s  psnr_med=40.1dB  overall 8.0 fits/s
shard_038912: 256 fits in 27.4s  psnr_med=39.9dB  overall 8.0 fits/s
shard_039168: 256 fits in 27.3s  psnr_med=40.4dB  overall 8.0 fits/s
shard_039424: 256 fits in 27.2s  psnr_med=40.3dB  overall 8.0 fits/s
shard_039680: 256 fits in 27.4s  psnr_med=40.0dB  overall 8.0 fits/s
shard_039936: 256 fits in 27.5s  psnr_med=39.5dB  overall 8.0 fits/s
shard_040192: 256 fits in 27.5s  psnr_med=40.4dB  overall 8.0 fits/s
shard_040448: 256 fits in 27.2s  psnr_med=40.0dB  overall 8.0 fits/s
shard_040704: 256 fits in 27.1s  psnr_med=40.0dB  overall 8.0 fits/s
shard_040960: 256 fits in 27.0s  psnr_med=39.7dB  overall 8.0 fits/s
shard_041216: 256 fits in 27.0s  psnr_med=40.1dB  overall 8.0 fits/s
shard_041472: 256 fits in 27.2s  psnr_med=40.1dB  overall 8.1 fits/s
shard_041728: 256 fits in 27.0s  psnr_med=40.1dB  overall 8.1 fits/s
shard_041984: 256 fits in 27.1s  psnr_med=40.1dB  overall 8.1 fits/s
shard_042240: 256 fits in 27.2s  psnr_med=40.1dB  overall 8.1 fits/s
shard_042496: 256 fits in 27.3s  psnr_med=40.4dB  overall 8.1 fits/s
shard_042752: 256 fits in 27.4s  psnr_med=40.1dB  overall 8.1 fits/s
shard_043008: 256 fits in 27.0s  psnr_med=39.9dB  overall 8.1 fits/s
shard_043264: 256 fits in 27.0s  psnr_med=40.2dB  overall 8.1 fits/s
shard_043520: 256 fits in 27.3s  psnr_med=40.3dB  overall 8.1 fits/s
shard_043776: 256 fits in 27.1s  psnr_med=40.0dB  overall 8.1 fits/s
shard_044032: 256 fits in 26.8s  psnr_med=40.3dB  overall 8.1 fits/s
shard_044288: 256 fits in 26.8s  psnr_med=40.0dB  overall 8.1 fits/s
shard_044544: 256 fits in 26.8s  psnr_med=39.7dB  overall 8.1 fits/s
shard_044800: 256 fits in 26.9s  psnr_med=40.2dB  overall 8.1 fits/s
shard_045056: 256 fits in 26.8s  psnr_med=40.0dB  overall 8.1 fits/s
shard_045312: 256 fits in 27.0s  psnr_med=40.3dB  overall 8.2 fits/s
shard_045568: 256 fits in 27.2s  psnr_med=40.0dB  overall 8.2 fits/s
shard_045824: 256 fits in 27.2s  psnr_med=40.0dB  overall 8.2 fits/s
shard_046080: 256 fits in 27.2s  psnr_med=39.6dB  overall 8.2 fits/s
shard_046336: 256 fits in 27.1s  psnr_med=40.5dB  overall 8.2 fits/s
shard_046592: 256 fits in 27.1s  psnr_med=40.4dB  overall 8.2 fits/s
shard_046848: 256 fits in 27.3s  psnr_med=39.9dB  overall 8.2 fits/s
shard_047104: 256 fits in 27.0s  psnr_med=40.3dB  overall 8.2 fits/s
shard_047360: 256 fits in 27.0s  psnr_med=40.2dB  overall 8.2 fits/s
shard_047616: 256 fits in 27.4s  psnr_med=40.1dB  overall 8.2 fits/s
shard_047872: 256 fits in 27.4s  psnr_med=40.6dB  overall 8.2 fits/s
shard_048128: 256 fits in 27.3s  psnr_med=39.9dB  overall 8.2 fits/s
shard_048384: 256 fits in 27.0s  psnr_med=39.9dB  overall 8.2 fits/s
shard_048640: 256 fits in 27.2s  psnr_med=40.3dB  overall 8.2 fits/s
shard_048896: 256 fits in 27.0s  psnr_med=39.9dB  overall 8.2 fits/s
shard_049152: 256 fits in 26.9s  psnr_med=40.3dB  overall 8.2 fits/s
shard_049408: 256 fits in 27.0s  psnr_med=40.1dB  overall 8.2 fits/s
shard_049664: 256 fits in 26.8s  psnr_med=40.0dB  overall 8.3 fits/s
shard_049920: 256 fits in 27.1s  psnr_med=40.2dB  overall 8.3 fits/s
shard_050176: 256 fits in 26.9s  psnr_med=40.1dB  overall 8.3 fits/s
shard_050432: 256 fits in 26.9s  psnr_med=40.1dB  overall 8.3 fits/s
shard_050688: 256 fits in 26.9s  psnr_med=39.9dB  overall 8.3 fits/s
shard_050944: 256 fits in 26.9s  psnr_med=40.2dB  overall 8.3 fits/s
shard_051200: 256 fits in 26.9s  psnr_med=40.0dB  overall 8.3 fits/s
shard_051456: 256 fits in 27.0s  psnr_med=40.1dB  overall 8.3 fits/s
shard_051712: 256 fits in 26.9s  psnr_med=40.3dB  overall 8.3 fits/s
shard_051968: 256 fits in 27.0s  psnr_med=40.2dB  overall 8.3 fits/s
shard_052224: 256 fits in 26.9s  psnr_med=40.1dB  overall 8.3 fits/s
shard_052480: 256 fits in 27.1s  psnr_med=40.1dB  overall 8.3 fits/s
shard_052736: 256 fits in 27.1s  psnr_med=40.1dB  overall 8.3 fits/s
shard_052992: 256 fits in 27.2s  psnr_med=39.7dB  overall 8.3 fits/s
shard_053248: 256 fits in 27.1s  psnr_med=40.2dB  overall 8.3 fits/s
shard_053504: 256 fits in 27.0s  psnr_med=40.4dB  overall 8.3 fits/s
shard_053760: 256 fits in 27.0s  psnr_med=39.8dB  overall 8.3 fits/s
shard_054016: 256 fits in 27.0s  psnr_med=40.1dB  overall 8.3 fits/s
shard_054272: 256 fits in 27.5s  psnr_med=39.6dB  overall 8.3 fits/s
shard_054528: 256 fits in 27.0s  psnr_med=39.7dB  overall 8.3 fits/s
shard_054784: 256 fits in 27.1s  psnr_med=40.2dB  overall 8.4 fits/s
shard_055040: 256 fits in 27.2s  psnr_med=40.3dB  overall 8.4 fits/s
shard_055296: 256 fits in 26.9s  psnr_med=40.3dB  overall 8.4 fits/s
shard_055552: 256 fits in 26.9s  psnr_med=40.4dB  overall 8.4 fits/s
shard_055808: 256 fits in 26.8s  psnr_med=39.6dB  overall 8.4 fits/s
shard_056064: 256 fits in 26.8s  psnr_med=40.3dB  overall 8.4 fits/s
shard_056320: 256 fits in 26.8s  psnr_med=40.0dB  overall 8.4 fits/s
shard_056576: 256 fits in 26.9s  psnr_med=40.0dB  overall 8.4 fits/s
shard_056832: 256 fits in 27.0s  psnr_med=40.1dB  overall 8.4 fits/s
shard_057088: 256 fits in 26.9s  psnr_med=40.6dB  overall 8.4 fits/s
shard_057344: 256 fits in 27.1s  psnr_med=39.6dB  overall 8.4 fits/s
shard_057600: 256 fits in 27.1s  psnr_med=39.9dB  overall 8.4 fits/s
shard_057856: 256 fits in 27.1s  psnr_med=39.8dB  overall 8.4 fits/s
shard_058112: 256 fits in 26.6s  psnr_med=40.4dB  overall 8.4 fits/s
shard_058368: 256 fits in 26.7s  psnr_med=39.7dB  overall 8.4 fits/s
shard_058624: 256 fits in 26.7s  psnr_med=40.3dB  overall 8.4 fits/s
shard_058880: 256 fits in 26.7s  psnr_med=40.0dB  overall 8.4 fits/s
shard_059136: 256 fits in 26.8s  psnr_med=40.4dB  overall 8.4 fits/s
shard_059392: 256 fits in 26.8s  psnr_med=39.9dB  overall 8.4 fits/s
shard_059648: 256 fits in 27.0s  psnr_med=40.2dB  overall 8.4 fits/s
shard_059904: 96 fits in 10.1s  psnr_med=39.9dB  overall 8.4 fits/s
{
  "n_inrs": 60000,
  "psnr_median": 40.085975646972656,
  "psnr_q05": 35.57073059082031,
  "corr_psnr_label": -0.13899965755945187,
  "wallclock_total_s": 7112.043062925339
}
CIFAR P-shared-det DONE Tue Jul 28 16:17:09 +03 2026
shard_000000: 256 fits in 27.9s  psnr_med=40.1dB  overall 9.2 fits/s
shard_000256: 256 fits in 27.1s  psnr_med=39.9dB  overall 9.3 fits/s
shard_000512: 256 fits in 27.2s  psnr_med=40.5dB  overall 9.3 fits/s
shard_000768: 256 fits in 27.0s  psnr_med=40.3dB  overall 9.4 fits/s
shard_001024: 256 fits in 26.9s  psnr_med=40.3dB  overall 9.4 fits/s
shard_001280: 256 fits in 26.9s  psnr_med=40.0dB  overall 9.4 fits/s
shard_001536: 256 fits in 26.9s  psnr_med=40.2dB  overall 9.4 fits/s
shard_001792: 256 fits in 27.0s  psnr_med=40.5dB  overall 9.4 fits/s
shard_002048: 256 fits in 27.0s  psnr_med=40.4dB  overall 9.4 fits/s
shard_002304: 256 fits in 27.1s  psnr_med=40.4dB  overall 9.4 fits/s
shard_002560: 256 fits in 27.2s  psnr_med=40.4dB  overall 9.4 fits/s
shard_002816: 256 fits in 27.2s  psnr_med=40.6dB  overall 9.4 fits/s
shard_003072: 256 fits in 27.3s  psnr_med=40.0dB  overall 9.4 fits/s
shard_003328: 256 fits in 27.6s  psnr_med=40.1dB  overall 9.4 fits/s
shard_003584: 256 fits in 27.0s  psnr_med=40.0dB  overall 9.4 fits/s
shard_003840: 256 fits in 27.1s  psnr_med=40.2dB  overall 9.4 fits/s
shard_004096: 256 fits in 27.1s  psnr_med=41.0dB  overall 9.4 fits/s
shard_004352: 256 fits in 27.0s  psnr_med=40.5dB  overall 9.4 fits/s
shard_004608: 256 fits in 27.1s  psnr_med=40.5dB  overall 9.4 fits/s
shard_004864: 256 fits in 26.9s  psnr_med=40.3dB  overall 9.4 fits/s
shard_005120: 256 fits in 27.1s  psnr_med=39.9dB  overall 9.4 fits/s
shard_005376: 256 fits in 27.4s  psnr_med=40.3dB  overall 9.4 fits/s
shard_005632: 256 fits in 27.5s  psnr_med=40.5dB  overall 9.4 fits/s
shard_005888: 256 fits in 27.2s  psnr_med=40.2dB  overall 9.4 fits/s
shard_006144: 256 fits in 27.1s  psnr_med=40.1dB  overall 9.4 fits/s
shard_006400: 256 fits in 27.1s  psnr_med=40.1dB  overall 9.4 fits/s
shard_006656: 256 fits in 27.0s  psnr_med=39.9dB  overall 9.4 fits/s
shard_006912: 256 fits in 27.4s  psnr_med=40.4dB  overall 9.4 fits/s
shard_007168: 256 fits in 27.2s  psnr_med=40.3dB  overall 9.4 fits/s
shard_007424: 256 fits in 27.3s  psnr_med=40.6dB  overall 9.4 fits/s
shard_007680: 256 fits in 27.3s  psnr_med=40.3dB  overall 9.4 fits/s
shard_007936: 256 fits in 27.1s  psnr_med=40.4dB  overall 9.4 fits/s
shard_008192: 256 fits in 27.2s  psnr_med=40.5dB  overall 9.4 fits/s
shard_008448: 256 fits in 27.1s  psnr_med=40.4dB  overall 9.4 fits/s
shard_008704: 256 fits in 27.1s  psnr_med=40.2dB  overall 9.4 fits/s
shard_008960: 256 fits in 27.3s  psnr_med=40.2dB  overall 9.4 fits/s
shard_009216: 256 fits in 27.3s  psnr_med=40.7dB  overall 9.4 fits/s
shard_009472: 256 fits in 27.1s  psnr_med=40.5dB  overall 9.4 fits/s
shard_009728: 256 fits in 27.0s  psnr_med=40.3dB  overall 9.4 fits/s
shard_009984: 256 fits in 27.1s  psnr_med=40.6dB  overall 9.4 fits/s
shard_010240: 256 fits in 27.0s  psnr_med=40.3dB  overall 9.4 fits/s
shard_010496: 256 fits in 27.0s  psnr_med=40.1dB  overall 9.4 fits/s
shard_010752: 256 fits in 27.0s  psnr_med=40.2dB  overall 9.4 fits/s
shard_011008: 256 fits in 27.2s  psnr_med=40.4dB  overall 9.4 fits/s
shard_011264: 256 fits in 27.4s  psnr_med=40.2dB  overall 9.4 fits/s
shard_011520: 256 fits in 27.1s  psnr_med=39.8dB  overall 9.4 fits/s
shard_011776: 256 fits in 27.0s  psnr_med=40.3dB  overall 9.4 fits/s
shard_012032: 256 fits in 26.9s  psnr_med=40.6dB  overall 9.4 fits/s
shard_012288: 256 fits in 26.9s  psnr_med=40.4dB  overall 9.4 fits/s
shard_012544: 256 fits in 26.9s  psnr_med=40.0dB  overall 9.4 fits/s
shard_012800: 256 fits in 26.9s  psnr_med=39.9dB  overall 9.4 fits/s
shard_013056: 256 fits in 26.9s  psnr_med=40.5dB  overall 9.4 fits/s
shard_013312: 256 fits in 26.9s  psnr_med=40.1dB  overall 9.4 fits/s
shard_013568: 256 fits in 26.9s  psnr_med=40.5dB  overall 9.4 fits/s
shard_013824: 256 fits in 27.1s  psnr_med=40.3dB  overall 9.4 fits/s
shard_014080: 256 fits in 27.1s  psnr_med=39.9dB  overall 9.4 fits/s
shard_014336: 256 fits in 27.2s  psnr_med=40.0dB  overall 9.4 fits/s
shard_014592: 256 fits in 27.2s  psnr_med=40.1dB  overall 9.4 fits/s
shard_014848: 256 fits in 27.2s  psnr_med=40.0dB  overall 9.4 fits/s
shard_015104: 256 fits in 27.2s  psnr_med=40.0dB  overall 9.4 fits/s
shard_015360: 256 fits in 27.1s  psnr_med=40.4dB  overall 9.4 fits/s
shard_015616: 256 fits in 26.9s  psnr_med=40.2dB  overall 9.4 fits/s
shard_015872: 256 fits in 26.9s  psnr_med=40.5dB  overall 9.4 fits/s
shard_016128: 256 fits in 26.8s  psnr_med=40.2dB  overall 9.4 fits/s
shard_016384: 256 fits in 26.9s  psnr_med=40.7dB  overall 9.4 fits/s
shard_016640: 256 fits in 27.1s  psnr_med=40.4dB  overall 9.4 fits/s
shard_016896: 256 fits in 27.6s  psnr_med=40.0dB  overall 9.4 fits/s
shard_017152: 256 fits in 27.2s  psnr_med=40.6dB  overall 9.4 fits/s
shard_017408: 256 fits in 27.2s  psnr_med=40.1dB  overall 9.4 fits/s
shard_017664: 256 fits in 27.0s  psnr_med=40.4dB  overall 9.4 fits/s
shard_017920: 256 fits in 26.9s  psnr_med=39.9dB  overall 9.4 fits/s
shard_018176: 256 fits in 26.9s  psnr_med=40.2dB  overall 9.4 fits/s
shard_018432: 256 fits in 27.0s  psnr_med=40.0dB  overall 9.4 fits/s
shard_018688: 256 fits in 27.1s  psnr_med=40.3dB  overall 9.4 fits/s
shard_018944: 256 fits in 27.2s  psnr_med=40.3dB  overall 9.4 fits/s
shard_019200: 256 fits in 27.0s  psnr_med=39.8dB  overall 9.4 fits/s
shard_019456: 256 fits in 27.3s  psnr_med=39.8dB  overall 9.4 fits/s
shard_019712: 256 fits in 27.8s  psnr_med=40.4dB  overall 9.4 fits/s
shard_019968: 256 fits in 27.8s  psnr_med=40.2dB  overall 9.4 fits/s
shard_020224: 256 fits in 28.1s  psnr_med=40.4dB  overall 9.4 fits/s
shard_020480: 256 fits in 27.3s  psnr_med=40.2dB  overall 9.4 fits/s
shard_020736: 256 fits in 27.2s  psnr_med=40.0dB  overall 9.4 fits/s
shard_020992: 256 fits in 27.3s  psnr_med=40.5dB  overall 9.4 fits/s
shard_021248: 256 fits in 27.3s  psnr_med=40.5dB  overall 9.4 fits/s
shard_021504: 256 fits in 27.1s  psnr_med=40.2dB  overall 9.4 fits/s
shard_021760: 256 fits in 27.1s  psnr_med=40.4dB  overall 9.4 fits/s
shard_022016: 256 fits in 27.3s  psnr_med=40.0dB  overall 9.4 fits/s
shard_022272: 256 fits in 27.4s  psnr_med=40.0dB  overall 9.4 fits/s
shard_022528: 256 fits in 27.9s  psnr_med=40.1dB  overall 9.4 fits/s
shard_022784: 256 fits in 27.6s  psnr_med=40.5dB  overall 9.4 fits/s
shard_023040: 256 fits in 27.4s  psnr_med=40.0dB  overall 9.4 fits/s
shard_023296: 256 fits in 27.3s  psnr_med=40.3dB  overall 9.4 fits/s
shard_023552: 256 fits in 27.1s  psnr_med=39.9dB  overall 9.4 fits/s
shard_023808: 256 fits in 27.1s  psnr_med=40.0dB  overall 9.4 fits/s
shard_024064: 256 fits in 27.0s  psnr_med=40.2dB  overall 9.4 fits/s
shard_024320: 256 fits in 27.0s  psnr_med=40.3dB  overall 9.4 fits/s
shard_024576: 256 fits in 27.1s  psnr_med=40.3dB  overall 9.4 fits/s
shard_024832: 256 fits in 27.1s  psnr_med=40.5dB  overall 9.4 fits/s
shard_025088: 256 fits in 27.3s  psnr_med=40.2dB  overall 9.4 fits/s
shard_025344: 256 fits in 27.4s  psnr_med=40.1dB  overall 9.4 fits/s
shard_025600: 256 fits in 27.4s  psnr_med=40.2dB  overall 9.4 fits/s
shard_025856: 256 fits in 27.6s  psnr_med=40.6dB  overall 9.4 fits/s
shard_026112: 256 fits in 27.5s  psnr_med=40.5dB  overall 9.4 fits/s
shard_026368: 256 fits in 27.6s  psnr_med=39.9dB  overall 9.4 fits/s
shard_026624: 256 fits in 27.5s  psnr_med=40.2dB  overall 9.4 fits/s
shard_026880: 256 fits in 27.4s  psnr_med=40.5dB  overall 9.4 fits/s
shard_027136: 256 fits in 27.4s  psnr_med=40.0dB  overall 9.4 fits/s
shard_027392: 256 fits in 27.3s  psnr_med=40.2dB  overall 9.4 fits/s
shard_027648: 256 fits in 27.2s  psnr_med=40.8dB  overall 9.4 fits/s
shard_027904: 256 fits in 27.5s  psnr_med=40.0dB  overall 9.4 fits/s
shard_028160: 256 fits in 27.8s  psnr_med=40.3dB  overall 9.4 fits/s
shard_028416: 256 fits in 27.5s  psnr_med=39.7dB  overall 9.4 fits/s
shard_028672: 256 fits in 27.7s  psnr_med=40.5dB  overall 9.4 fits/s
shard_028928: 256 fits in 27.8s  psnr_med=40.3dB  overall 9.4 fits/s
shard_029184: 256 fits in 27.5s  psnr_med=40.1dB  overall 9.4 fits/s
shard_029440: 256 fits in 27.3s  psnr_med=40.4dB  overall 9.4 fits/s
shard_029696: 256 fits in 27.2s  psnr_med=40.4dB  overall 9.4 fits/s
shard_029952: 256 fits in 27.2s  psnr_med=39.7dB  overall 9.4 fits/s
shard_030208: 256 fits in 27.1s  psnr_med=40.4dB  overall 9.4 fits/s
shard_030464: 256 fits in 27.1s  psnr_med=39.8dB  overall 9.4 fits/s
shard_030720: 256 fits in 27.2s  psnr_med=40.0dB  overall 9.4 fits/s
shard_030976: 256 fits in 27.4s  psnr_med=40.3dB  overall 9.4 fits/s
shard_031232: 256 fits in 27.5s  psnr_med=40.1dB  overall 9.4 fits/s
shard_031488: 256 fits in 27.7s  psnr_med=40.2dB  overall 9.4 fits/s
shard_031744: 256 fits in 27.3s  psnr_med=40.0dB  overall 9.4 fits/s
shard_032000: 256 fits in 27.0s  psnr_med=40.2dB  overall 9.4 fits/s
shard_032256: 256 fits in 27.0s  psnr_med=40.3dB  overall 9.4 fits/s
shard_032512: 256 fits in 26.9s  psnr_med=40.6dB  overall 9.4 fits/s
shard_032768: 256 fits in 27.2s  psnr_med=40.4dB  overall 9.4 fits/s
shard_033024: 256 fits in 27.0s  psnr_med=40.1dB  overall 9.4 fits/s
shard_033280: 256 fits in 27.0s  psnr_med=40.4dB  overall 9.4 fits/s
shard_033536: 256 fits in 27.3s  psnr_med=40.1dB  overall 9.4 fits/s
shard_033792: 256 fits in 27.6s  psnr_med=40.5dB  overall 9.4 fits/s
shard_034048: 256 fits in 27.4s  psnr_med=40.3dB  overall 9.4 fits/s
shard_034304: 256 fits in 27.6s  psnr_med=40.0dB  overall 9.4 fits/s
shard_034560: 256 fits in 27.8s  psnr_med=40.1dB  overall 9.4 fits/s
shard_034816: 256 fits in 27.5s  psnr_med=40.0dB  overall 9.4 fits/s
shard_035072: 256 fits in 27.3s  psnr_med=40.3dB  overall 9.4 fits/s
shard_035328: 256 fits in 27.2s  psnr_med=40.3dB  overall 9.4 fits/s
shard_035584: 256 fits in 27.1s  psnr_med=40.3dB  overall 9.4 fits/s
shard_035840: 256 fits in 27.1s  psnr_med=40.2dB  overall 9.4 fits/s
shard_036096: 256 fits in 27.3s  psnr_med=40.4dB  overall 9.4 fits/s
shard_036352: 256 fits in 27.7s  psnr_med=40.0dB  overall 9.4 fits/s
shard_036608: 256 fits in 27.7s  psnr_med=40.0dB  overall 9.4 fits/s
shard_036864: 256 fits in 27.7s  psnr_med=40.2dB  overall 9.4 fits/s
shard_037120: 256 fits in 28.2s  psnr_med=40.3dB  overall 9.4 fits/s
shard_037376: 256 fits in 27.9s  psnr_med=40.6dB  overall 9.4 fits/s
shard_037632: 256 fits in 27.5s  psnr_med=40.2dB  overall 9.4 fits/s
shard_037888: 256 fits in 27.4s  psnr_med=40.0dB  overall 9.4 fits/s
shard_038144: 256 fits in 27.5s  psnr_med=40.2dB  overall 9.4 fits/s
shard_038400: 256 fits in 27.5s  psnr_med=40.3dB  overall 9.4 fits/s
shard_038656: 256 fits in 27.5s  psnr_med=40.3dB  overall 9.4 fits/s
shard_038912: 256 fits in 27.6s  psnr_med=39.9dB  overall 9.4 fits/s
shard_039168: 256 fits in 27.6s  psnr_med=40.6dB  overall 9.4 fits/s
shard_039424: 256 fits in 28.4s  psnr_med=40.2dB  overall 9.4 fits/s
shard_039680: 256 fits in 26.5s  psnr_med=40.3dB  overall 9.4 fits/s
shard_039936: 256 fits in 25.5s  psnr_med=39.7dB  overall 9.4 fits/s
shard_040192: 256 fits in 25.2s  psnr_med=40.3dB  overall 9.4 fits/s
shard_040448: 256 fits in 25.1s  psnr_med=40.3dB  overall 9.4 fits/s
shard_040704: 256 fits in 24.9s  psnr_med=40.2dB  overall 9.4 fits/s
shard_040960: 256 fits in 24.9s  psnr_med=40.1dB  overall 9.4 fits/s
shard_041216: 256 fits in 24.9s  psnr_med=40.3dB  overall 9.4 fits/s
shard_041472: 256 fits in 24.9s  psnr_med=40.3dB  overall 9.4 fits/s
shard_041728: 256 fits in 24.8s  psnr_med=40.6dB  overall 9.4 fits/s
shard_041984: 256 fits in 24.8s  psnr_med=40.5dB  overall 9.4 fits/s
shard_042240: 256 fits in 24.8s  psnr_med=40.4dB  overall 9.4 fits/s
shard_042496: 256 fits in 24.9s  psnr_med=40.4dB  overall 9.4 fits/s
shard_042752: 256 fits in 25.0s  psnr_med=40.4dB  overall 9.4 fits/s
shard_043008: 256 fits in 24.8s  psnr_med=40.2dB  overall 9.4 fits/s
shard_043264: 256 fits in 24.6s  psnr_med=40.5dB  overall 9.5 fits/s
shard_043520: 256 fits in 24.6s  psnr_med=40.4dB  overall 9.5 fits/s
shard_043776: 256 fits in 24.6s  psnr_med=40.0dB  overall 9.5 fits/s
shard_044032: 256 fits in 24.7s  psnr_med=40.7dB  overall 9.5 fits/s
shard_044288: 256 fits in 24.6s  psnr_med=40.4dB  overall 9.5 fits/s
shard_044544: 256 fits in 24.6s  psnr_med=40.0dB  overall 9.5 fits/s
shard_044800: 256 fits in 24.6s  psnr_med=40.4dB  overall 9.5 fits/s
shard_045056: 256 fits in 24.6s  psnr_med=40.2dB  overall 9.5 fits/s
shard_045312: 256 fits in 24.7s  psnr_med=40.3dB  overall 9.5 fits/s
shard_045568: 256 fits in 24.8s  psnr_med=40.3dB  overall 9.5 fits/s
shard_045824: 256 fits in 24.8s  psnr_med=40.2dB  overall 9.5 fits/s
shard_046080: 256 fits in 24.5s  psnr_med=39.7dB  overall 9.5 fits/s
shard_046336: 256 fits in 24.7s  psnr_med=40.8dB  overall 9.5 fits/s
shard_046592: 256 fits in 24.7s  psnr_med=40.6dB  overall 9.5 fits/s
shard_046848: 256 fits in 24.6s  psnr_med=40.1dB  overall 9.5 fits/s
shard_047104: 256 fits in 24.6s  psnr_med=40.3dB  overall 9.5 fits/s
shard_047360: 256 fits in 24.5s  psnr_med=40.6dB  overall 9.5 fits/s
shard_047616: 256 fits in 24.4s  psnr_med=40.2dB  overall 9.5 fits/s
shard_047872: 256 fits in 24.4s  psnr_med=40.7dB  overall 9.5 fits/s
shard_048128: 256 fits in 24.4s  psnr_med=40.3dB  overall 9.5 fits/s
shard_048384: 256 fits in 24.5s  psnr_med=39.9dB  overall 9.5 fits/s
shard_048640: 256 fits in 24.6s  psnr_med=40.5dB  overall 9.6 fits/s
shard_048896: 256 fits in 24.6s  psnr_med=40.1dB  overall 9.6 fits/s
shard_049152: 256 fits in 24.7s  psnr_med=40.5dB  overall 9.6 fits/s
shard_049408: 256 fits in 24.7s  psnr_med=40.0dB  overall 9.6 fits/s
shard_049664: 256 fits in 24.6s  psnr_med=40.3dB  overall 9.6 fits/s
shard_049920: 256 fits in 24.5s  psnr_med=40.1dB  overall 9.6 fits/s
shard_050176: 256 fits in 24.6s  psnr_med=40.2dB  overall 9.6 fits/s
shard_050432: 256 fits in 24.4s  psnr_med=40.1dB  overall 9.6 fits/s
shard_050688: 256 fits in 24.4s  psnr_med=40.4dB  overall 9.6 fits/s
shard_050944: 256 fits in 24.4s  psnr_med=40.3dB  overall 9.6 fits/s
shard_051200: 256 fits in 24.4s  psnr_med=40.3dB  overall 9.6 fits/s
shard_051456: 256 fits in 24.5s  psnr_med=40.4dB  overall 9.6 fits/s
shard_051712: 256 fits in 24.7s  psnr_med=40.5dB  overall 9.6 fits/s
shard_051968: 256 fits in 24.7s  psnr_med=40.4dB  overall 9.6 fits/s
shard_052224: 256 fits in 24.6s  psnr_med=40.3dB  overall 9.6 fits/s
shard_052480: 256 fits in 24.5s  psnr_med=40.4dB  overall 9.6 fits/s
shard_052736: 256 fits in 24.5s  psnr_med=40.1dB  overall 9.6 fits/s
shard_052992: 256 fits in 24.4s  psnr_med=40.0dB  overall 9.6 fits/s
shard_053248: 256 fits in 24.5s  psnr_med=40.5dB  overall 9.6 fits/s
shard_053504: 256 fits in 24.5s  psnr_med=40.3dB  overall 9.6 fits/s
shard_053760: 256 fits in 24.4s  psnr_med=40.3dB  overall 9.6 fits/s
shard_054016: 256 fits in 24.5s  psnr_med=40.2dB  overall 9.6 fits/s
shard_054272: 256 fits in 24.4s  psnr_med=39.8dB  overall 9.6 fits/s
shard_054528: 256 fits in 24.6s  psnr_med=39.9dB  overall 9.6 fits/s
shard_054784: 256 fits in 24.7s  psnr_med=40.4dB  overall 9.6 fits/s
shard_055040: 256 fits in 24.8s  psnr_med=40.4dB  overall 9.6 fits/s
shard_055296: 256 fits in 24.9s  psnr_med=40.7dB  overall 9.6 fits/s
shard_055552: 256 fits in 24.8s  psnr_med=40.4dB  overall 9.6 fits/s
shard_055808: 256 fits in 24.6s  psnr_med=40.1dB  overall 9.7 fits/s
shard_056064: 256 fits in 24.7s  psnr_med=40.4dB  overall 9.7 fits/s
shard_056320: 256 fits in 24.6s  psnr_med=40.5dB  overall 9.7 fits/s
shard_056576: 256 fits in 24.6s  psnr_med=39.9dB  overall 9.7 fits/s
shard_056832: 256 fits in 24.5s  psnr_med=40.3dB  overall 9.7 fits/s
shard_057088: 256 fits in 24.6s  psnr_med=40.7dB  overall 9.7 fits/s
shard_057344: 256 fits in 24.5s  psnr_med=39.6dB  overall 9.7 fits/s
shard_057600: 256 fits in 24.6s  psnr_med=40.1dB  overall 9.7 fits/s
shard_057856: 256 fits in 24.8s  psnr_med=40.0dB  overall 9.7 fits/s
shard_058112: 256 fits in 24.7s  psnr_med=40.4dB  overall 9.7 fits/s
shard_058368: 256 fits in 24.8s  psnr_med=39.7dB  overall 9.7 fits/s
shard_058624: 256 fits in 24.7s  psnr_med=40.7dB  overall 9.7 fits/s
shard_058880: 256 fits in 24.6s  psnr_med=40.1dB  overall 9.7 fits/s
shard_059136: 256 fits in 24.5s  psnr_med=40.1dB  overall 9.7 fits/s
shard_059392: 256 fits in 24.5s  psnr_med=40.3dB  overall 9.7 fits/s
shard_059648: 256 fits in 24.5s  psnr_med=40.3dB  overall 9.7 fits/s
shard_059904: 96 fits in 9.2s  psnr_med=39.8dB  overall 9.7 fits/s
{
  "n_inrs": 60000,
  "psnr_median": 40.26762771606445,
  "psnr_q05": 35.48614902496338,
  "corr_psnr_label": -0.12916986980688477,
  "wallclock_total_s": 6186.884519815445
}
CIFAR P-random DONE Tue Jul 28 18:00:18 +03 2026
shard_000000: 256 fits in 9.0s  psnr_med=34.6dB  overall 28.3 fits/s
shard_000256: 256 fits in 8.8s  psnr_med=34.6dB  overall 28.7 fits/s
shard_000512: 256 fits in 9.0s  psnr_med=35.0dB  overall 28.6 fits/s
shard_000768: 256 fits in 9.2s  psnr_med=34.8dB  overall 28.4 fits/s
shard_001024: 256 fits in 8.2s  psnr_med=35.0dB  overall 28.9 fits/s
shard_001280: 256 fits in 5.6s  psnr_med=34.8dB  overall 30.8 fits/s
shard_001536: 256 fits in 7.1s  psnr_med=34.9dB  overall 31.4 fits/s
shard_001792: 256 fits in 9.4s  psnr_med=35.3dB  overall 30.8 fits/s
shard_002048: 256 fits in 8.4s  psnr_med=34.9dB  overall 30.8 fits/s
shard_002304: 256 fits in 8.0s  psnr_med=34.9dB  overall 30.9 fits/s
shard_002560: 256 fits in 7.3s  psnr_med=35.1dB  overall 31.2 fits/s
shard_002816: 256 fits in 9.5s  psnr_med=35.1dB  overall 30.8 fits/s
shard_003072: 256 fits in 8.8s  psnr_med=34.9dB  overall 30.7 fits/s
shard_003328: 256 fits in 9.2s  psnr_med=34.9dB  overall 30.4 fits/s
shard_003584: 256 fits in 8.9s  psnr_med=34.6dB  overall 30.3 fits/s
shard_003840: 256 fits in 7.4s  psnr_med=34.8dB  overall 30.6 fits/s
shard_004096: 256 fits in 8.8s  psnr_med=35.5dB  overall 30.5 fits/s
shard_004352: 256 fits in 9.0s  psnr_med=35.0dB  overall 30.4 fits/s
shard_004608: 256 fits in 9.1s  psnr_med=35.1dB  overall 30.2 fits/s
shard_004864: 256 fits in 9.5s  psnr_med=34.7dB  overall 30.0 fits/s
shard_005120: 256 fits in 7.5s  psnr_med=34.7dB  overall 30.2 fits/s
shard_005376: 256 fits in 8.0s  psnr_med=34.9dB  overall 30.3 fits/s
shard_005632: 256 fits in 9.1s  psnr_med=35.3dB  overall 30.2 fits/s
shard_005888: 256 fits in 9.2s  psnr_med=34.9dB  overall 30.1 fits/s
shard_006144: 256 fits in 9.2s  psnr_med=35.0dB  overall 30.0 fits/s
shard_006400: 256 fits in 7.7s  psnr_med=35.0dB  overall 30.1 fits/s
shard_006656: 256 fits in 8.9s  psnr_med=34.8dB  overall 30.0 fits/s
shard_006912: 256 fits in 8.4s  psnr_med=35.2dB  overall 30.1 fits/s
shard_007168: 256 fits in 9.1s  psnr_med=34.7dB  overall 30.0 fits/s
shard_007424: 256 fits in 6.2s  psnr_med=35.1dB  overall 30.3 fits/s
shard_007680: 256 fits in 7.6s  psnr_med=34.9dB  overall 30.4 fits/s
shard_007936: 256 fits in 6.9s  psnr_med=34.9dB  overall 30.5 fits/s
shard_008192: 256 fits in 8.9s  psnr_med=35.1dB  overall 30.5 fits/s
shard_008448: 256 fits in 8.9s  psnr_med=34.9dB  overall 30.4 fits/s
shard_008704: 256 fits in 9.1s  psnr_med=34.7dB  overall 30.3 fits/s
shard_008960: 256 fits in 9.2s  psnr_med=35.1dB  overall 30.3 fits/s
shard_009216: 256 fits in 8.2s  psnr_med=35.1dB  overall 30.3 fits/s
shard_009472: 256 fits in 8.2s  psnr_med=35.3dB  overall 30.3 fits/s
shard_009728: 256 fits in 9.3s  psnr_med=34.9dB  overall 30.2 fits/s
shard_009984: 256 fits in 9.1s  psnr_med=35.1dB  overall 30.2 fits/s
shard_010240: 256 fits in 9.0s  psnr_med=35.1dB  overall 30.1 fits/s
shard_010496: 256 fits in 9.5s  psnr_med=35.1dB  overall 30.0 fits/s
shard_010752: 256 fits in 9.3s  psnr_med=34.9dB  overall 30.0 fits/s
shard_011008: 256 fits in 9.1s  psnr_med=35.2dB  overall 29.9 fits/s
shard_011264: 256 fits in 8.9s  psnr_med=34.9dB  overall 29.9 fits/s
shard_011520: 256 fits in 9.2s  psnr_med=34.6dB  overall 29.8 fits/s
shard_011776: 256 fits in 9.5s  psnr_med=35.1dB  overall 29.8 fits/s
shard_012032: 256 fits in 9.3s  psnr_med=35.1dB  overall 29.7 fits/s
shard_012288: 256 fits in 9.1s  psnr_med=35.1dB  overall 29.7 fits/s
shard_012544: 256 fits in 9.1s  psnr_med=34.8dB  overall 29.7 fits/s
shard_012800: 256 fits in 9.2s  psnr_med=34.6dB  overall 29.6 fits/s
shard_013056: 256 fits in 9.0s  psnr_med=35.0dB  overall 29.6 fits/s
shard_013312: 256 fits in 9.0s  psnr_med=34.9dB  overall 29.6 fits/s
shard_013568: 256 fits in 9.2s  psnr_med=35.0dB  overall 29.5 fits/s
shard_013824: 256 fits in 9.3s  psnr_med=34.8dB  overall 29.5 fits/s
shard_014080: 256 fits in 9.4s  psnr_med=34.8dB  overall 29.5 fits/s
shard_014336: 256 fits in 9.1s  psnr_med=34.7dB  overall 29.4 fits/s
shard_014592: 256 fits in 8.6s  psnr_med=35.0dB  overall 29.4 fits/s
shard_014848: 256 fits in 9.1s  psnr_med=34.6dB  overall 29.4 fits/s
shard_015104: 256 fits in 9.1s  psnr_med=34.9dB  overall 29.4 fits/s
shard_015360: 256 fits in 9.3s  psnr_med=35.1dB  overall 29.4 fits/s
shard_015616: 256 fits in 9.0s  psnr_med=34.8dB  overall 29.3 fits/s
shard_015872: 256 fits in 9.1s  psnr_med=35.0dB  overall 29.3 fits/s
shard_016128: 256 fits in 9.2s  psnr_med=34.8dB  overall 29.3 fits/s
shard_016384: 256 fits in 9.2s  psnr_med=35.2dB  overall 29.3 fits/s
shard_016640: 256 fits in 8.8s  psnr_med=34.9dB  overall 29.3 fits/s
shard_016896: 256 fits in 7.7s  psnr_med=34.9dB  overall 29.3 fits/s
shard_017152: 256 fits in 9.3s  psnr_med=35.1dB  overall 29.3 fits/s
shard_017408: 256 fits in 8.5s  psnr_med=34.8dB  overall 29.3 fits/s
shard_017664: 256 fits in 9.7s  psnr_med=34.9dB  overall 29.2 fits/s
shard_017920: 256 fits in 8.6s  psnr_med=34.8dB  overall 29.3 fits/s
shard_018176: 256 fits in 9.2s  psnr_med=34.8dB  overall 29.2 fits/s
shard_018432: 256 fits in 6.5s  psnr_med=34.8dB  overall 29.3 fits/s
shard_018688: 256 fits in 8.6s  psnr_med=35.0dB  overall 29.3 fits/s
shard_018944: 256 fits in 9.0s  psnr_med=34.7dB  overall 29.3 fits/s
shard_019200: 256 fits in 8.5s  psnr_med=34.5dB  overall 29.3 fits/s
shard_019456: 256 fits in 9.1s  psnr_med=34.6dB  overall 29.3 fits/s
shard_019712: 256 fits in 9.2s  psnr_med=34.9dB  overall 29.3 fits/s
shard_019968: 256 fits in 9.3s  psnr_med=34.9dB  overall 29.3 fits/s
shard_020224: 256 fits in 8.9s  psnr_med=35.1dB  overall 29.3 fits/s
shard_020480: 256 fits in 6.9s  psnr_med=34.9dB  overall 29.3 fits/s
shard_020736: 256 fits in 6.9s  psnr_med=34.8dB  overall 29.4 fits/s
shard_020992: 256 fits in 7.9s  psnr_med=35.0dB  overall 29.5 fits/s
shard_021248: 256 fits in 9.0s  psnr_med=35.0dB  overall 29.4 fits/s
shard_021504: 256 fits in 8.9s  psnr_med=34.9dB  overall 29.4 fits/s
shard_021760: 256 fits in 9.0s  psnr_med=35.0dB  overall 29.4 fits/s
shard_022016: 256 fits in 7.6s  psnr_med=34.7dB  overall 29.5 fits/s
shard_022272: 256 fits in 9.0s  psnr_med=34.7dB  overall 29.5 fits/s
shard_022528: 256 fits in 9.2s  psnr_med=35.1dB  overall 29.4 fits/s
shard_022784: 256 fits in 9.1s  psnr_med=35.2dB  overall 29.4 fits/s
shard_023040: 256 fits in 8.7s  psnr_med=34.8dB  overall 29.4 fits/s
shard_023296: 256 fits in 8.9s  psnr_med=34.9dB  overall 29.4 fits/s
shard_023552: 256 fits in 9.0s  psnr_med=34.7dB  overall 29.4 fits/s
shard_023808: 256 fits in 9.4s  psnr_med=34.8dB  overall 29.4 fits/s
shard_024064: 256 fits in 9.3s  psnr_med=34.7dB  overall 29.4 fits/s
shard_024320: 256 fits in 8.9s  psnr_med=34.9dB  overall 29.3 fits/s
shard_024576: 256 fits in 8.8s  psnr_med=35.1dB  overall 29.3 fits/s
shard_024832: 256 fits in 9.4s  psnr_med=35.0dB  overall 29.3 fits/s
shard_025088: 256 fits in 7.8s  psnr_med=35.0dB  overall 29.4 fits/s
shard_025344: 256 fits in 8.4s  psnr_med=34.8dB  overall 29.4 fits/s
shard_025600: 256 fits in 9.3s  psnr_med=34.8dB  overall 29.3 fits/s
shard_025856: 256 fits in 8.8s  psnr_med=34.9dB  overall 29.3 fits/s
shard_026112: 256 fits in 7.9s  psnr_med=35.2dB  overall 29.4 fits/s
shard_026368: 256 fits in 7.9s  psnr_med=34.8dB  overall 29.4 fits/s
shard_026624: 256 fits in 8.9s  psnr_med=34.8dB  overall 29.4 fits/s
shard_026880: 256 fits in 8.7s  psnr_med=35.3dB  overall 29.4 fits/s
shard_027136: 256 fits in 9.1s  psnr_med=35.0dB  overall 29.4 fits/s
shard_027392: 256 fits in 8.8s  psnr_med=34.9dB  overall 29.4 fits/s
shard_027648: 256 fits in 9.1s  psnr_med=34.9dB  overall 29.4 fits/s
shard_027904: 256 fits in 9.1s  psnr_med=34.6dB  overall 29.3 fits/s
shard_028160: 256 fits in 9.2s  psnr_med=34.8dB  overall 29.3 fits/s
shard_028416: 256 fits in 5.6s  psnr_med=34.7dB  overall 29.4 fits/s
shard_028672: 256 fits in 9.1s  psnr_med=35.0dB  overall 29.4 fits/s
shard_028928: 256 fits in 8.9s  psnr_med=34.7dB  overall 29.4 fits/s
shard_029184: 256 fits in 8.8s  psnr_med=34.7dB  overall 29.4 fits/s
shard_029440: 256 fits in 9.0s  psnr_med=35.1dB  overall 29.4 fits/s
shard_029696: 256 fits in 9.3s  psnr_med=35.2dB  overall 29.4 fits/s
shard_029952: 256 fits in 9.0s  psnr_med=34.6dB  overall 29.4 fits/s
shard_030208: 256 fits in 9.0s  psnr_med=35.1dB  overall 29.4 fits/s
shard_030464: 256 fits in 9.3s  psnr_med=34.6dB  overall 29.4 fits/s
shard_030720: 256 fits in 6.3s  psnr_med=34.8dB  overall 29.4 fits/s
shard_030976: 256 fits in 6.5s  psnr_med=35.0dB  overall 29.5 fits/s
shard_031232: 256 fits in 8.9s  psnr_med=34.6dB  overall 29.5 fits/s
shard_031488: 256 fits in 9.0s  psnr_med=35.3dB  overall 29.5 fits/s
shard_031744: 256 fits in 7.5s  psnr_med=34.9dB  overall 29.5 fits/s
shard_032000: 256 fits in 9.3s  psnr_med=35.0dB  overall 29.5 fits/s
shard_032256: 256 fits in 8.8s  psnr_med=35.0dB  overall 29.5 fits/s
shard_032512: 256 fits in 8.7s  psnr_med=35.1dB  overall 29.5 fits/s
shard_032768: 256 fits in 9.2s  psnr_med=34.8dB  overall 29.5 fits/s
shard_033024: 256 fits in 9.1s  psnr_med=34.9dB  overall 29.5 fits/s
shard_033280: 256 fits in 9.3s  psnr_med=35.2dB  overall 29.4 fits/s
shard_033536: 256 fits in 9.2s  psnr_med=34.9dB  overall 29.4 fits/s
shard_033792: 256 fits in 9.0s  psnr_med=35.0dB  overall 29.4 fits/s
shard_034048: 256 fits in 7.6s  psnr_med=34.9dB  overall 29.4 fits/s
shard_034304: 256 fits in 8.7s  psnr_med=34.8dB  overall 29.4 fits/s
shard_034560: 256 fits in 9.3s  psnr_med=35.2dB  overall 29.4 fits/s
shard_034816: 256 fits in 9.5s  psnr_med=34.7dB  overall 29.4 fits/s
shard_035072: 256 fits in 7.3s  psnr_med=34.9dB  overall 29.4 fits/s
shard_035328: 256 fits in 9.1s  psnr_med=35.1dB  overall 29.4 fits/s
shard_035584: 256 fits in 9.7s  psnr_med=34.9dB  overall 29.4 fits/s
shard_035840: 256 fits in 9.1s  psnr_med=34.9dB  overall 29.4 fits/s
shard_036096: 256 fits in 8.5s  psnr_med=35.0dB  overall 29.4 fits/s
shard_036352: 256 fits in 9.1s  psnr_med=34.9dB  overall 29.4 fits/s
shard_036608: 256 fits in 9.0s  psnr_med=34.9dB  overall 29.4 fits/s
shard_036864: 256 fits in 9.0s  psnr_med=34.7dB  overall 29.4 fits/s
shard_037120: 256 fits in 5.5s  psnr_med=35.0dB  overall 29.5 fits/s
shard_037376: 256 fits in 8.8s  psnr_med=34.9dB  overall 29.5 fits/s
shard_037632: 256 fits in 9.6s  psnr_med=35.1dB  overall 29.4 fits/s
shard_037888: 256 fits in 9.0s  psnr_med=35.0dB  overall 29.4 fits/s
shard_038144: 256 fits in 8.8s  psnr_med=35.3dB  overall 29.4 fits/s
shard_038400: 256 fits in 9.3s  psnr_med=35.1dB  overall 29.4 fits/s
shard_038656: 256 fits in 9.1s  psnr_med=34.9dB  overall 29.4 fits/s
shard_038912: 256 fits in 9.0s  psnr_med=34.9dB  overall 29.4 fits/s
shard_039168: 256 fits in 7.7s  psnr_med=35.2dB  overall 29.4 fits/s
shard_039424: 256 fits in 9.4s  psnr_med=35.2dB  overall 29.4 fits/s
shard_039680: 256 fits in 8.0s  psnr_med=34.9dB  overall 29.4 fits/s
shard_039936: 256 fits in 6.7s  psnr_med=34.5dB  overall 29.5 fits/s
shard_040192: 256 fits in 5.4s  psnr_med=35.3dB  overall 29.5 fits/s
shard_040448: 256 fits in 6.5s  psnr_med=35.1dB  overall 29.6 fits/s
shard_040704: 256 fits in 7.4s  psnr_med=34.9dB  overall 29.6 fits/s
shard_040960: 256 fits in 9.1s  psnr_med=34.7dB  overall 29.6 fits/s
shard_041216: 256 fits in 8.9s  psnr_med=34.9dB  overall 29.6 fits/s
shard_041472: 256 fits in 9.6s  psnr_med=34.8dB  overall 29.6 fits/s
shard_041728: 256 fits in 9.0s  psnr_med=35.0dB  overall 29.6 fits/s
shard_041984: 256 fits in 9.4s  psnr_med=35.2dB  overall 29.5 fits/s
shard_042240: 256 fits in 7.8s  psnr_med=35.1dB  overall 29.6 fits/s
shard_042496: 256 fits in 9.2s  psnr_med=35.1dB  overall 29.5 fits/s
shard_042752: 256 fits in 7.2s  psnr_med=34.9dB  overall 29.6 fits/s
shard_043008: 256 fits in 9.1s  psnr_med=34.7dB  overall 29.6 fits/s
shard_043264: 256 fits in 9.1s  psnr_med=35.2dB  overall 29.6 fits/s
shard_043520: 256 fits in 9.2s  psnr_med=35.2dB  overall 29.5 fits/s
shard_043776: 256 fits in 8.9s  psnr_med=34.9dB  overall 29.5 fits/s
shard_044032: 256 fits in 9.2s  psnr_med=35.0dB  overall 29.5 fits/s
shard_044288: 256 fits in 8.3s  psnr_med=34.8dB  overall 29.5 fits/s
shard_044544: 256 fits in 9.2s  psnr_med=34.7dB  overall 29.5 fits/s
shard_044800: 256 fits in 9.0s  psnr_med=35.1dB  overall 29.5 fits/s
shard_045056: 256 fits in 8.3s  psnr_med=35.0dB  overall 29.5 fits/s
shard_045312: 256 fits in 9.2s  psnr_med=35.3dB  overall 29.5 fits/s
shard_045568: 256 fits in 9.2s  psnr_med=35.0dB  overall 29.5 fits/s
shard_045824: 256 fits in 8.4s  psnr_med=34.7dB  overall 29.5 fits/s
shard_046080: 256 fits in 8.9s  psnr_med=34.5dB  overall 29.5 fits/s
shard_046336: 256 fits in 9.0s  psnr_med=35.1dB  overall 29.5 fits/s
shard_046592: 256 fits in 9.4s  psnr_med=35.0dB  overall 29.5 fits/s
shard_046848: 256 fits in 9.3s  psnr_med=34.9dB  overall 29.5 fits/s
shard_047104: 256 fits in 9.3s  psnr_med=35.1dB  overall 29.5 fits/s
shard_047360: 256 fits in 5.6s  psnr_med=35.0dB  overall 29.5 fits/s
shard_047616: 256 fits in 9.8s  psnr_med=35.0dB  overall 29.5 fits/s
shard_047872: 256 fits in 9.0s  psnr_med=35.4dB  overall 29.5 fits/s
shard_048128: 256 fits in 9.3s  psnr_med=35.1dB  overall 29.5 fits/s
shard_048384: 256 fits in 9.5s  psnr_med=34.9dB  overall 29.5 fits/s
shard_048640: 256 fits in 9.2s  psnr_med=35.3dB  overall 29.5 fits/s
shard_048896: 256 fits in 9.2s  psnr_med=34.8dB  overall 29.5 fits/s
shard_049152: 256 fits in 9.0s  psnr_med=35.2dB  overall 29.4 fits/s
shard_049408: 256 fits in 9.1s  psnr_med=34.9dB  overall 29.4 fits/s
shard_049664: 256 fits in 8.9s  psnr_med=34.9dB  overall 29.4 fits/s
shard_049920: 256 fits in 9.4s  psnr_med=34.9dB  overall 29.4 fits/s
shard_050176: 256 fits in 9.1s  psnr_med=35.0dB  overall 29.4 fits/s
shard_050432: 256 fits in 9.3s  psnr_med=35.0dB  overall 29.4 fits/s
shard_050688: 256 fits in 9.2s  psnr_med=35.0dB  overall 29.4 fits/s
shard_050944: 256 fits in 7.9s  psnr_med=34.9dB  overall 29.4 fits/s
shard_051200: 256 fits in 9.3s  psnr_med=35.0dB  overall 29.4 fits/s
shard_051456: 256 fits in 8.9s  psnr_med=35.0dB  overall 29.4 fits/s
shard_051712: 256 fits in 9.0s  psnr_med=35.0dB  overall 29.4 fits/s
shard_051968: 256 fits in 9.4s  psnr_med=35.3dB  overall 29.4 fits/s
shard_052224: 256 fits in 9.1s  psnr_med=34.9dB  overall 29.4 fits/s
shard_052480: 256 fits in 9.4s  psnr_med=35.1dB  overall 29.4 fits/s
shard_052736: 256 fits in 9.1s  psnr_med=34.8dB  overall 29.4 fits/s
shard_052992: 256 fits in 5.9s  psnr_med=34.7dB  overall 29.4 fits/s
shard_053248: 256 fits in 9.0s  psnr_med=35.1dB  overall 29.4 fits/s
shard_053504: 256 fits in 8.9s  psnr_med=35.1dB  overall 29.4 fits/s
shard_053760: 256 fits in 8.7s  psnr_med=34.6dB  overall 29.4 fits/s
shard_054016: 256 fits in 7.2s  psnr_med=34.7dB  overall 29.4 fits/s
shard_054272: 256 fits in 7.1s  psnr_med=34.6dB  overall 29.4 fits/s
shard_054528: 256 fits in 8.7s  psnr_med=34.6dB  overall 29.4 fits/s
shard_054784: 256 fits in 8.1s  psnr_med=35.0dB  overall 29.5 fits/s
shard_055040: 256 fits in 9.1s  psnr_med=35.0dB  overall 29.4 fits/s
shard_055296: 256 fits in 9.2s  psnr_med=35.0dB  overall 29.4 fits/s
shard_055552: 256 fits in 9.0s  psnr_med=35.0dB  overall 29.4 fits/s
shard_055808: 256 fits in 9.1s  psnr_med=34.8dB  overall 29.4 fits/s
shard_056064: 256 fits in 9.1s  psnr_med=35.2dB  overall 29.4 fits/s
shard_056320: 256 fits in 7.5s  psnr_med=35.2dB  overall 29.4 fits/s
shard_056576: 256 fits in 9.2s  psnr_med=34.9dB  overall 29.4 fits/s
shard_056832: 256 fits in 9.2s  psnr_med=34.7dB  overall 29.4 fits/s
shard_057088: 256 fits in 9.5s  psnr_med=35.3dB  overall 29.4 fits/s
shard_057344: 256 fits in 9.4s  psnr_med=34.6dB  overall 29.4 fits/s
shard_057600: 256 fits in 9.0s  psnr_med=34.7dB  overall 29.4 fits/s
shard_057856: 256 fits in 9.1s  psnr_med=34.7dB  overall 29.4 fits/s
shard_058112: 256 fits in 9.0s  psnr_med=35.2dB  overall 29.4 fits/s
shard_058368: 256 fits in 9.2s  psnr_med=34.8dB  overall 29.4 fits/s
shard_058624: 256 fits in 9.1s  psnr_med=35.1dB  overall 29.4 fits/s
shard_058880: 256 fits in 9.0s  psnr_med=35.0dB  overall 29.4 fits/s
shard_059136: 256 fits in 7.7s  psnr_med=35.0dB  overall 29.4 fits/s
shard_059392: 256 fits in 9.1s  psnr_med=34.9dB  overall 29.4 fits/s
shard_059648: 256 fits in 8.7s  psnr_med=34.9dB  overall 29.4 fits/s
shard_059904: 96 fits in 8.2s  psnr_med=34.7dB  overall 29.3 fits/s
{
  "n_inrs": 60000,
  "psnr_median": 34.94792175292969,
  "psnr_q05": 31.36314115524292,
  "corr_psnr_label": -0.16531349208233967,
  "wallclock_total_s": 2047.5303552150726
}
CIFAR P-shared-stoch DONE Tue Jul 28 18:34:27 +03 2026
shard_k0_000000: 256 fits in 19.8s  psnr_med=40.2dB  overall 12.9 fits/s
shard_k0_000256: 256 fits in 19.4s  psnr_med=39.9dB  overall 13.0 fits/s
shard_k0_000512: 256 fits in 21.4s  psnr_med=40.4dB  overall 12.7 fits/s
shard_k0_000768: 256 fits in 24.0s  psnr_med=40.2dB  overall 12.1 fits/s
shard_k0_001024: 256 fits in 26.3s  psnr_med=40.1dB  overall 11.5 fits/s
shard_k0_001280: 256 fits in 28.3s  psnr_med=39.9dB  overall 11.0 fits/s
shard_k0_001536: 256 fits in 30.4s  psnr_med=40.0dB  overall 10.6 fits/s
shard_k0_001792: 256 fits in 30.3s  psnr_med=40.5dB  overall 10.2 fits/s
shard_k0_002048: 256 fits in 30.9s  psnr_med=40.4dB  overall 10.0 fits/s
shard_k0_002304: 256 fits in 31.2s  psnr_med=40.2dB  overall 9.8 fits/s
shard_k0_002560: 256 fits in 30.9s  psnr_med=40.4dB  overall 9.6 fits/s
shard_k0_002816: 256 fits in 30.4s  psnr_med=40.7dB  overall 9.5 fits/s
shard_k0_003072: 256 fits in 30.5s  psnr_med=40.2dB  overall 9.4 fits/s
shard_k0_003328: 256 fits in 30.7s  psnr_med=40.1dB  overall 9.3 fits/s
shard_k0_003584: 256 fits in 30.3s  psnr_med=39.9dB  overall 9.2 fits/s
shard_k0_003840: 256 fits in 30.2s  psnr_med=40.0dB  overall 9.2 fits/s
shard_k0_004096: 256 fits in 30.9s  psnr_med=41.0dB  overall 9.1 fits/s
shard_k0_004352: 256 fits in 31.0s  psnr_med=40.5dB  overall 9.1 fits/s
shard_k0_004608: 256 fits in 31.3s  psnr_med=40.5dB  overall 9.0 fits/s
shard_k0_004864: 256 fits in 30.4s  psnr_med=40.2dB  overall 9.0 fits/s
shard_k0_005120: 256 fits in 30.4s  psnr_med=39.9dB  overall 9.0 fits/s
shard_k0_005376: 256 fits in 30.7s  psnr_med=40.2dB  overall 8.9 fits/s
shard_k0_005632: 256 fits in 30.4s  psnr_med=40.6dB  overall 8.9 fits/s
shard_k0_005888: 256 fits in 30.0s  psnr_med=40.2dB  overall 8.9 fits/s
shard_k0_006144: 256 fits in 29.8s  psnr_med=40.2dB  overall 8.9 fits/s
shard_k0_006400: 256 fits in 29.8s  psnr_med=39.9dB  overall 8.9 fits/s
shard_k0_006656: 256 fits in 30.1s  psnr_med=39.9dB  overall 8.9 fits/s
shard_k0_006912: 256 fits in 30.2s  psnr_med=40.5dB  overall 8.8 fits/s
shard_k0_007168: 256 fits in 29.8s  psnr_med=40.0dB  overall 8.8 fits/s
shard_k0_007424: 256 fits in 29.5s  psnr_med=40.6dB  overall 8.8 fits/s
shard_k0_007680: 256 fits in 29.3s  psnr_med=40.4dB  overall 8.8 fits/s
shard_k0_007936: 256 fits in 29.2s  psnr_med=40.2dB  overall 8.8 fits/s
shard_k0_008192: 256 fits in 29.0s  psnr_med=40.3dB  overall 8.8 fits/s
shard_k0_008448: 256 fits in 29.0s  psnr_med=40.2dB  overall 8.8 fits/s
shard_k0_008704: 256 fits in 29.0s  psnr_med=40.1dB  overall 8.8 fits/s
shard_k0_008960: 256 fits in 29.0s  psnr_med=40.1dB  overall 8.8 fits/s
shard_k0_009216: 256 fits in 29.7s  psnr_med=40.8dB  overall 8.8 fits/s
shard_k0_009472: 256 fits in 29.6s  psnr_med=40.5dB  overall 8.8 fits/s
shard_k0_009728: 256 fits in 29.8s  psnr_med=40.1dB  overall 8.8 fits/s
shard_k0_009984: 256 fits in 29.5s  psnr_med=40.7dB  overall 8.8 fits/s
shard_k0_010240: 256 fits in 29.3s  psnr_med=40.6dB  overall 8.8 fits/s
shard_k0_010496: 256 fits in 29.2s  psnr_med=40.2dB  overall 8.8 fits/s
shard_k0_010752: 256 fits in 28.6s  psnr_med=40.2dB  overall 8.8 fits/s
shard_k0_011008: 256 fits in 28.1s  psnr_med=40.7dB  overall 8.8 fits/s
shard_k0_011264: 256 fits in 27.8s  psnr_med=40.0dB  overall 8.8 fits/s
shard_k0_011520: 256 fits in 27.6s  psnr_med=39.8dB  overall 8.8 fits/s
shard_k0_011776: 256 fits in 27.9s  psnr_med=40.2dB  overall 8.8 fits/s
shard_k0_012032: 256 fits in 27.7s  psnr_med=40.4dB  overall 8.8 fits/s
shard_k0_012288: 256 fits in 27.2s  psnr_med=40.1dB  overall 8.9 fits/s
shard_k0_012544: 256 fits in 26.9s  psnr_med=39.9dB  overall 8.9 fits/s
shard_k0_012800: 256 fits in 26.5s  psnr_med=39.8dB  overall 8.9 fits/s
shard_k0_013056: 256 fits in 26.4s  psnr_med=40.2dB  overall 8.9 fits/s
shard_k0_013312: 256 fits in 26.4s  psnr_med=40.2dB  overall 8.9 fits/s
shard_k0_013568: 256 fits in 26.2s  psnr_med=40.4dB  overall 8.9 fits/s
shard_k0_013824: 256 fits in 26.0s  psnr_med=40.4dB  overall 8.9 fits/s
shard_k0_014080: 256 fits in 26.0s  psnr_med=40.0dB  overall 9.0 fits/s
shard_k0_014336: 256 fits in 25.8s  psnr_med=40.3dB  overall 9.0 fits/s
shard_k0_014592: 256 fits in 25.8s  psnr_med=40.3dB  overall 9.0 fits/s
shard_k0_014848: 256 fits in 26.1s  psnr_med=40.1dB  overall 9.0 fits/s
shard_k0_015104: 256 fits in 26.4s  psnr_med=40.1dB  overall 9.0 fits/s
shard_k0_015360: 256 fits in 26.1s  psnr_med=40.5dB  overall 9.0 fits/s
shard_k0_015616: 256 fits in 25.8s  psnr_med=40.0dB  overall 9.0 fits/s
shard_k0_015872: 256 fits in 25.9s  psnr_med=40.3dB  overall 9.0 fits/s
shard_k0_016128: 256 fits in 25.6s  psnr_med=40.2dB  overall 9.1 fits/s
shard_k0_016384: 256 fits in 25.6s  psnr_med=40.6dB  overall 9.1 fits/s
shard_k0_016640: 256 fits in 25.5s  psnr_med=40.2dB  overall 9.1 fits/s
shard_k0_016896: 256 fits in 25.3s  psnr_med=40.2dB  overall 9.1 fits/s
shard_k0_017152: 256 fits in 25.4s  psnr_med=40.6dB  overall 9.1 fits/s
shard_k0_017408: 256 fits in 25.3s  psnr_med=40.2dB  overall 9.1 fits/s
shard_k0_017664: 256 fits in 25.3s  psnr_med=40.7dB  overall 9.1 fits/s
shard_k0_017920: 256 fits in 25.3s  psnr_med=40.0dB  overall 9.2 fits/s
shard_k0_018176: 256 fits in 25.3s  psnr_med=40.0dB  overall 9.2 fits/s
shard_k0_018432: 256 fits in 25.1s  psnr_med=40.1dB  overall 9.2 fits/s
shard_k0_018688: 256 fits in 25.1s  psnr_med=40.2dB  overall 9.2 fits/s
shard_k0_018944: 256 fits in 25.0s  psnr_med=40.3dB  overall 9.2 fits/s
shard_k0_019200: 256 fits in 24.8s  psnr_med=40.1dB  overall 9.2 fits/s
shard_k0_019456: 256 fits in 24.8s  psnr_med=40.0dB  overall 9.2 fits/s
shard_k0_019712: 256 fits in 24.8s  psnr_med=40.4dB  overall 9.2 fits/s
shard_k0_019968: 256 fits in 24.7s  psnr_med=40.3dB  overall 9.3 fits/s
shard_k0_020224: 256 fits in 24.8s  psnr_med=40.6dB  overall 9.3 fits/s
shard_k0_020480: 256 fits in 24.9s  psnr_med=40.3dB  overall 9.3 fits/s
shard_k0_020736: 256 fits in 24.9s  psnr_med=40.3dB  overall 9.3 fits/s
shard_k0_020992: 256 fits in 24.8s  psnr_med=40.5dB  overall 9.3 fits/s
shard_k0_021248: 256 fits in 25.1s  psnr_med=40.4dB  overall 9.3 fits/s
shard_k0_021504: 256 fits in 25.0s  psnr_med=40.2dB  overall 9.3 fits/s
shard_k0_021760: 256 fits in 25.0s  psnr_med=40.5dB  overall 9.3 fits/s
shard_k0_022016: 256 fits in 24.7s  psnr_med=40.1dB  overall 9.3 fits/s
shard_k0_022272: 256 fits in 24.6s  psnr_med=40.0dB  overall 9.3 fits/s
shard_k0_022528: 256 fits in 24.7s  psnr_med=40.1dB  overall 9.4 fits/s
shard_k0_022784: 256 fits in 24.6s  psnr_med=40.7dB  overall 9.4 fits/s
shard_k0_023040: 256 fits in 24.6s  psnr_med=40.0dB  overall 9.4 fits/s
shard_k0_023296: 256 fits in 24.6s  psnr_med=40.4dB  overall 9.4 fits/s
shard_k0_023552: 256 fits in 24.5s  psnr_med=40.0dB  overall 9.4 fits/s
shard_k0_023808: 256 fits in 24.7s  psnr_med=39.9dB  overall 9.4 fits/s
shard_k0_024064: 256 fits in 24.9s  psnr_med=40.3dB  overall 9.4 fits/s
shard_k0_024320: 256 fits in 25.2s  psnr_med=40.4dB  overall 9.4 fits/s
shard_k0_024576: 256 fits in 25.0s  psnr_med=40.3dB  overall 9.4 fits/s
shard_k0_024832: 256 fits in 24.7s  psnr_med=40.3dB  overall 9.4 fits/s
shard_k0_025088: 256 fits in 24.7s  psnr_med=40.2dB  overall 9.4 fits/s
shard_k0_025344: 256 fits in 24.7s  psnr_med=40.1dB  overall 9.5 fits/s
shard_k0_025600: 256 fits in 24.6s  psnr_med=40.1dB  overall 9.5 fits/s
shard_k0_025856: 256 fits in 24.4s  psnr_med=40.3dB  overall 9.5 fits/s
shard_k0_026112: 256 fits in 24.5s  psnr_med=40.4dB  overall 9.5 fits/s
shard_k0_026368: 256 fits in 24.4s  psnr_med=40.0dB  overall 9.5 fits/s
shard_k0_026624: 256 fits in 24.4s  psnr_med=40.1dB  overall 9.5 fits/s
shard_k0_026880: 256 fits in 24.6s  psnr_med=40.5dB  overall 9.5 fits/s
shard_k0_027136: 256 fits in 24.8s  psnr_med=40.2dB  overall 9.5 fits/s
shard_k0_027392: 256 fits in 24.8s  psnr_med=40.2dB  overall 9.5 fits/s
shard_k0_027648: 256 fits in 24.8s  psnr_med=40.3dB  overall 9.5 fits/s
shard_k0_027904: 256 fits in 24.5s  psnr_med=40.0dB  overall 9.5 fits/s
shard_k0_028160: 256 fits in 24.7s  psnr_med=40.1dB  overall 9.5 fits/s
shard_k0_028416: 256 fits in 24.6s  psnr_med=39.8dB  overall 9.6 fits/s
shard_k0_028672: 256 fits in 24.7s  psnr_med=40.6dB  overall 9.6 fits/s
shard_k0_028928: 256 fits in 24.5s  psnr_med=40.0dB  overall 9.6 fits/s
shard_k0_029184: 256 fits in 24.5s  psnr_med=40.0dB  overall 9.6 fits/s
shard_k0_029440: 256 fits in 24.3s  psnr_med=40.4dB  overall 9.6 fits/s
shard_k0_029696: 256 fits in 24.4s  psnr_med=40.4dB  overall 9.6 fits/s
shard_k0_029952: 256 fits in 24.5s  psnr_med=39.6dB  overall 9.6 fits/s
shard_k0_030208: 256 fits in 24.9s  psnr_med=40.4dB  overall 9.6 fits/s
shard_k0_030464: 256 fits in 24.6s  psnr_med=40.0dB  overall 9.6 fits/s
shard_k0_030720: 256 fits in 24.6s  psnr_med=40.0dB  overall 9.6 fits/s
shard_k0_030976: 256 fits in 24.8s  psnr_med=40.1dB  overall 9.6 fits/s
shard_k0_031232: 256 fits in 24.6s  psnr_med=39.7dB  overall 9.6 fits/s
shard_k0_031488: 256 fits in 24.5s  psnr_med=40.2dB  overall 9.6 fits/s
shard_k0_031744: 256 fits in 24.6s  psnr_med=40.1dB  overall 9.6 fits/s
shard_k0_032000: 256 fits in 24.4s  psnr_med=40.2dB  overall 9.6 fits/s
shard_k0_032256: 256 fits in 24.2s  psnr_med=40.3dB  overall 9.6 fits/s
shard_k0_032512: 256 fits in 24.4s  psnr_med=40.8dB  overall 9.7 fits/s
shard_k0_032768: 256 fits in 24.4s  psnr_med=40.4dB  overall 9.7 fits/s
shard_k0_033024: 256 fits in 24.6s  psnr_med=40.1dB  overall 9.7 fits/s
shard_k0_033280: 256 fits in 24.6s  psnr_med=40.5dB  overall 9.7 fits/s
shard_k0_033536: 256 fits in 24.4s  psnr_med=40.0dB  overall 9.7 fits/s
shard_k0_033792: 256 fits in 24.5s  psnr_med=40.2dB  overall 9.7 fits/s
shard_k0_034048: 256 fits in 24.7s  psnr_med=40.2dB  overall 9.7 fits/s
shard_k0_034304: 256 fits in 24.5s  psnr_med=40.0dB  overall 9.7 fits/s
shard_k0_034560: 256 fits in 24.5s  psnr_med=40.4dB  overall 9.7 fits/s
shard_k0_034816: 256 fits in 24.4s  psnr_med=39.9dB  overall 9.7 fits/s
shard_k0_035072: 256 fits in 24.5s  psnr_med=40.4dB  overall 9.7 fits/s
shard_k0_035328: 256 fits in 24.6s  psnr_med=40.1dB  overall 9.7 fits/s
shard_k0_035584: 256 fits in 24.5s  psnr_med=40.3dB  overall 9.7 fits/s
shard_k0_035840: 256 fits in 24.6s  psnr_med=40.3dB  overall 9.7 fits/s
shard_k0_036096: 256 fits in 24.7s  psnr_med=40.3dB  overall 9.7 fits/s
shard_k0_036352: 256 fits in 24.5s  psnr_med=40.1dB  overall 9.7 fits/s
shard_k0_036608: 256 fits in 24.9s  psnr_med=40.2dB  overall 9.7 fits/s
shard_k0_036864: 256 fits in 24.6s  psnr_med=40.2dB  overall 9.7 fits/s
shard_k0_037120: 256 fits in 24.5s  psnr_med=40.3dB  overall 9.7 fits/s
shard_k0_037376: 256 fits in 24.6s  psnr_med=40.4dB  overall 9.7 fits/s
shard_k0_037632: 256 fits in 24.6s  psnr_med=40.3dB  overall 9.7 fits/s
shard_k0_037888: 256 fits in 24.5s  psnr_med=40.1dB  overall 9.8 fits/s
shard_k0_038144: 256 fits in 24.4s  psnr_med=40.6dB  overall 9.8 fits/s
shard_k0_038400: 256 fits in 24.3s  psnr_med=40.5dB  overall 9.8 fits/s
shard_k0_038656: 256 fits in 24.2s  psnr_med=40.3dB  overall 9.8 fits/s
shard_k0_038912: 256 fits in 24.3s  psnr_med=40.3dB  overall 9.8 fits/s
shard_k0_039168: 256 fits in 24.4s  psnr_med=40.8dB  overall 9.8 fits/s
shard_k0_039424: 256 fits in 24.4s  psnr_med=40.4dB  overall 9.8 fits/s
shard_k0_039680: 256 fits in 24.4s  psnr_med=40.0dB  overall 9.8 fits/s
shard_k0_039936: 256 fits in 24.5s  psnr_med=39.8dB  overall 9.8 fits/s
shard_k0_040192: 256 fits in 24.5s  psnr_med=40.4dB  overall 9.8 fits/s
shard_k0_040448: 256 fits in 24.2s  psnr_med=40.3dB  overall 9.8 fits/s
shard_k0_040704: 256 fits in 24.1s  psnr_med=40.4dB  overall 9.8 fits/s
shard_k0_040960: 256 fits in 24.1s  psnr_med=39.9dB  overall 9.8 fits/s
shard_k0_041216: 256 fits in 24.2s  psnr_med=40.0dB  overall 9.8 fits/s
shard_k0_041472: 256 fits in 24.1s  psnr_med=40.2dB  overall 9.8 fits/s
shard_k0_041728: 256 fits in 24.2s  psnr_med=40.5dB  overall 9.8 fits/s
shard_k0_041984: 256 fits in 24.3s  psnr_med=40.3dB  overall 9.8 fits/s
shard_k0_042240: 256 fits in 24.3s  psnr_med=40.4dB  overall 9.8 fits/s
shard_k0_042496: 256 fits in 24.3s  psnr_med=40.3dB  overall 9.8 fits/s
shard_k0_042752: 256 fits in 24.6s  psnr_med=40.2dB  overall 9.8 fits/s
shard_k0_043008: 256 fits in 24.3s  psnr_med=40.2dB  overall 9.8 fits/s
shard_k0_043264: 256 fits in 24.4s  psnr_med=40.4dB  overall 9.8 fits/s
shard_k0_043520: 256 fits in 24.5s  psnr_med=40.3dB  overall 9.8 fits/s
shard_k0_043776: 256 fits in 24.2s  psnr_med=40.2dB  overall 9.9 fits/s
shard_k0_044032: 256 fits in 24.3s  psnr_med=40.4dB  overall 9.9 fits/s
shard_k0_044288: 256 fits in 24.2s  psnr_med=40.4dB  overall 9.9 fits/s
shard_k0_044544: 256 fits in 24.2s  psnr_med=40.1dB  overall 9.9 fits/s
shard_k0_044800: 200 fits in 18.9s  psnr_med=40.5dB  overall 9.9 fits/s
shard_k1_000000: 256 fits in 24.2s  psnr_med=40.5dB  overall 9.9 fits/s
shard_k1_000256: 256 fits in 24.2s  psnr_med=39.7dB  overall 9.9 fits/s
shard_k1_000512: 256 fits in 24.3s  psnr_med=40.4dB  overall 9.9 fits/s
shard_k1_000768: 256 fits in 24.4s  psnr_med=40.1dB  overall 9.9 fits/s
shard_k1_001024: 256 fits in 24.5s  psnr_med=40.2dB  overall 9.9 fits/s
shard_k1_001280: 256 fits in 24.6s  psnr_med=40.0dB  overall 9.9 fits/s
shard_k1_001536: 256 fits in 24.6s  psnr_med=40.1dB  overall 9.9 fits/s
shard_k1_001792: 256 fits in 24.4s  psnr_med=40.5dB  overall 9.9 fits/s
shard_k1_002048: 256 fits in 24.4s  psnr_med=40.5dB  overall 9.9 fits/s
shard_k1_002304: 256 fits in 24.3s  psnr_med=40.3dB  overall 9.9 fits/s
shard_k1_002560: 256 fits in 24.3s  psnr_med=40.5dB  overall 9.9 fits/s
shard_k1_002816: 256 fits in 24.3s  psnr_med=40.6dB  overall 9.9 fits/s
shard_k1_003072: 256 fits in 24.1s  psnr_med=39.9dB  overall 9.9 fits/s
shard_k1_003328: 256 fits in 24.3s  psnr_med=40.1dB  overall 9.9 fits/s
shard_k1_003584: 256 fits in 24.3s  psnr_med=40.0dB  overall 9.9 fits/s
shard_k1_003840: 256 fits in 24.5s  psnr_med=40.2dB  overall 9.9 fits/s
shard_k1_004096: 256 fits in 24.6s  psnr_med=40.9dB  overall 9.9 fits/s
shard_k1_004352: 256 fits in 24.5s  psnr_med=40.5dB  overall 9.9 fits/s
shard_k1_004608: 256 fits in 24.5s  psnr_med=40.5dB  overall 9.9 fits/s
shard_k1_004864: 256 fits in 24.4s  psnr_med=40.1dB  overall 9.9 fits/s
shard_k1_005120: 256 fits in 24.3s  psnr_med=40.2dB  overall 9.9 fits/s
shard_k1_005376: 256 fits in 24.3s  psnr_med=40.3dB  overall 9.9 fits/s
shard_k1_005632: 256 fits in 24.4s  psnr_med=40.8dB  overall 9.9 fits/s
shard_k1_005888: 256 fits in 24.5s  psnr_med=40.3dB  overall 9.9 fits/s
shard_k1_006144: 256 fits in 24.2s  psnr_med=40.1dB  overall 9.9 fits/s
shard_k1_006400: 256 fits in 24.3s  psnr_med=40.0dB  overall 9.9 fits/s
shard_k1_006656: 256 fits in 24.4s  psnr_med=40.3dB  overall 9.9 fits/s
shard_k1_006912: 256 fits in 24.5s  psnr_med=40.3dB  overall 9.9 fits/s
shard_k1_007168: 256 fits in 24.5s  psnr_med=40.2dB  overall 10.0 fits/s
shard_k1_007424: 256 fits in 24.6s  psnr_med=40.4dB  overall 10.0 fits/s
shard_k1_007680: 256 fits in 24.6s  psnr_med=40.3dB  overall 10.0 fits/s
shard_k1_007936: 256 fits in 24.6s  psnr_med=40.1dB  overall 10.0 fits/s
shard_k1_008192: 256 fits in 24.4s  psnr_med=40.5dB  overall 10.0 fits/s
shard_k1_008448: 256 fits in 24.3s  psnr_med=40.4dB  overall 10.0 fits/s
shard_k1_008704: 256 fits in 24.5s  psnr_med=40.1dB  overall 10.0 fits/s
shard_k1_008960: 256 fits in 24.3s  psnr_med=40.2dB  overall 10.0 fits/s
shard_k1_009216: 256 fits in 24.2s  psnr_med=40.5dB  overall 10.0 fits/s
shard_k1_009472: 256 fits in 24.2s  psnr_med=40.2dB  overall 10.0 fits/s
shard_k1_009728: 256 fits in 24.4s  psnr_med=40.1dB  overall 10.0 fits/s
shard_k1_009984: 256 fits in 26.5s  psnr_med=40.6dB  overall 10.0 fits/s
shard_k1_010240: 256 fits in 24.9s  psnr_med=40.6dB  overall 10.0 fits/s
shard_k1_010496: 256 fits in 25.7s  psnr_med=40.4dB  overall 10.0 fits/s
shard_k1_010752: 256 fits in 33.3s  psnr_med=40.3dB  overall 10.0 fits/s
shard_k1_011008: 256 fits in 33.2s  psnr_med=40.4dB  overall 9.9 fits/s
shard_k1_011264: 256 fits in 31.5s  psnr_med=40.5dB  overall 9.9 fits/s
shard_k1_011520: 256 fits in 31.6s  psnr_med=39.6dB  overall 9.9 fits/s
shard_k1_011776: 256 fits in 31.4s  psnr_med=40.3dB  overall 9.9 fits/s
shard_k1_012032: 256 fits in 30.4s  psnr_med=40.3dB  overall 9.9 fits/s
shard_k1_012288: 256 fits in 25.1s  psnr_med=40.3dB  overall 9.9 fits/s
shard_k1_012544: 256 fits in 25.7s  psnr_med=40.1dB  overall 9.9 fits/s
shard_k1_012800: 256 fits in 26.7s  psnr_med=39.8dB  overall 9.9 fits/s
shard_k1_013056: 256 fits in 37.1s  psnr_med=40.5dB  overall 9.9 fits/s
shard_k1_013312: 256 fits in 30.9s  psnr_med=40.2dB  overall 9.9 fits/s
shard_k1_013568: 256 fits in 31.1s  psnr_med=40.3dB  overall 9.9 fits/s
shard_k1_013824: 256 fits in 30.6s  psnr_med=40.0dB  overall 9.9 fits/s
shard_k1_014080: 256 fits in 29.6s  psnr_med=40.1dB  overall 9.9 fits/s
shard_k1_014336: 256 fits in 30.6s  psnr_med=39.9dB  overall 9.9 fits/s
shard_k1_014592: 256 fits in 36.2s  psnr_med=40.5dB  overall 9.8 fits/s
shard_k1_014848: 256 fits in 37.5s  psnr_med=39.9dB  overall 9.8 fits/s
shard_k1_015104: 256 fits in 27.1s  psnr_med=40.2dB  overall 9.8 fits/s
shard_k1_015360: 256 fits in 28.8s  psnr_med=40.4dB  overall 9.8 fits/s
shard_k1_015616: 256 fits in 27.1s  psnr_med=39.9dB  overall 9.8 fits/s
shard_k1_015872: 256 fits in 27.5s  psnr_med=40.5dB  overall 9.8 fits/s
shard_k1_016128: 256 fits in 27.7s  psnr_med=40.2dB  overall 9.8 fits/s
shard_k1_016384: 256 fits in 26.4s  psnr_med=40.6dB  overall 9.8 fits/s
shard_k1_016640: 256 fits in 28.7s  psnr_med=40.4dB  overall 9.8 fits/s
shard_k1_016896: 256 fits in 27.8s  psnr_med=40.0dB  overall 9.8 fits/s
shard_k1_017152: 256 fits in 28.2s  psnr_med=40.6dB  overall 9.8 fits/s
shard_k1_017408: 256 fits in 28.0s  psnr_med=40.3dB  overall 9.8 fits/s
shard_k1_017664: 256 fits in 28.1s  psnr_med=40.3dB  overall 9.8 fits/s
shard_k1_017920: 256 fits in 28.5s  psnr_med=39.9dB  overall 9.8 fits/s
shard_k1_018176: 256 fits in 28.0s  psnr_med=40.1dB  overall 9.8 fits/s
shard_k1_018432: 256 fits in 28.5s  psnr_med=39.9dB  overall 9.8 fits/s
shard_k1_018688: 256 fits in 27.5s  psnr_med=40.3dB  overall 9.8 fits/s
shard_k1_018944: 256 fits in 28.6s  psnr_med=40.1dB  overall 9.8 fits/s
shard_k1_019200: 256 fits in 28.7s  psnr_med=39.7dB  overall 9.8 fits/s
shard_k1_019456: 256 fits in 28.5s  psnr_med=39.8dB  overall 9.8 fits/s
shard_k1_019712: 256 fits in 27.3s  psnr_med=40.4dB  overall 9.8 fits/s
shard_k1_019968: 256 fits in 27.7s  psnr_med=40.4dB  overall 9.8 fits/s
shard_k1_020224: 256 fits in 26.9s  psnr_med=40.4dB  overall 9.8 fits/s
shard_k1_020480: 256 fits in 26.7s  psnr_med=40.2dB  overall 9.8 fits/s
shard_k1_020736: 256 fits in 27.2s  psnr_med=40.2dB  overall 9.8 fits/s
shard_k1_020992: 256 fits in 28.5s  psnr_med=40.4dB  overall 9.8 fits/s
shard_k1_021248: 256 fits in 27.2s  psnr_med=40.7dB  overall 9.8 fits/s
shard_k1_021504: 256 fits in 27.4s  psnr_med=40.4dB  overall 9.8 fits/s
shard_k1_021760: 256 fits in 27.3s  psnr_med=40.5dB  overall 9.8 fits/s
shard_k1_022016: 256 fits in 26.1s  psnr_med=40.0dB  overall 9.8 fits/s
shard_k1_022272: 256 fits in 25.4s  psnr_med=39.6dB  overall 9.8 fits/s
shard_k1_022528: 256 fits in 25.1s  psnr_med=40.2dB  overall 9.8 fits/s
shard_k1_022784: 256 fits in 25.0s  psnr_med=40.3dB  overall 9.8 fits/s
shard_k1_023040: 256 fits in 25.2s  psnr_med=40.2dB  overall 9.8 fits/s
shard_k1_023296: 256 fits in 25.5s  psnr_med=40.2dB  overall 9.8 fits/s
shard_k1_023552: 256 fits in 25.5s  psnr_med=39.9dB  overall 9.8 fits/s
shard_k1_023808: 256 fits in 25.5s  psnr_med=40.0dB  overall 9.8 fits/s
shard_k1_024064: 256 fits in 25.4s  psnr_med=40.2dB  overall 9.8 fits/s
shard_k1_024320: 256 fits in 25.6s  psnr_med=40.5dB  overall 9.8 fits/s
shard_k1_024576: 256 fits in 25.3s  psnr_med=40.3dB  overall 9.8 fits/s
shard_k1_024832: 256 fits in 25.3s  psnr_med=40.4dB  overall 9.8 fits/s
shard_k1_025088: 256 fits in 25.4s  psnr_med=40.2dB  overall 9.8 fits/s
shard_k1_025344: 256 fits in 25.4s  psnr_med=40.2dB  overall 9.8 fits/s
shard_k1_025600: 256 fits in 25.4s  psnr_med=40.0dB  overall 9.8 fits/s
shard_k1_025856: 256 fits in 25.3s  psnr_med=40.1dB  overall 9.8 fits/s
shard_k1_026112: 256 fits in 25.2s  psnr_med=40.3dB  overall 9.8 fits/s
shard_k1_026368: 256 fits in 25.4s  psnr_med=40.0dB  overall 9.8 fits/s
shard_k1_026624: 256 fits in 25.4s  psnr_med=40.2dB  overall 9.8 fits/s
shard_k1_026880: 256 fits in 25.7s  psnr_med=40.8dB  overall 9.8 fits/s
shard_k1_027136: 256 fits in 25.5s  psnr_med=40.3dB  overall 9.8 fits/s
shard_k1_027392: 256 fits in 25.5s  psnr_med=40.0dB  overall 9.8 fits/s
shard_k1_027648: 256 fits in 25.6s  psnr_med=40.5dB  overall 9.8 fits/s
shard_k1_027904: 256 fits in 25.6s  psnr_med=40.2dB  overall 9.8 fits/s
shard_k1_028160: 256 fits in 25.7s  psnr_med=40.3dB  overall 9.8 fits/s
shard_k1_028416: 256 fits in 25.5s  psnr_med=39.8dB  overall 9.8 fits/s
shard_k1_028672: 256 fits in 25.4s  psnr_med=40.5dB  overall 9.8 fits/s
shard_k1_028928: 256 fits in 25.3s  psnr_med=40.0dB  overall 9.8 fits/s
shard_k1_029184: 256 fits in 25.3s  psnr_med=39.9dB  overall 9.8 fits/s
shard_k1_029440: 256 fits in 25.3s  psnr_med=40.3dB  overall 9.8 fits/s
shard_k1_029696: 256 fits in 25.7s  psnr_med=40.6dB  overall 9.8 fits/s
shard_k1_029952: 256 fits in 25.8s  psnr_med=39.9dB  overall 9.8 fits/s
shard_k1_030208: 256 fits in 25.7s  psnr_med=40.3dB  overall 9.8 fits/s
shard_k1_030464: 256 fits in 25.8s  psnr_med=39.8dB  overall 9.8 fits/s
shard_k1_030720: 256 fits in 25.6s  psnr_med=40.2dB  overall 9.8 fits/s
shard_k1_030976: 256 fits in 25.6s  psnr_med=40.2dB  overall 9.8 fits/s
shard_k1_031232: 256 fits in 25.8s  psnr_med=40.1dB  overall 9.8 fits/s
shard_k1_031488: 256 fits in 25.6s  psnr_med=40.3dB  overall 9.8 fits/s
shard_k1_031744: 256 fits in 25.5s  psnr_med=40.2dB  overall 9.8 fits/s
shard_k1_032000: 256 fits in 25.6s  psnr_med=40.2dB  overall 9.8 fits/s
shard_k1_032256: 256 fits in 25.7s  psnr_med=40.2dB  overall 9.8 fits/s
shard_k1_032512: 256 fits in 25.7s  psnr_med=40.8dB  overall 9.8 fits/s
shard_k1_032768: 256 fits in 25.7s  psnr_med=40.3dB  overall 9.8 fits/s
shard_k1_033024: 256 fits in 25.5s  psnr_med=40.1dB  overall 9.8 fits/s
shard_k1_033280: 256 fits in 25.5s  psnr_med=40.6dB  overall 9.8 fits/s
shard_k1_033536: 256 fits in 25.7s  psnr_med=40.0dB  overall 9.8 fits/s
shard_k1_033792: 256 fits in 25.8s  psnr_med=40.4dB  overall 9.8 fits/s
shard_k1_034048: 256 fits in 25.6s  psnr_med=40.1dB  overall 9.8 fits/s
shard_k1_034304: 256 fits in 25.6s  psnr_med=39.9dB  overall 9.8 fits/s
shard_k1_034560: 256 fits in 25.5s  psnr_med=40.2dB  overall 9.8 fits/s
shard_k1_034816: 256 fits in 25.4s  psnr_med=40.0dB  overall 9.8 fits/s
shard_k1_035072: 256 fits in 25.4s  psnr_med=40.2dB  overall 9.8 fits/s
shard_k1_035328: 256 fits in 25.4s  psnr_med=40.1dB  overall 9.8 fits/s
shard_k1_035584: 256 fits in 25.5s  psnr_med=40.3dB  overall 9.8 fits/s
shard_k1_035840: 256 fits in 25.5s  psnr_med=40.1dB  overall 9.8 fits/s
shard_k1_036096: 256 fits in 25.9s  psnr_med=40.5dB  overall 9.8 fits/s
shard_k1_036352: 256 fits in 25.9s  psnr_med=40.2dB  overall 9.8 fits/s
shard_k1_036608: 256 fits in 25.5s  psnr_med=40.1dB  overall 9.8 fits/s
shard_k1_036864: 256 fits in 25.5s  psnr_med=40.0dB  overall 9.8 fits/s
shard_k1_037120: 256 fits in 25.6s  psnr_med=40.4dB  overall 9.8 fits/s
shard_k1_037376: 256 fits in 25.7s  psnr_med=40.5dB  overall 9.8 fits/s
shard_k1_037632: 256 fits in 28.2s  psnr_med=40.2dB  overall 9.8 fits/s
shard_k1_037888: 256 fits in 33.0s  psnr_med=40.2dB  overall 9.8 fits/s
shard_k1_038144: 256 fits in 38.5s  psnr_med=40.2dB  overall 9.8 fits/s
shard_k1_038400: 256 fits in 29.9s  psnr_med=40.2dB  overall 9.8 fits/s
shard_k1_038656: 256 fits in 29.4s  psnr_med=40.4dB  overall 9.8 fits/s
shard_k1_038912: 256 fits in 29.0s  psnr_med=40.3dB  overall 9.8 fits/s
shard_k1_039168: 256 fits in 28.6s  psnr_med=40.8dB  overall 9.8 fits/s
shard_k1_039424: 256 fits in 28.9s  psnr_med=40.5dB  overall 9.8 fits/s
shard_k1_039680: 256 fits in 29.3s  psnr_med=39.9dB  overall 9.8 fits/s
shard_k1_039936: 256 fits in 29.7s  psnr_med=39.6dB  overall 9.8 fits/s
shard_k1_040192: 256 fits in 29.1s  psnr_med=40.4dB  overall 9.7 fits/s
shard_k1_040448: 256 fits in 28.9s  psnr_med=40.5dB  overall 9.7 fits/s
shard_k1_040704: 256 fits in 28.7s  psnr_med=40.4dB  overall 9.7 fits/s
shard_k1_040960: 256 fits in 29.1s  psnr_med=40.0dB  overall 9.7 fits/s
shard_k1_041216: 256 fits in 29.2s  psnr_med=40.3dB  overall 9.7 fits/s
shard_k1_041472: 256 fits in 28.8s  psnr_med=40.1dB  overall 9.7 fits/s
shard_k1_041728: 256 fits in 29.2s  psnr_med=40.5dB  overall 9.7 fits/s
shard_k1_041984: 256 fits in 29.0s  psnr_med=40.5dB  overall 9.7 fits/s
shard_k1_042240: 256 fits in 29.4s  psnr_med=40.5dB  overall 9.7 fits/s
shard_k1_042496: 256 fits in 28.5s  psnr_med=40.1dB  overall 9.7 fits/s
shard_k1_042752: 256 fits in 28.5s  psnr_med=40.3dB  overall 9.7 fits/s
shard_k1_043008: 256 fits in 28.8s  psnr_med=39.9dB  overall 9.7 fits/s
shard_k1_043264: 256 fits in 29.0s  psnr_med=40.4dB  overall 9.7 fits/s
shard_k1_043520: 256 fits in 28.4s  psnr_med=40.5dB  overall 9.7 fits/s
shard_k1_043776: 256 fits in 28.5s  psnr_med=40.0dB  overall 9.7 fits/s
shard_k1_044032: 256 fits in 28.8s  psnr_med=40.7dB  overall 9.7 fits/s
shard_k1_044288: 256 fits in 28.8s  psnr_med=40.2dB  overall 9.7 fits/s
shard_k1_044544: 256 fits in 29.4s  psnr_med=39.9dB  overall 9.7 fits/s
shard_k1_044800: 200 fits in 23.4s  psnr_med=40.7dB  overall 9.7 fits/s
shard_k2_000000: 256 fits in 29.7s  psnr_med=40.1dB  overall 9.7 fits/s
shard_k2_000256: 256 fits in 29.9s  psnr_med=39.8dB  overall 9.7 fits/s
shard_k2_000512: 256 fits in 29.7s  psnr_med=40.5dB  overall 9.7 fits/s
shard_k2_000768: 256 fits in 29.7s  psnr_med=40.0dB  overall 9.7 fits/s
shard_k2_001024: 256 fits in 29.2s  psnr_med=40.0dB  overall 9.7 fits/s
shard_k2_001280: 256 fits in 28.6s  psnr_med=39.8dB  overall 9.7 fits/s
shard_k2_001536: 256 fits in 28.6s  psnr_med=40.3dB  overall 9.7 fits/s
shard_k2_001792: 256 fits in 29.0s  psnr_med=40.6dB  overall 9.7 fits/s
shard_k2_002048: 256 fits in 29.0s  psnr_med=40.3dB  overall 9.7 fits/s
shard_k2_002304: 256 fits in 28.9s  psnr_med=40.2dB  overall 9.7 fits/s
shard_k2_002560: 256 fits in 28.5s  psnr_med=40.3dB  overall 9.7 fits/s
shard_k2_002816: 256 fits in 28.9s  psnr_med=40.5dB  overall 9.7 fits/s
shard_k2_003072: 256 fits in 29.1s  psnr_med=39.9dB  overall 9.7 fits/s
shard_k2_003328: 256 fits in 29.0s  psnr_med=40.1dB  overall 9.7 fits/s
shard_k2_003584: 256 fits in 29.5s  psnr_med=40.1dB  overall 9.7 fits/s
shard_k2_003840: 256 fits in 29.6s  psnr_med=40.0dB  overall 9.7 fits/s
shard_k2_004096: 256 fits in 29.4s  psnr_med=40.8dB  overall 9.7 fits/s
shard_k2_004352: 256 fits in 29.0s  psnr_med=40.2dB  overall 9.6 fits/s
shard_k2_004608: 256 fits in 29.3s  psnr_med=40.6dB  overall 9.6 fits/s
shard_k2_004864: 256 fits in 29.4s  psnr_med=40.1dB  overall 9.6 fits/s
shard_k2_005120: 256 fits in 29.4s  psnr_med=40.0dB  overall 9.6 fits/s
shard_k2_005376: 256 fits in 29.2s  psnr_med=40.3dB  overall 9.6 fits/s
shard_k2_005632: 256 fits in 28.9s  psnr_med=40.6dB  overall 9.6 fits/s
shard_k2_005888: 256 fits in 28.9s  psnr_med=40.2dB  overall 9.6 fits/s
shard_k2_006144: 256 fits in 28.9s  psnr_med=40.5dB  overall 9.6 fits/s
shard_k2_006400: 256 fits in 28.9s  psnr_med=40.2dB  overall 9.6 fits/s
shard_k2_006656: 256 fits in 29.4s  psnr_med=39.8dB  overall 9.6 fits/s
shard_k2_006912: 256 fits in 29.2s  psnr_med=40.5dB  overall 9.6 fits/s
shard_k2_007168: 256 fits in 29.2s  psnr_med=40.1dB  overall 9.6 fits/s
shard_k2_007424: 256 fits in 29.0s  psnr_med=40.5dB  overall 9.6 fits/s
shard_k2_007680: 256 fits in 29.1s  psnr_med=40.5dB  overall 9.6 fits/s
shard_k2_007936: 256 fits in 28.8s  psnr_med=40.4dB  overall 9.6 fits/s
shard_k2_008192: 256 fits in 29.6s  psnr_med=40.6dB  overall 9.6 fits/s
shard_k2_008448: 256 fits in 28.6s  psnr_med=40.3dB  overall 9.6 fits/s
shard_k2_008704: 256 fits in 27.5s  psnr_med=40.1dB  overall 9.6 fits/s
shard_k2_008960: 256 fits in 27.1s  psnr_med=40.4dB  overall 9.6 fits/s
shard_k2_009216: 256 fits in 27.0s  psnr_med=40.6dB  overall 9.6 fits/s
shard_k2_009472: 256 fits in 27.2s  psnr_med=40.7dB  overall 9.6 fits/s
shard_k2_009728: 256 fits in 28.0s  psnr_med=40.0dB  overall 9.6 fits/s
shard_k2_009984: 256 fits in 27.5s  psnr_med=40.6dB  overall 9.6 fits/s
shard_k2_010240: 256 fits in 27.8s  psnr_med=40.4dB  overall 9.6 fits/s
shard_k2_010496: 256 fits in 27.4s  psnr_med=40.4dB  overall 9.6 fits/s
shard_k2_010752: 256 fits in 27.4s  psnr_med=40.0dB  overall 9.6 fits/s
shard_k2_011008: 256 fits in 27.3s  psnr_med=40.6dB  overall 9.6 fits/s
shard_k2_011264: 256 fits in 27.4s  psnr_med=40.3dB  overall 9.6 fits/s
shard_k2_011520: 256 fits in 27.3s  psnr_med=39.9dB  overall 9.6 fits/s
shard_k2_011776: 256 fits in 27.4s  psnr_med=40.3dB  overall 9.6 fits/s
shard_k2_012032: 256 fits in 27.3s  psnr_med=40.3dB  overall 9.6 fits/s
shard_k2_012288: 256 fits in 27.5s  psnr_med=40.4dB  overall 9.6 fits/s
shard_k2_012544: 256 fits in 27.7s  psnr_med=39.7dB  overall 9.6 fits/s
shard_k2_012800: 256 fits in 28.0s  psnr_med=39.8dB  overall 9.6 fits/s
shard_k2_013056: 256 fits in 27.5s  psnr_med=40.2dB  overall 9.6 fits/s
shard_k2_013312: 256 fits in 27.4s  psnr_med=40.2dB  overall 9.6 fits/s
shard_k2_013568: 256 fits in 27.4s  psnr_med=40.3dB  overall 9.6 fits/s
shard_k2_013824: 256 fits in 27.3s  psnr_med=40.2dB  overall 9.6 fits/s
shard_k2_014080: 256 fits in 27.2s  psnr_med=39.9dB  overall 9.6 fits/s
shard_k2_014336: 256 fits in 27.4s  psnr_med=40.1dB  overall 9.6 fits/s
shard_k2_014592: 256 fits in 27.6s  psnr_med=40.5dB  overall 9.6 fits/s
shard_k2_014848: 256 fits in 27.7s  psnr_med=40.1dB  overall 9.6 fits/s
shard_k2_015104: 256 fits in 28.1s  psnr_med=40.1dB  overall 9.6 fits/s
shard_k2_015360: 256 fits in 27.8s  psnr_med=40.4dB  overall 9.6 fits/s
shard_k2_015616: 256 fits in 27.8s  psnr_med=39.9dB  overall 9.6 fits/s
shard_k2_015872: 256 fits in 27.7s  psnr_med=40.4dB  overall 9.6 fits/s
shard_k2_016128: 256 fits in 27.4s  psnr_med=40.0dB  overall 9.6 fits/s
shard_k2_016384: 256 fits in 27.5s  psnr_med=40.5dB  overall 9.6 fits/s
shard_k2_016640: 256 fits in 27.5s  psnr_med=40.4dB  overall 9.6 fits/s
shard_k2_016896: 256 fits in 27.7s  psnr_med=40.1dB  overall 9.6 fits/s
shard_k2_017152: 256 fits in 27.6s  psnr_med=40.6dB  overall 9.6 fits/s
shard_k2_017408: 256 fits in 27.2s  psnr_med=39.9dB  overall 9.6 fits/s
shard_k2_017664: 256 fits in 27.3s  psnr_med=40.5dB  overall 9.6 fits/s
shard_k2_017920: 256 fits in 27.6s  psnr_med=39.9dB  overall 9.6 fits/s
shard_k2_018176: 256 fits in 27.6s  psnr_med=40.1dB  overall 9.6 fits/s
shard_k2_018432: 256 fits in 27.8s  psnr_med=40.4dB  overall 9.6 fits/s
shard_k2_018688: 256 fits in 27.8s  psnr_med=40.3dB  overall 9.6 fits/s
shard_k2_018944: 256 fits in 27.7s  psnr_med=40.3dB  overall 9.6 fits/s
shard_k2_019200: 256 fits in 27.9s  psnr_med=39.9dB  overall 9.6 fits/s
shard_k2_019456: 256 fits in 27.7s  psnr_med=39.9dB  overall 9.6 fits/s
shard_k2_019712: 256 fits in 27.7s  psnr_med=40.2dB  overall 9.6 fits/s
shard_k2_019968: 256 fits in 27.7s  psnr_med=40.4dB  overall 9.6 fits/s
shard_k2_020224: 256 fits in 27.7s  psnr_med=40.3dB  overall 9.6 fits/s
shard_k2_020480: 256 fits in 27.7s  psnr_med=40.4dB  overall 9.6 fits/s
shard_k2_020736: 256 fits in 29.6s  psnr_med=40.2dB  overall 9.6 fits/s
shard_k2_020992: 256 fits in 29.2s  psnr_med=40.7dB  overall 9.6 fits/s
shard_k2_021248: 256 fits in 29.1s  psnr_med=40.5dB  overall 9.6 fits/s
shard_k2_021504: 256 fits in 28.5s  psnr_med=40.5dB  overall 9.6 fits/s
shard_k2_021760: 256 fits in 28.0s  psnr_med=40.3dB  overall 9.6 fits/s
shard_k2_022016: 256 fits in 27.9s  psnr_med=39.9dB  overall 9.6 fits/s
shard_k2_022272: 256 fits in 27.8s  psnr_med=40.1dB  overall 9.6 fits/s
shard_k2_022528: 256 fits in 27.4s  psnr_med=40.1dB  overall 9.6 fits/s
shard_k2_022784: 256 fits in 27.4s  psnr_med=40.5dB  overall 9.6 fits/s
shard_k2_023040: 256 fits in 27.5s  psnr_med=39.9dB  overall 9.6 fits/s
shard_k2_023296: 256 fits in 28.0s  psnr_med=40.1dB  overall 9.6 fits/s
shard_k2_023552: 256 fits in 27.8s  psnr_med=40.1dB  overall 9.6 fits/s
shard_k2_023808: 256 fits in 28.1s  psnr_med=39.9dB  overall 9.6 fits/s
shard_k2_024064: 256 fits in 27.6s  psnr_med=40.4dB  overall 9.6 fits/s
shard_k2_024320: 256 fits in 27.5s  psnr_med=40.4dB  overall 9.6 fits/s
shard_k2_024576: 256 fits in 27.5s  psnr_med=40.3dB  overall 9.6 fits/s
shard_k2_024832: 256 fits in 27.5s  psnr_med=40.4dB  overall 9.6 fits/s
shard_k2_025088: 256 fits in 27.4s  psnr_med=40.2dB  overall 9.6 fits/s
shard_k2_025344: 256 fits in 27.4s  psnr_med=40.0dB  overall 9.6 fits/s
shard_k2_025600: 256 fits in 27.3s  psnr_med=39.9dB  overall 9.6 fits/s
shard_k2_025856: 256 fits in 27.5s  psnr_med=40.5dB  overall 9.6 fits/s
shard_k2_026112: 256 fits in 28.1s  psnr_med=40.4dB  overall 9.6 fits/s
shard_k2_026368: 256 fits in 27.9s  psnr_med=39.8dB  overall 9.6 fits/s
shard_k2_026624: 256 fits in 28.1s  psnr_med=40.3dB  overall 9.6 fits/s
shard_k2_026880: 256 fits in 29.2s  psnr_med=40.7dB  overall 9.6 fits/s
shard_k2_027136: 256 fits in 29.2s  psnr_med=40.3dB  overall 9.5 fits/s
shard_k2_027392: 256 fits in 29.4s  psnr_med=40.0dB  overall 9.5 fits/s
shard_k2_027648: 256 fits in 29.5s  psnr_med=40.3dB  overall 9.5 fits/s
shard_k2_027904: 256 fits in 29.1s  psnr_med=39.9dB  overall 9.5 fits/s
shard_k2_028160: 256 fits in 29.1s  psnr_med=40.2dB  overall 9.5 fits/s
shard_k2_028416: 256 fits in 28.6s  psnr_med=39.9dB  overall 9.5 fits/s
shard_k2_028672: 256 fits in 28.3s  psnr_med=40.5dB  overall 9.5 fits/s
shard_k2_028928: 256 fits in 29.2s  psnr_med=40.2dB  overall 9.5 fits/s
shard_k2_029184: 256 fits in 29.5s  psnr_med=39.9dB  overall 9.5 fits/s
shard_k2_029440: 256 fits in 29.2s  psnr_med=40.3dB  overall 9.5 fits/s
shard_k2_029696: 256 fits in 29.0s  psnr_med=40.3dB  overall 9.5 fits/s
shard_k2_029952: 256 fits in 29.4s  psnr_med=39.5dB  overall 9.5 fits/s
shard_k2_030208: 256 fits in 29.3s  psnr_med=40.3dB  overall 9.5 fits/s
shard_k2_030464: 256 fits in 29.1s  psnr_med=40.1dB  overall 9.5 fits/s
shard_k2_030720: 256 fits in 29.5s  psnr_med=40.2dB  overall 9.5 fits/s
shard_k2_030976: 256 fits in 29.4s  psnr_med=40.2dB  overall 9.5 fits/s
shard_k2_031232: 256 fits in 29.3s  psnr_med=40.0dB  overall 9.5 fits/s
shard_k2_031488: 256 fits in 29.4s  psnr_med=40.5dB  overall 9.5 fits/s
shard_k2_031744: 256 fits in 31.1s  psnr_med=40.2dB  overall 9.5 fits/s
shard_k2_032000: 256 fits in 42.5s  psnr_med=40.2dB  overall 9.5 fits/s
shard_k2_032256: 256 fits in 38.5s  psnr_med=40.1dB  overall 9.5 fits/s
shard_k2_032512: 256 fits in 35.7s  psnr_med=40.7dB  overall 9.5 fits/s
shard_k2_032768: 256 fits in 32.8s  psnr_med=40.2dB  overall 9.5 fits/s
shard_k2_033024: 256 fits in 35.5s  psnr_med=40.5dB  overall 9.5 fits/s
shard_k2_033280: 256 fits in 35.9s  psnr_med=40.6dB  overall 9.5 fits/s
shard_k2_033536: 256 fits in 31.0s  psnr_med=40.1dB  overall 9.5 fits/s
shard_k2_033792: 256 fits in 30.7s  psnr_med=40.5dB  overall 9.5 fits/s
shard_k2_034048: 256 fits in 30.1s  psnr_med=40.3dB  overall 9.5 fits/s
shard_k2_034304: 256 fits in 33.7s  psnr_med=39.8dB  overall 9.5 fits/s
shard_k2_034560: 256 fits in 38.0s  psnr_med=40.2dB  overall 9.5 fits/s
shard_k2_034816: 256 fits in 30.1s  psnr_med=39.8dB  overall 9.4 fits/s
shard_k2_035072: 256 fits in 32.7s  psnr_med=40.0dB  overall 9.4 fits/s
shard_k2_035328: 256 fits in 38.4s  psnr_med=40.2dB  overall 9.4 fits/s
shard_k2_035584: 256 fits in 30.0s  psnr_med=40.3dB  overall 9.4 fits/s
shard_k2_035840: 256 fits in 29.0s  psnr_med=40.2dB  overall 9.4 fits/s
shard_k2_036096: 256 fits in 28.5s  psnr_med=40.4dB  overall 9.4 fits/s
shard_k2_036352: 256 fits in 29.1s  psnr_med=40.0dB  overall 9.4 fits/s
shard_k2_036608: 256 fits in 28.8s  psnr_med=40.4dB  overall 9.4 fits/s
shard_k2_036864: 256 fits in 28.8s  psnr_med=40.1dB  overall 9.4 fits/s
shard_k2_037120: 256 fits in 28.9s  psnr_med=40.4dB  overall 9.4 fits/s
shard_k2_037376: 256 fits in 29.4s  psnr_med=40.3dB  overall 9.4 fits/s
shard_k2_037632: 256 fits in 29.3s  psnr_med=40.3dB  overall 9.4 fits/s
shard_k2_037888: 256 fits in 29.1s  psnr_med=40.1dB  overall 9.4 fits/s
shard_k2_038144: 256 fits in 29.5s  psnr_med=40.6dB  overall 9.4 fits/s
shard_k2_038400: 256 fits in 29.5s  psnr_med=40.3dB  overall 9.4 fits/s
shard_k2_038656: 256 fits in 29.9s  psnr_med=40.4dB  overall 9.4 fits/s
shard_k2_038912: 256 fits in 29.6s  psnr_med=40.3dB  overall 9.4 fits/s
shard_k2_039168: 256 fits in 29.8s  psnr_med=40.7dB  overall 9.4 fits/s
shard_k2_039424: 256 fits in 29.9s  psnr_med=40.6dB  overall 9.4 fits/s
shard_k2_039680: 256 fits in 29.7s  psnr_med=40.1dB  overall 9.4 fits/s
shard_k2_039936: 256 fits in 29.5s  psnr_med=39.8dB  overall 9.4 fits/s
shard_k2_040192: 256 fits in 29.4s  psnr_med=40.5dB  overall 9.4 fits/s
shard_k2_040448: 256 fits in 29.4s  psnr_med=40.2dB  overall 9.4 fits/s
shard_k2_040704: 256 fits in 29.0s  psnr_med=40.1dB  overall 9.4 fits/s
shard_k2_040960: 256 fits in 28.5s  psnr_med=40.1dB  overall 9.4 fits/s
shard_k2_041216: 256 fits in 28.5s  psnr_med=40.3dB  overall 9.4 fits/s
shard_k2_041472: 256 fits in 29.1s  psnr_med=40.3dB  overall 9.4 fits/s
shard_k2_041728: 256 fits in 28.4s  psnr_med=40.4dB  overall 9.4 fits/s
shard_k2_041984: 256 fits in 28.7s  psnr_med=40.3dB  overall 9.4 fits/s
shard_k2_042240: 256 fits in 28.9s  psnr_med=40.3dB  overall 9.4 fits/s
shard_k2_042496: 256 fits in 29.1s  psnr_med=40.5dB  overall 9.4 fits/s
shard_k2_042752: 256 fits in 28.9s  psnr_med=40.2dB  overall 9.4 fits/s
shard_k2_043008: 256 fits in 28.4s  psnr_med=40.2dB  overall 9.4 fits/s
shard_k2_043264: 256 fits in 28.3s  psnr_med=40.5dB  overall 9.4 fits/s
shard_k2_043520: 256 fits in 29.1s  psnr_med=40.5dB  overall 9.4 fits/s
shard_k2_043776: 256 fits in 29.0s  psnr_med=40.1dB  overall 9.4 fits/s
shard_k2_044032: 256 fits in 28.6s  psnr_med=40.2dB  overall 9.4 fits/s
shard_k2_044288: 256 fits in 28.8s  psnr_med=40.3dB  overall 9.4 fits/s
shard_k2_044544: 256 fits in 28.6s  psnr_med=39.7dB  overall 9.4 fits/s
shard_k2_044800: 200 fits in 21.9s  psnr_med=40.4dB  overall 9.4 fits/s
shard_k3_000000: 256 fits in 28.0s  psnr_med=40.4dB  overall 9.4 fits/s
shard_k3_000256: 256 fits in 28.1s  psnr_med=39.8dB  overall 9.4 fits/s
shard_k3_000512: 256 fits in 28.3s  psnr_med=40.3dB  overall 9.4 fits/s
shard_k3_000768: 256 fits in 28.1s  psnr_med=40.0dB  overall 9.4 fits/s
shard_k3_001024: 256 fits in 28.1s  psnr_med=40.1dB  overall 9.4 fits/s
shard_k3_001280: 256 fits in 28.2s  psnr_med=40.0dB  overall 9.4 fits/s
shard_k3_001536: 256 fits in 28.6s  psnr_med=40.3dB  overall 9.4 fits/s
shard_k3_001792: 256 fits in 28.1s  psnr_med=40.4dB  overall 9.4 fits/s
shard_k3_002048: 256 fits in 28.0s  psnr_med=40.3dB  overall 9.4 fits/s
shard_k3_002304: 256 fits in 28.0s  psnr_med=40.3dB  overall 9.4 fits/s
shard_k3_002560: 256 fits in 27.5s  psnr_med=40.5dB  overall 9.4 fits/s
shard_k3_002816: 256 fits in 27.5s  psnr_med=40.6dB  overall 9.4 fits/s
shard_k3_003072: 256 fits in 27.2s  psnr_med=40.1dB  overall 9.4 fits/s
shard_k3_003328: 256 fits in 27.3s  psnr_med=40.0dB  overall 9.4 fits/s
shard_k3_003584: 256 fits in 27.3s  psnr_med=39.8dB  overall 9.4 fits/s
shard_k3_003840: 256 fits in 28.9s  psnr_med=40.3dB  overall 9.4 fits/s
shard_k3_004096: 256 fits in 28.1s  psnr_med=40.7dB  overall 9.4 fits/s
shard_k3_004352: 256 fits in 31.1s  psnr_med=40.2dB  overall 9.4 fits/s
shard_k3_004608: 256 fits in 32.0s  psnr_med=40.4dB  overall 9.4 fits/s
shard_k3_004864: 256 fits in 31.4s  psnr_med=40.1dB  overall 9.4 fits/s
shard_k3_005120: 256 fits in 37.0s  psnr_med=40.1dB  overall 9.4 fits/s
shard_k3_005376: 256 fits in 36.2s  psnr_med=40.2dB  overall 9.4 fits/s
shard_k3_005632: 256 fits in 30.0s  psnr_med=40.8dB  overall 9.4 fits/s
shard_k3_005888: 256 fits in 30.1s  psnr_med=40.2dB  overall 9.4 fits/s
shard_k3_006144: 256 fits in 30.7s  psnr_med=39.8dB  overall 9.4 fits/s
shard_k3_006400: 256 fits in 35.6s  psnr_med=40.1dB  overall 9.4 fits/s
shard_k3_006656: 256 fits in 30.7s  psnr_med=40.3dB  overall 9.4 fits/s
shard_k3_006912: 256 fits in 29.4s  psnr_med=40.2dB  overall 9.3 fits/s
shard_k3_007168: 256 fits in 29.3s  psnr_med=40.1dB  overall 9.3 fits/s
shard_k3_007424: 256 fits in 29.9s  psnr_med=40.5dB  overall 9.3 fits/s
shard_k3_007680: 256 fits in 29.0s  psnr_med=40.4dB  overall 9.3 fits/s
shard_k3_007936: 256 fits in 28.8s  psnr_med=40.3dB  overall 9.3 fits/s
shard_k3_008192: 256 fits in 28.5s  psnr_med=40.6dB  overall 9.3 fits/s
shard_k3_008448: 256 fits in 29.2s  psnr_med=40.4dB  overall 9.3 fits/s
shard_k3_008704: 256 fits in 28.6s  psnr_med=40.3dB  overall 9.3 fits/s
shard_k3_008960: 256 fits in 28.9s  psnr_med=40.3dB  overall 9.3 fits/s
shard_k3_009216: 256 fits in 38.1s  psnr_med=40.5dB  overall 9.3 fits/s
shard_k3_009472: 256 fits in 31.0s  psnr_med=40.3dB  overall 9.3 fits/s
shard_k3_009728: 256 fits in 30.2s  psnr_med=39.9dB  overall 9.3 fits/s
shard_k3_009984: 256 fits in 31.4s  psnr_med=40.6dB  overall 9.3 fits/s
shard_k3_010240: 256 fits in 32.7s  psnr_med=40.6dB  overall 9.3 fits/s
shard_k3_010496: 256 fits in 31.1s  psnr_med=40.6dB  overall 9.3 fits/s
shard_k3_010752: 256 fits in 30.6s  psnr_med=40.1dB  overall 9.3 fits/s
shard_k3_011008: 256 fits in 31.2s  psnr_med=40.5dB  overall 9.3 fits/s
shard_k3_011264: 256 fits in 30.5s  psnr_med=40.4dB  overall 9.3 fits/s
shard_k3_011520: 256 fits in 30.3s  psnr_med=39.7dB  overall 9.3 fits/s
shard_k3_011776: 256 fits in 30.2s  psnr_med=40.3dB  overall 9.3 fits/s
shard_k3_012032: 256 fits in 29.8s  psnr_med=40.6dB  overall 9.3 fits/s
shard_k3_012288: 256 fits in 29.8s  psnr_med=40.1dB  overall 9.3 fits/s
shard_k3_012544: 256 fits in 30.2s  psnr_med=39.9dB  overall 9.3 fits/s
shard_k3_012800: 256 fits in 29.9s  psnr_med=39.9dB  overall 9.3 fits/s
shard_k3_013056: 256 fits in 30.1s  psnr_med=40.4dB  overall 9.3 fits/s
shard_k3_013312: 256 fits in 30.0s  psnr_med=40.3dB  overall 9.3 fits/s
shard_k3_013568: 256 fits in 29.3s  psnr_med=40.5dB  overall 9.3 fits/s
shard_k3_013824: 256 fits in 29.7s  psnr_med=40.2dB  overall 9.3 fits/s
shard_k3_014080: 256 fits in 29.6s  psnr_med=40.0dB  overall 9.3 fits/s
shard_k3_014336: 256 fits in 28.7s  psnr_med=40.1dB  overall 9.3 fits/s
shard_k3_014592: 256 fits in 28.8s  psnr_med=40.2dB  overall 9.3 fits/s
shard_k3_014848: 256 fits in 29.1s  psnr_med=40.0dB  overall 9.3 fits/s
shard_k3_015104: 256 fits in 29.0s  psnr_med=40.1dB  overall 9.3 fits/s
shard_k3_015360: 256 fits in 28.9s  psnr_med=40.3dB  overall 9.3 fits/s
shard_k3_015616: 256 fits in 28.6s  psnr_med=39.9dB  overall 9.3 fits/s
shard_k3_015872: 256 fits in 28.8s  psnr_med=40.3dB  overall 9.3 fits/s
shard_k3_016128: 256 fits in 28.4s  psnr_med=40.1dB  overall 9.3 fits/s
shard_k3_016384: 256 fits in 28.2s  psnr_med=40.3dB  overall 9.3 fits/s
shard_k3_016640: 256 fits in 29.0s  psnr_med=40.3dB  overall 9.3 fits/s
shard_k3_016896: 256 fits in 28.9s  psnr_med=40.3dB  overall 9.3 fits/s
shard_k3_017152: 256 fits in 28.9s  psnr_med=40.4dB  overall 9.3 fits/s
shard_k3_017408: 256 fits in 29.0s  psnr_med=40.2dB  overall 9.3 fits/s
shard_k3_017664: 256 fits in 29.4s  psnr_med=40.3dB  overall 9.3 fits/s
shard_k3_017920: 256 fits in 29.3s  psnr_med=40.1dB  overall 9.3 fits/s
shard_k3_018176: 256 fits in 29.7s  psnr_med=40.2dB  overall 9.3 fits/s
shard_k3_018432: 256 fits in 29.7s  psnr_med=40.0dB  overall 9.3 fits/s
shard_k3_018688: 256 fits in 29.1s  psnr_med=40.4dB  overall 9.3 fits/s
shard_k3_018944: 256 fits in 29.3s  psnr_med=40.1dB  overall 9.3 fits/s
shard_k3_019200: 256 fits in 29.5s  psnr_med=40.0dB  overall 9.3 fits/s
shard_k3_019456: 256 fits in 29.9s  psnr_med=39.9dB  overall 9.3 fits/s
shard_k3_019712: 256 fits in 29.5s  psnr_med=40.1dB  overall 9.3 fits/s
shard_k3_019968: 256 fits in 29.5s  psnr_med=40.2dB  overall 9.3 fits/s
shard_k3_020224: 256 fits in 29.6s  psnr_med=40.6dB  overall 9.3 fits/s
shard_k3_020480: 256 fits in 29.3s  psnr_med=40.1dB  overall 9.3 fits/s
shard_k3_020736: 256 fits in 29.3s  psnr_med=40.2dB  overall 9.3 fits/s
shard_k3_020992: 256 fits in 29.4s  psnr_med=40.5dB  overall 9.3 fits/s
shard_k3_021248: 256 fits in 29.7s  psnr_med=40.8dB  overall 9.3 fits/s
shard_k3_021504: 256 fits in 29.4s  psnr_med=40.1dB  overall 9.3 fits/s
shard_k3_021760: 256 fits in 29.9s  psnr_med=40.3dB  overall 9.3 fits/s
shard_k3_022016: 256 fits in 29.3s  psnr_med=39.9dB  overall 9.3 fits/s
shard_k3_022272: 256 fits in 29.8s  psnr_med=40.0dB  overall 9.3 fits/s
shard_k3_022528: 256 fits in 29.5s  psnr_med=40.3dB  overall 9.3 fits/s
shard_k3_022784: 256 fits in 29.5s  psnr_med=40.4dB  overall 9.3 fits/s
shard_k3_023040: 256 fits in 30.1s  psnr_med=40.2dB  overall 9.3 fits/s
shard_k3_023296: 256 fits in 28.7s  psnr_med=40.0dB  overall 9.3 fits/s
shard_k3_023552: 256 fits in 29.6s  psnr_med=40.0dB  overall 9.3 fits/s
shard_k3_023808: 256 fits in 29.0s  psnr_med=39.8dB  overall 9.3 fits/s
shard_k3_024064: 256 fits in 29.1s  psnr_med=40.2dB  overall 9.3 fits/s
shard_k3_024320: 256 fits in 28.9s  psnr_med=40.1dB  overall 9.3 fits/s
shard_k3_024576: 256 fits in 29.5s  psnr_med=40.2dB  overall 9.3 fits/s
shard_k3_024832: 256 fits in 30.2s  psnr_med=40.6dB  overall 9.3 fits/s
shard_k3_025088: 256 fits in 29.7s  psnr_med=40.4dB  overall 9.3 fits/s
shard_k3_025344: 256 fits in 29.4s  psnr_med=40.4dB  overall 9.3 fits/s
shard_k3_025600: 256 fits in 29.5s  psnr_med=40.2dB  overall 9.3 fits/s
shard_k3_025856: 256 fits in 29.4s  psnr_med=40.2dB  overall 9.3 fits/s
shard_k3_026112: 256 fits in 29.5s  psnr_med=40.3dB  overall 9.3 fits/s
shard_k3_026368: 256 fits in 29.3s  psnr_med=39.9dB  overall 9.3 fits/s
shard_k3_026624: 256 fits in 29.7s  psnr_med=40.1dB  overall 9.3 fits/s
shard_k3_026880: 256 fits in 29.5s  psnr_med=40.6dB  overall 9.3 fits/s
shard_k3_027136: 256 fits in 29.6s  psnr_med=40.1dB  overall 9.3 fits/s
shard_k3_027392: 256 fits in 29.6s  psnr_med=40.0dB  overall 9.3 fits/s
shard_k3_027648: 256 fits in 29.4s  psnr_med=40.4dB  overall 9.3 fits/s
shard_k3_027904: 256 fits in 29.9s  psnr_med=40.0dB  overall 9.2 fits/s
shard_k3_028160: 256 fits in 30.0s  psnr_med=40.3dB  overall 9.2 fits/s
shard_k3_028416: 256 fits in 30.1s  psnr_med=39.9dB  overall 9.2 fits/s
shard_k3_028672: 256 fits in 29.8s  psnr_med=40.6dB  overall 9.2 fits/s
shard_k3_028928: 256 fits in 30.0s  psnr_med=40.1dB  overall 9.2 fits/s
shard_k3_029184: 256 fits in 30.0s  psnr_med=40.0dB  overall 9.2 fits/s
shard_k3_029440: 256 fits in 29.8s  psnr_med=40.3dB  overall 9.2 fits/s
shard_k3_029696: 256 fits in 29.6s  psnr_med=40.4dB  overall 9.2 fits/s
shard_k3_029952: 256 fits in 29.5s  psnr_med=40.0dB  overall 9.2 fits/s
shard_k3_030208: 256 fits in 29.4s  psnr_med=40.3dB  overall 9.2 fits/s
shard_k3_030464: 256 fits in 29.9s  psnr_med=39.7dB  overall 9.2 fits/s
shard_k3_030720: 256 fits in 30.0s  psnr_med=40.1dB  overall 9.2 fits/s
shard_k3_030976: 256 fits in 29.9s  psnr_med=40.3dB  overall 9.2 fits/s
shard_k3_031232: 256 fits in 29.3s  psnr_med=40.0dB  overall 9.2 fits/s
shard_k3_031488: 256 fits in 30.2s  psnr_med=40.4dB  overall 9.2 fits/s
shard_k3_031744: 256 fits in 29.5s  psnr_med=40.3dB  overall 9.2 fits/s
shard_k3_032000: 256 fits in 29.8s  psnr_med=40.3dB  overall 9.2 fits/s
shard_k3_032256: 256 fits in 29.8s  psnr_med=40.2dB  overall 9.2 fits/s
shard_k3_032512: 256 fits in 29.7s  psnr_med=40.5dB  overall 9.2 fits/s
shard_k3_032768: 256 fits in 29.9s  psnr_med=40.0dB  overall 9.2 fits/s
shard_k3_033024: 256 fits in 29.9s  psnr_med=40.3dB  overall 9.2 fits/s
shard_k3_033280: 256 fits in 30.2s  psnr_med=40.7dB  overall 9.2 fits/s
shard_k3_033536: 256 fits in 30.0s  psnr_med=40.4dB  overall 9.2 fits/s
shard_k3_033792: 256 fits in 29.8s  psnr_med=40.5dB  overall 9.2 fits/s
shard_k3_034048: 256 fits in 29.7s  psnr_med=40.1dB  overall 9.2 fits/s
shard_k3_034304: 256 fits in 29.3s  psnr_med=40.0dB  overall 9.2 fits/s
shard_k3_034560: 256 fits in 29.8s  psnr_med=40.0dB  overall 9.2 fits/s
shard_k3_034816: 256 fits in 29.8s  psnr_med=40.0dB  overall 9.2 fits/s
shard_k3_035072: 256 fits in 29.7s  psnr_med=40.3dB  overall 9.2 fits/s
shard_k3_035328: 256 fits in 29.8s  psnr_med=40.3dB  overall 9.2 fits/s
shard_k3_035584: 256 fits in 29.7s  psnr_med=40.1dB  overall 9.2 fits/s
shard_k3_035840: 256 fits in 29.2s  psnr_med=40.0dB  overall 9.2 fits/s
shard_k3_036096: 256 fits in 30.1s  psnr_med=40.6dB  overall 9.2 fits/s
shard_k3_036352: 256 fits in 29.9s  psnr_med=40.2dB  overall 9.2 fits/s
shard_k3_036608: 256 fits in 28.5s  psnr_med=40.3dB  overall 9.2 fits/s
shard_k3_036864: 256 fits in 31.5s  psnr_med=40.1dB  overall 9.2 fits/s
shard_k3_037120: 256 fits in 52.4s  psnr_med=40.5dB  overall 9.2 fits/s
shard_k3_037376: 256 fits in 50.3s  psnr_med=40.2dB  overall 9.2 fits/s
shard_k3_037632: 256 fits in 40.4s  psnr_med=40.3dB  overall 9.2 fits/s
shard_k3_037888: 256 fits in 35.4s  psnr_med=40.2dB  overall 9.2 fits/s
shard_k3_038144: 256 fits in 34.0s  psnr_med=40.3dB  overall 9.2 fits/s
shard_k3_038400: 256 fits in 33.9s  psnr_med=40.3dB  overall 9.2 fits/s
shard_k3_038656: 256 fits in 33.9s  psnr_med=40.2dB  overall 9.2 fits/s
shard_k3_038912: 256 fits in 33.9s  psnr_med=40.3dB  overall 9.2 fits/s
shard_k3_039168: 256 fits in 34.0s  psnr_med=40.8dB  overall 9.2 fits/s
shard_k3_039424: 256 fits in 34.4s  psnr_med=40.6dB  overall 9.2 fits/s
shard_k3_039680: 256 fits in 34.4s  psnr_med=40.2dB  overall 9.2 fits/s
shard_k3_039936: 256 fits in 34.5s  psnr_med=39.8dB  overall 9.2 fits/s
shard_k3_040192: 256 fits in 34.2s  psnr_med=40.7dB  overall 9.2 fits/s
shard_k3_040448: 256 fits in 34.8s  psnr_med=40.3dB  overall 9.1 fits/s
shard_k3_040704: 256 fits in 34.7s  psnr_med=40.4dB  overall 9.1 fits/s
shard_k3_040960: 256 fits in 34.5s  psnr_med=40.1dB  overall 9.1 fits/s
shard_k3_041216: 256 fits in 34.8s  psnr_med=40.3dB  overall 9.1 fits/s
shard_k3_041472: 256 fits in 35.1s  psnr_med=40.0dB  overall 9.1 fits/s
shard_k3_041728: 256 fits in 35.4s  psnr_med=40.3dB  overall 9.1 fits/s
shard_k3_041984: 256 fits in 35.7s  psnr_med=40.6dB  overall 9.1 fits/s
shard_k3_042240: 256 fits in 35.6s  psnr_med=40.3dB  overall 9.1 fits/s
shard_k3_042496: 256 fits in 35.6s  psnr_med=40.4dB  overall 9.1 fits/s
shard_k3_042752: 256 fits in 35.9s  psnr_med=40.3dB  overall 9.1 fits/s
shard_k3_043008: 256 fits in 36.3s  psnr_med=40.1dB  overall 9.1 fits/s
shard_k3_043264: 256 fits in 36.7s  psnr_med=40.5dB  overall 9.1 fits/s
shard_k3_043520: 256 fits in 33.7s  psnr_med=40.5dB  overall 9.1 fits/s
shard_k3_043776: 256 fits in 33.1s  psnr_med=40.0dB  overall 9.1 fits/s
shard_k3_044032: 256 fits in 33.1s  psnr_med=40.5dB  overall 9.1 fits/s
shard_k3_044288: 256 fits in 33.4s  psnr_med=40.2dB  overall 9.1 fits/s
shard_k3_044544: 256 fits in 33.1s  psnr_med=39.9dB  overall 9.1 fits/s
shard_k3_044800: 200 fits in 26.0s  psnr_med=40.4dB  overall 9.1 fits/s
shard_k4_000000: 256 fits in 33.1s  psnr_med=40.3dB  overall 9.1 fits/s
shard_k4_000256: 256 fits in 33.1s  psnr_med=39.8dB  overall 9.1 fits/s
shard_k4_000512: 256 fits in 33.4s  psnr_med=40.4dB  overall 9.1 fits/s
shard_k4_000768: 256 fits in 33.6s  psnr_med=40.3dB  overall 9.1 fits/s
shard_k4_001024: 256 fits in 33.6s  psnr_med=40.3dB  overall 9.1 fits/s
shard_k4_001280: 256 fits in 34.3s  psnr_med=40.1dB  overall 9.1 fits/s
shard_k4_001536: 256 fits in 33.8s  psnr_med=39.9dB  overall 9.1 fits/s
shard_k4_001792: 256 fits in 35.1s  psnr_med=40.4dB  overall 9.1 fits/s
shard_k4_002048: 256 fits in 33.9s  psnr_med=40.3dB  overall 9.1 fits/s
shard_k4_002304: 256 fits in 34.2s  psnr_med=40.1dB  overall 9.1 fits/s
shard_k4_002560: 256 fits in 33.8s  psnr_med=40.4dB  overall 9.1 fits/s
shard_k4_002816: 256 fits in 33.6s  psnr_med=40.5dB  overall 9.1 fits/s
shard_k4_003072: 256 fits in 33.6s  psnr_med=39.9dB  overall 9.1 fits/s
shard_k4_003328: 256 fits in 33.6s  psnr_med=40.0dB  overall 9.1 fits/s
shard_k4_003584: 256 fits in 33.8s  psnr_med=39.8dB  overall 9.1 fits/s
shard_k4_003840: 256 fits in 33.9s  psnr_med=40.2dB  overall 9.1 fits/s
shard_k4_004096: 256 fits in 33.8s  psnr_med=41.0dB  overall 9.1 fits/s
shard_k4_004352: 256 fits in 33.4s  psnr_med=40.4dB  overall 9.1 fits/s
shard_k4_004608: 256 fits in 33.8s  psnr_med=40.4dB  overall 9.0 fits/s
shard_k4_004864: 256 fits in 33.9s  psnr_med=40.2dB  overall 9.0 fits/s
shard_k4_005120: 256 fits in 33.7s  psnr_med=40.2dB  overall 9.0 fits/s
shard_k4_005376: 256 fits in 33.6s  psnr_med=40.2dB  overall 9.0 fits/s
shard_k4_005632: 256 fits in 32.9s  psnr_med=40.7dB  overall 9.0 fits/s
shard_k4_005888: 256 fits in 33.3s  psnr_med=40.4dB  overall 9.0 fits/s
shard_k4_006144: 256 fits in 32.5s  psnr_med=40.2dB  overall 9.0 fits/s
shard_k4_006400: 256 fits in 32.3s  psnr_med=40.2dB  overall 9.0 fits/s
shard_k4_006656: 256 fits in 32.1s  psnr_med=40.0dB  overall 9.0 fits/s
shard_k4_006912: 256 fits in 32.0s  psnr_med=40.4dB  overall 9.0 fits/s
shard_k4_007168: 256 fits in 31.9s  psnr_med=40.1dB  overall 9.0 fits/s
shard_k4_007424: 256 fits in 31.9s  psnr_med=40.6dB  overall 9.0 fits/s
shard_k4_007680: 256 fits in 31.8s  psnr_med=40.1dB  overall 9.0 fits/s
shard_k4_007936: 256 fits in 31.9s  psnr_med=40.3dB  overall 9.0 fits/s
shard_k4_008192: 256 fits in 31.9s  psnr_med=40.5dB  overall 9.0 fits/s
shard_k4_008448: 256 fits in 32.0s  psnr_med=40.3dB  overall 9.0 fits/s
shard_k4_008704: 256 fits in 32.0s  psnr_med=40.2dB  overall 9.0 fits/s
shard_k4_008960: 256 fits in 31.8s  psnr_med=40.4dB  overall 9.0 fits/s
shard_k4_009216: 256 fits in 31.7s  psnr_med=40.5dB  overall 9.0 fits/s
shard_k4_009472: 256 fits in 31.6s  psnr_med=40.5dB  overall 9.0 fits/s
shard_k4_009728: 256 fits in 31.0s  psnr_med=40.3dB  overall 9.0 fits/s
shard_k4_009984: 256 fits in 30.9s  psnr_med=40.5dB  overall 9.0 fits/s
shard_k4_010240: 256 fits in 30.9s  psnr_med=40.3dB  overall 9.0 fits/s
shard_k4_010496: 256 fits in 30.6s  psnr_med=40.4dB  overall 9.0 fits/s
shard_k4_010752: 256 fits in 30.0s  psnr_med=40.4dB  overall 9.0 fits/s
shard_k4_011008: 256 fits in 29.5s  psnr_med=40.6dB  overall 9.0 fits/s
shard_k4_011264: 256 fits in 29.3s  psnr_med=40.3dB  overall 9.0 fits/s
shard_k4_011520: 256 fits in 28.9s  psnr_med=39.8dB  overall 9.0 fits/s
shard_k4_011776: 256 fits in 29.6s  psnr_med=40.3dB  overall 9.0 fits/s
shard_k4_012032: 256 fits in 28.8s  psnr_med=40.4dB  overall 9.0 fits/s
shard_k4_012288: 256 fits in 28.8s  psnr_med=40.4dB  overall 9.0 fits/s
shard_k4_012544: 256 fits in 28.8s  psnr_med=40.1dB  overall 9.0 fits/s
shard_k4_012800: 256 fits in 28.7s  psnr_med=39.8dB  overall 9.0 fits/s
shard_k4_013056: 256 fits in 28.6s  psnr_med=40.3dB  overall 9.0 fits/s
shard_k4_013312: 256 fits in 28.7s  psnr_med=40.1dB  overall 9.0 fits/s
shard_k4_013568: 256 fits in 28.7s  psnr_med=40.3dB  overall 9.0 fits/s
shard_k4_013824: 256 fits in 28.8s  psnr_med=40.1dB  overall 9.0 fits/s
shard_k4_014080: 256 fits in 28.4s  psnr_med=40.0dB  overall 9.0 fits/s
shard_k4_014336: 256 fits in 28.3s  psnr_med=40.1dB  overall 9.0 fits/s
shard_k4_014592: 256 fits in 28.5s  psnr_med=40.3dB  overall 9.0 fits/s
shard_k4_014848: 256 fits in 28.3s  psnr_med=40.2dB  overall 9.0 fits/s
shard_k4_015104: 256 fits in 28.3s  psnr_med=40.1dB  overall 9.0 fits/s
shard_k4_015360: 256 fits in 28.6s  psnr_med=40.5dB  overall 9.0 fits/s
shard_k4_015616: 256 fits in 28.4s  psnr_med=39.9dB  overall 9.0 fits/s
shard_k4_015872: 256 fits in 28.7s  psnr_med=40.4dB  overall 9.0 fits/s
shard_k4_016128: 256 fits in 28.3s  psnr_med=40.2dB  overall 9.0 fits/s
shard_k4_016384: 256 fits in 28.4s  psnr_med=40.4dB  overall 9.0 fits/s
shard_k4_016640: 256 fits in 28.3s  psnr_med=40.3dB  overall 9.0 fits/s
shard_k4_016896: 256 fits in 28.2s  psnr_med=39.9dB  overall 9.0 fits/s
shard_k4_017152: 256 fits in 28.3s  psnr_med=40.2dB  overall 9.0 fits/s
shard_k4_017408: 256 fits in 28.3s  psnr_med=40.1dB  overall 9.0 fits/s
shard_k4_017664: 256 fits in 28.2s  psnr_med=40.5dB  overall 9.0 fits/s
shard_k4_017920: 256 fits in 27.9s  psnr_med=40.0dB  overall 9.0 fits/s
shard_k4_018176: 256 fits in 28.1s  psnr_med=40.1dB  overall 9.0 fits/s
shard_k4_018432: 256 fits in 28.1s  psnr_med=40.2dB  overall 9.0 fits/s
shard_k4_018688: 256 fits in 28.2s  psnr_med=40.1dB  overall 9.0 fits/s
shard_k4_018944: 256 fits in 28.1s  psnr_med=40.0dB  overall 9.0 fits/s
shard_k4_019200: 256 fits in 28.2s  psnr_med=40.2dB  overall 9.0 fits/s
shard_k4_019456: 256 fits in 28.2s  psnr_med=40.1dB  overall 9.0 fits/s
shard_k4_019712: 256 fits in 28.4s  psnr_med=40.4dB  overall 9.0 fits/s
shard_k4_019968: 256 fits in 28.4s  psnr_med=40.4dB  overall 9.0 fits/s
shard_k4_020224: 256 fits in 28.1s  psnr_med=40.3dB  overall 9.0 fits/s
shard_k4_020480: 256 fits in 28.2s  psnr_med=40.4dB  overall 9.0 fits/s
shard_k4_020736: 256 fits in 28.4s  psnr_med=40.2dB  overall 9.0 fits/s
shard_k4_020992: 256 fits in 28.3s  psnr_med=40.7dB  overall 9.0 fits/s
shard_k4_021248: 256 fits in 28.9s  psnr_med=40.7dB  overall 9.0 fits/s
shard_k4_021504: 256 fits in 29.1s  psnr_med=40.5dB  overall 9.0 fits/s
shard_k4_021760: 256 fits in 29.3s  psnr_med=40.3dB  overall 9.0 fits/s
shard_k4_022016: 256 fits in 29.4s  psnr_med=40.0dB  overall 9.0 fits/s
shard_k4_022272: 256 fits in 29.1s  psnr_med=40.1dB  overall 9.0 fits/s
shard_k4_022528: 256 fits in 29.5s  psnr_med=40.3dB  overall 9.0 fits/s
shard_k4_022784: 256 fits in 32.9s  psnr_med=40.6dB  overall 9.0 fits/s
shard_k4_023040: 256 fits in 33.1s  psnr_med=40.0dB  overall 9.0 fits/s
shard_k4_023296: 256 fits in 29.1s  psnr_med=40.0dB  overall 9.0 fits/s
shard_k4_023552: 256 fits in 26.6s  psnr_med=39.7dB  overall 9.0 fits/s
shard_k4_023808: 256 fits in 26.4s  psnr_med=39.9dB  overall 9.0 fits/s
shard_k4_024064: 256 fits in 26.1s  psnr_med=40.4dB  overall 9.0 fits/s
shard_k4_024320: 256 fits in 26.2s  psnr_med=40.3dB  overall 9.0 fits/s
shard_k4_024576: 256 fits in 26.1s  psnr_med=40.2dB  overall 9.0 fits/s
shard_k4_024832: 256 fits in 26.1s  psnr_med=40.5dB  overall 9.0 fits/s
shard_k4_025088: 256 fits in 25.8s  psnr_med=40.2dB  overall 9.0 fits/s
shard_k4_025344: 256 fits in 25.8s  psnr_med=40.2dB  overall 9.0 fits/s
shard_k4_025600: 256 fits in 25.7s  psnr_med=39.9dB  overall 9.0 fits/s
shard_k4_025856: 256 fits in 25.8s  psnr_med=40.4dB  overall 9.0 fits/s
shard_k4_026112: 256 fits in 25.9s  psnr_med=40.5dB  overall 9.0 fits/s
shard_k4_026368: 256 fits in 25.8s  psnr_med=39.8dB  overall 9.0 fits/s
shard_k4_026624: 256 fits in 25.9s  psnr_med=39.9dB  overall 9.0 fits/s
shard_k4_026880: 256 fits in 26.1s  psnr_med=40.4dB  overall 9.0 fits/s
shard_k4_027136: 256 fits in 25.8s  psnr_med=40.2dB  overall 9.0 fits/s
shard_k4_027392: 256 fits in 25.9s  psnr_med=40.3dB  overall 9.0 fits/s
shard_k4_027648: 256 fits in 25.9s  psnr_med=40.3dB  overall 9.0 fits/s
shard_k4_027904: 256 fits in 26.0s  psnr_med=40.2dB  overall 9.0 fits/s
shard_k4_028160: 256 fits in 25.9s  psnr_med=40.3dB  overall 9.0 fits/s
shard_k4_028416: 256 fits in 25.9s  psnr_med=40.0dB  overall 9.0 fits/s
shard_k4_028672: 256 fits in 25.8s  psnr_med=40.5dB  overall 9.0 fits/s
shard_k4_028928: 256 fits in 25.7s  psnr_med=40.0dB  overall 9.0 fits/s
shard_k4_029184: 256 fits in 25.9s  psnr_med=39.9dB  overall 9.0 fits/s
shard_k4_029440: 256 fits in 25.8s  psnr_med=40.2dB  overall 9.0 fits/s
shard_k4_029696: 256 fits in 26.1s  psnr_med=40.6dB  overall 9.0 fits/s
shard_k4_029952: 256 fits in 31.9s  psnr_med=39.7dB  overall 9.0 fits/s
shard_k4_030208: 256 fits in 30.2s  psnr_med=40.4dB  overall 9.0 fits/s
shard_k4_030464: 256 fits in 30.7s  psnr_med=40.0dB  overall 9.0 fits/s
shard_k4_030720: 256 fits in 31.1s  psnr_med=39.9dB  overall 9.0 fits/s
shard_k4_030976: 256 fits in 30.9s  psnr_med=40.2dB  overall 9.0 fits/s
shard_k4_031232: 256 fits in 30.7s  psnr_med=39.9dB  overall 9.0 fits/s
shard_k4_031488: 256 fits in 30.5s  psnr_med=40.3dB  overall 9.0 fits/s
shard_k4_031744: 256 fits in 29.5s  psnr_med=40.2dB  overall 9.0 fits/s
shard_k4_032000: 256 fits in 27.5s  psnr_med=40.3dB  overall 9.0 fits/s
shard_k4_032256: 256 fits in 30.7s  psnr_med=40.1dB  overall 9.0 fits/s
shard_k4_032512: 256 fits in 29.9s  psnr_med=40.5dB  overall 9.0 fits/s
shard_k4_032768: 256 fits in 29.9s  psnr_med=40.4dB  overall 9.0 fits/s
shard_k4_033024: 256 fits in 29.8s  psnr_med=40.3dB  overall 9.0 fits/s
shard_k4_033280: 256 fits in 29.7s  psnr_med=40.8dB  overall 9.0 fits/s
shard_k4_033536: 256 fits in 29.9s  psnr_med=40.0dB  overall 9.0 fits/s
shard_k4_033792: 256 fits in 29.7s  psnr_med=40.4dB  overall 9.0 fits/s
shard_k4_034048: 256 fits in 29.7s  psnr_med=40.1dB  overall 9.0 fits/s
shard_k4_034304: 256 fits in 29.7s  psnr_med=40.2dB  overall 9.0 fits/s
shard_k4_034560: 256 fits in 29.8s  psnr_med=40.1dB  overall 9.0 fits/s
shard_k4_034816: 256 fits in 27.9s  psnr_med=40.0dB  overall 9.0 fits/s
shard_k4_035072: 256 fits in 29.6s  psnr_med=40.3dB  overall 9.0 fits/s
shard_k4_035328: 256 fits in 29.8s  psnr_med=40.1dB  overall 9.0 fits/s
shard_k4_035584: 256 fits in 29.9s  psnr_med=40.6dB  overall 9.0 fits/s
shard_k4_035840: 256 fits in 29.7s  psnr_med=40.2dB  overall 9.0 fits/s
shard_k4_036096: 256 fits in 29.6s  psnr_med=40.6dB  overall 9.0 fits/s
shard_k4_036352: 256 fits in 28.6s  psnr_med=40.1dB  overall 9.0 fits/s
shard_k4_036608: 256 fits in 29.6s  psnr_med=40.1dB  overall 9.0 fits/s
shard_k4_036864: 256 fits in 28.9s  psnr_med=40.2dB  overall 9.0 fits/s
shard_k4_037120: 256 fits in 28.4s  psnr_med=40.1dB  overall 9.0 fits/s
shard_k4_037376: 256 fits in 29.6s  psnr_med=40.3dB  overall 9.0 fits/s
shard_k4_037632: 256 fits in 29.6s  psnr_med=40.5dB  overall 9.0 fits/s
shard_k4_037888: 256 fits in 28.8s  psnr_med=40.2dB  overall 9.0 fits/s
shard_k4_038144: 256 fits in 29.8s  psnr_med=40.1dB  overall 9.0 fits/s
shard_k4_038400: 256 fits in 29.4s  psnr_med=40.4dB  overall 9.0 fits/s
shard_k4_038656: 256 fits in 29.1s  psnr_med=40.4dB  overall 9.0 fits/s
shard_k4_038912: 256 fits in 27.0s  psnr_med=40.2dB  overall 9.0 fits/s
shard_k4_039168: 256 fits in 26.9s  psnr_med=40.8dB  overall 9.0 fits/s
shard_k4_039424: 256 fits in 28.3s  psnr_med=40.5dB  overall 9.0 fits/s
shard_k4_039680: 256 fits in 27.4s  psnr_med=40.1dB  overall 9.0 fits/s
shard_k4_039936: 256 fits in 27.5s  psnr_med=39.7dB  overall 9.0 fits/s
shard_k4_040192: 256 fits in 29.1s  psnr_med=40.6dB  overall 9.0 fits/s
shard_k4_040448: 256 fits in 28.0s  psnr_med=40.3dB  overall 9.0 fits/s
shard_k4_040704: 256 fits in 27.7s  psnr_med=40.1dB  overall 9.0 fits/s
shard_k4_040960: 256 fits in 29.3s  psnr_med=39.9dB  overall 9.0 fits/s
shard_k4_041216: 256 fits in 27.9s  psnr_med=40.3dB  overall 9.0 fits/s
shard_k4_041472: 256 fits in 27.6s  psnr_med=40.4dB  overall 9.0 fits/s
shard_k4_041728: 256 fits in 27.7s  psnr_med=40.6dB  overall 9.0 fits/s
shard_k4_041984: 256 fits in 27.4s  psnr_med=40.3dB  overall 9.0 fits/s
shard_k4_042240: 256 fits in 29.1s  psnr_med=40.3dB  overall 9.0 fits/s
shard_k4_042496: 256 fits in 30.6s  psnr_med=40.3dB  overall 9.0 fits/s
shard_k4_042752: 256 fits in 28.3s  psnr_med=40.5dB  overall 9.0 fits/s
shard_k4_043008: 256 fits in 28.8s  psnr_med=40.2dB  overall 9.0 fits/s
shard_k4_043264: 256 fits in 29.6s  psnr_med=40.2dB  overall 9.0 fits/s
shard_k4_043520: 256 fits in 28.7s  psnr_med=40.7dB  overall 9.0 fits/s
shard_k4_043776: 256 fits in 28.0s  psnr_med=40.2dB  overall 9.0 fits/s
shard_k4_044032: 256 fits in 28.0s  psnr_med=40.6dB  overall 9.0 fits/s
shard_k4_044288: 256 fits in 28.4s  psnr_med=40.3dB  overall 9.0 fits/s
shard_k4_044544: 256 fits in 27.9s  psnr_med=39.9dB  overall 9.0 fits/s
shard_k4_044800: 200 fits in 22.7s  psnr_med=40.7dB  overall 9.0 fits/s
shard_k5_000000: 256 fits in 29.6s  psnr_med=40.3dB  overall 9.0 fits/s
shard_k5_000256: 256 fits in 29.2s  psnr_med=39.8dB  overall 9.0 fits/s
shard_k5_000512: 256 fits in 29.2s  psnr_med=40.4dB  overall 9.0 fits/s
shard_k5_000768: 256 fits in 29.1s  psnr_med=40.0dB  overall 9.0 fits/s
shard_k5_001024: 256 fits in 29.2s  psnr_med=40.2dB  overall 9.0 fits/s
shard_k5_001280: 256 fits in 28.6s  psnr_med=39.9dB  overall 9.0 fits/s
shard_k5_001536: 256 fits in 29.2s  psnr_med=40.0dB  overall 9.0 fits/s
shard_k5_001792: 256 fits in 29.4s  psnr_med=40.7dB  overall 9.0 fits/s
shard_k5_002048: 256 fits in 27.4s  psnr_med=40.0dB  overall 9.0 fits/s
shard_k5_002304: 256 fits in 27.6s  psnr_med=40.3dB  overall 9.0 fits/s
shard_k5_002560: 256 fits in 28.1s  psnr_med=40.1dB  overall 9.0 fits/s
shard_k5_002816: 256 fits in 28.3s  psnr_med=40.6dB  overall 9.0 fits/s
shard_k5_003072: 256 fits in 29.6s  psnr_med=40.3dB  overall 9.0 fits/s
shard_k5_003328: 256 fits in 29.4s  psnr_med=40.2dB  overall 9.0 fits/s
shard_k5_003584: 256 fits in 29.3s  psnr_med=39.9dB  overall 9.0 fits/s
shard_k5_003840: 256 fits in 28.1s  psnr_med=40.3dB  overall 9.0 fits/s
shard_k5_004096: 256 fits in 27.1s  psnr_med=41.0dB  overall 9.0 fits/s
shard_k5_004352: 256 fits in 26.9s  psnr_med=40.5dB  overall 9.0 fits/s
shard_k5_004608: 256 fits in 26.9s  psnr_med=40.4dB  overall 9.0 fits/s
shard_k5_004864: 256 fits in 26.9s  psnr_med=39.9dB  overall 9.0 fits/s
shard_k5_005120: 256 fits in 26.8s  psnr_med=40.2dB  overall 9.0 fits/s
shard_k5_005376: 256 fits in 27.8s  psnr_med=40.2dB  overall 9.0 fits/s
shard_k5_005632: 256 fits in 28.5s  psnr_med=40.5dB  overall 9.0 fits/s
shard_k5_005888: 256 fits in 28.5s  psnr_med=40.2dB  overall 9.0 fits/s
shard_k5_006144: 256 fits in 28.9s  psnr_med=40.0dB  overall 9.0 fits/s
shard_k5_006400: 256 fits in 28.8s  psnr_med=40.1dB  overall 9.0 fits/s
shard_k5_006656: 256 fits in 29.0s  psnr_med=39.9dB  overall 9.0 fits/s
shard_k5_006912: 256 fits in 28.1s  psnr_med=40.3dB  overall 9.0 fits/s
shard_k5_007168: 256 fits in 28.8s  psnr_med=40.1dB  overall 9.0 fits/s
shard_k5_007424: 256 fits in 28.4s  psnr_med=40.4dB  overall 9.0 fits/s
shard_k5_007680: 256 fits in 28.6s  psnr_med=40.4dB  overall 9.0 fits/s
shard_k5_007936: 256 fits in 29.4s  psnr_med=40.5dB  overall 9.0 fits/s
shard_k5_008192: 256 fits in 29.2s  psnr_med=40.5dB  overall 9.0 fits/s
shard_k5_008448: 256 fits in 29.1s  psnr_med=40.5dB  overall 9.0 fits/s
shard_k5_008704: 256 fits in 29.0s  psnr_med=40.1dB  overall 9.0 fits/s
shard_k5_008960: 256 fits in 29.3s  psnr_med=40.2dB  overall 9.0 fits/s
shard_k5_009216: 256 fits in 28.7s  psnr_med=40.8dB  overall 9.0 fits/s
shard_k5_009472: 256 fits in 28.9s  psnr_med=40.4dB  overall 9.0 fits/s
shard_k5_009728: 256 fits in 29.4s  psnr_med=40.2dB  overall 9.0 fits/s
shard_k5_009984: 256 fits in 29.1s  psnr_med=40.6dB  overall 9.0 fits/s
shard_k5_010240: 256 fits in 28.8s  psnr_med=40.4dB  overall 9.0 fits/s
shard_k5_010496: 256 fits in 29.6s  psnr_med=40.5dB  overall 9.0 fits/s
shard_k5_010752: 256 fits in 29.5s  psnr_med=40.3dB  overall 9.0 fits/s
shard_k5_011008: 256 fits in 29.5s  psnr_med=40.5dB  overall 9.0 fits/s
shard_k5_011264: 256 fits in 29.1s  psnr_med=40.3dB  overall 9.0 fits/s
shard_k5_011520: 256 fits in 29.7s  psnr_med=39.8dB  overall 9.0 fits/s
shard_k5_011776: 256 fits in 29.2s  psnr_med=40.3dB  overall 9.0 fits/s
shard_k5_012032: 256 fits in 29.0s  psnr_med=40.5dB  overall 9.0 fits/s
shard_k5_012288: 256 fits in 28.7s  psnr_med=40.1dB  overall 9.0 fits/s
shard_k5_012544: 256 fits in 28.4s  psnr_med=39.8dB  overall 9.0 fits/s
shard_k5_012800: 256 fits in 28.6s  psnr_med=39.8dB  overall 9.0 fits/s
shard_k5_013056: 256 fits in 29.5s  psnr_med=40.4dB  overall 9.0 fits/s
shard_k5_013312: 256 fits in 29.3s  psnr_med=40.1dB  overall 9.0 fits/s
shard_k5_013568: 256 fits in 28.6s  psnr_med=40.5dB  overall 9.0 fits/s
shard_k5_013824: 256 fits in 28.9s  psnr_med=40.3dB  overall 9.0 fits/s
shard_k5_014080: 256 fits in 28.7s  psnr_med=39.9dB  overall 9.0 fits/s
shard_k5_014336: 256 fits in 27.2s  psnr_med=39.9dB  overall 9.0 fits/s
shard_k5_014592: 256 fits in 27.6s  psnr_med=40.4dB  overall 9.0 fits/s
shard_k5_014848: 256 fits in 28.2s  psnr_med=40.0dB  overall 9.0 fits/s
shard_k5_015104: 256 fits in 27.2s  psnr_med=40.2dB  overall 9.0 fits/s
shard_k5_015360: 256 fits in 27.6s  psnr_med=40.4dB  overall 9.0 fits/s
shard_k5_015616: 256 fits in 31.7s  psnr_med=40.1dB  overall 9.0 fits/s
shard_k5_015872: 256 fits in 27.5s  psnr_med=40.4dB  overall 9.0 fits/s
shard_k5_016128: 256 fits in 28.4s  psnr_med=39.9dB  overall 9.0 fits/s
shard_k5_016384: 256 fits in 30.4s  psnr_med=40.5dB  overall 9.0 fits/s
shard_k5_016640: 256 fits in 29.3s  psnr_med=40.4dB  overall 9.0 fits/s
shard_k5_016896: 256 fits in 28.6s  psnr_med=40.1dB  overall 9.0 fits/s
shard_k5_017152: 256 fits in 28.5s  psnr_med=40.3dB  overall 9.0 fits/s
shard_k5_017408: 256 fits in 27.7s  psnr_med=39.9dB  overall 9.0 fits/s
shard_k5_017664: 256 fits in 28.5s  psnr_med=40.2dB  overall 9.0 fits/s
shard_k5_017920: 256 fits in 28.9s  psnr_med=40.1dB  overall 9.0 fits/s
shard_k5_018176: 256 fits in 28.3s  psnr_med=40.1dB  overall 9.0 fits/s
shard_k5_018432: 256 fits in 28.3s  psnr_med=39.8dB  overall 9.0 fits/s
shard_k5_018688: 256 fits in 28.5s  psnr_med=40.3dB  overall 9.0 fits/s
shard_k5_018944: 256 fits in 29.1s  psnr_med=40.1dB  overall 9.0 fits/s
shard_k5_019200: 256 fits in 29.0s  psnr_med=39.9dB  overall 9.0 fits/s
shard_k5_019456: 256 fits in 28.8s  psnr_med=39.8dB  overall 9.0 fits/s
shard_k5_019712: 256 fits in 28.6s  psnr_med=40.3dB  overall 9.0 fits/s
shard_k5_019968: 256 fits in 28.7s  psnr_med=40.4dB  overall 9.0 fits/s
shard_k5_020224: 256 fits in 28.9s  psnr_med=40.4dB  overall 9.0 fits/s
shard_k5_020480: 256 fits in 29.7s  psnr_med=40.3dB  overall 9.0 fits/s
shard_k5_020736: 256 fits in 29.4s  psnr_med=40.1dB  overall 9.0 fits/s
shard_k5_020992: 256 fits in 29.3s  psnr_med=40.5dB  overall 9.0 fits/s
shard_k5_021248: 256 fits in 29.3s  psnr_med=40.7dB  overall 9.0 fits/s
shard_k5_021504: 256 fits in 29.2s  psnr_med=40.2dB  overall 9.0 fits/s
shard_k5_021760: 256 fits in 29.0s  psnr_med=40.5dB  overall 9.0 fits/s
shard_k5_022016: 256 fits in 28.8s  psnr_med=40.0dB  overall 9.0 fits/s
shard_k5_022272: 256 fits in 28.9s  psnr_med=40.0dB  overall 9.0 fits/s
shard_k5_022528: 256 fits in 29.7s  psnr_med=40.3dB  overall 9.0 fits/s
shard_k5_022784: 256 fits in 27.0s  psnr_med=40.5dB  overall 9.0 fits/s
shard_k5_023040: 256 fits in 26.6s  psnr_med=40.3dB  overall 9.0 fits/s
shard_k5_023296: 256 fits in 26.3s  psnr_med=40.1dB  overall 9.0 fits/s
shard_k5_023552: 256 fits in 26.3s  psnr_med=40.2dB  overall 9.0 fits/s
shard_k5_023808: 256 fits in 26.3s  psnr_med=39.9dB  overall 9.0 fits/s
shard_k5_024064: 256 fits in 26.2s  psnr_med=40.1dB  overall 9.0 fits/s
shard_k5_024320: 256 fits in 26.2s  psnr_med=40.5dB  overall 9.0 fits/s
shard_k5_024576: 256 fits in 26.4s  psnr_med=40.1dB  overall 9.0 fits/s
shard_k5_024832: 256 fits in 26.2s  psnr_med=40.4dB  overall 9.0 fits/s
shard_k5_025088: 256 fits in 26.5s  psnr_med=40.2dB  overall 9.0 fits/s
shard_k5_025344: 256 fits in 26.5s  psnr_med=40.3dB  overall 9.0 fits/s
shard_k5_025600: 256 fits in 26.4s  psnr_med=39.9dB  overall 9.0 fits/s
shard_k5_025856: 256 fits in 26.5s  psnr_med=40.2dB  overall 9.0 fits/s
shard_k5_026112: 256 fits in 26.3s  psnr_med=40.5dB  overall 9.0 fits/s
shard_k5_026368: 256 fits in 26.5s  psnr_med=39.9dB  overall 9.0 fits/s
shard_k5_026624: 256 fits in 26.5s  psnr_med=40.1dB  overall 9.0 fits/s
shard_k5_026880: 256 fits in 26.4s  psnr_med=40.8dB  overall 9.0 fits/s
shard_k5_027136: 256 fits in 26.3s  psnr_med=40.1dB  overall 9.0 fits/s
shard_k5_027392: 256 fits in 26.2s  psnr_med=40.0dB  overall 9.0 fits/s
shard_k5_027648: 256 fits in 26.3s  psnr_med=40.5dB  overall 9.0 fits/s
shard_k5_027904: 256 fits in 26.4s  psnr_med=40.0dB  overall 9.0 fits/s
shard_k5_028160: 256 fits in 26.3s  psnr_med=40.2dB  overall 9.0 fits/s
shard_k5_028416: 256 fits in 26.4s  psnr_med=39.8dB  overall 9.0 fits/s
shard_k5_028672: 256 fits in 26.7s  psnr_med=40.7dB  overall 9.0 fits/s
shard_k5_028928: 256 fits in 26.2s  psnr_med=39.8dB  overall 9.0 fits/s
shard_k5_029184: 256 fits in 26.5s  psnr_med=40.2dB  overall 9.0 fits/s
shard_k5_029440: 256 fits in 26.4s  psnr_med=40.1dB  overall 9.0 fits/s
shard_k5_029696: 256 fits in 26.2s  psnr_med=40.4dB  overall 9.0 fits/s
shard_k5_029952: 256 fits in 26.1s  psnr_med=39.9dB  overall 9.0 fits/s
shard_k5_030208: 256 fits in 26.1s  psnr_med=40.2dB  overall 9.0 fits/s
shard_k5_030464: 256 fits in 26.2s  psnr_med=39.7dB  overall 9.0 fits/s
shard_k5_030720: 256 fits in 26.5s  psnr_med=40.1dB  overall 9.0 fits/s
shard_k5_030976: 256 fits in 26.2s  psnr_med=40.2dB  overall 9.0 fits/s
shard_k5_031232: 256 fits in 26.4s  psnr_med=39.9dB  overall 9.0 fits/s
shard_k5_031488: 256 fits in 26.4s  psnr_med=40.4dB  overall 9.0 fits/s
shard_k5_031744: 256 fits in 26.3s  psnr_med=40.2dB  overall 9.0 fits/s
shard_k5_032000: 256 fits in 26.2s  psnr_med=40.3dB  overall 9.0 fits/s
shard_k5_032256: 256 fits in 26.3s  psnr_med=40.2dB  overall 9.0 fits/s
shard_k5_032512: 256 fits in 26.2s  psnr_med=40.4dB  overall 9.0 fits/s
shard_k5_032768: 256 fits in 26.1s  psnr_med=40.2dB  overall 9.0 fits/s
shard_k5_033024: 256 fits in 26.2s  psnr_med=40.2dB  overall 9.0 fits/s
shard_k5_033280: 256 fits in 26.4s  psnr_med=40.7dB  overall 9.0 fits/s
shard_k5_033536: 256 fits in 26.4s  psnr_med=40.0dB  overall 9.0 fits/s
shard_k5_033792: 256 fits in 26.5s  psnr_med=40.3dB  overall 9.0 fits/s
shard_k5_034048: 256 fits in 26.5s  psnr_med=40.4dB  overall 9.0 fits/s
shard_k5_034304: 256 fits in 34.6s  psnr_med=40.1dB  overall 9.0 fits/s
shard_k5_034560: 256 fits in 26.9s  psnr_med=40.1dB  overall 9.0 fits/s
shard_k5_034816: 256 fits in 33.4s  psnr_med=39.9dB  overall 9.0 fits/s
shard_k5_035072: 256 fits in 52.9s  psnr_med=40.3dB  overall 9.0 fits/s
shard_k5_035328: 256 fits in 48.6s  psnr_med=40.4dB  overall 9.0 fits/s
shard_k5_035584: 256 fits in 31.2s  psnr_med=40.2dB  overall 9.0 fits/s
shard_k5_035840: 256 fits in 29.5s  psnr_med=40.1dB  overall 9.0 fits/s
shard_k5_036096: 256 fits in 29.3s  psnr_med=40.4dB  overall 9.0 fits/s
shard_k5_036352: 256 fits in 28.0s  psnr_med=39.9dB  overall 9.0 fits/s
shard_k5_036608: 256 fits in 27.4s  psnr_med=40.2dB  overall 9.0 fits/s
shard_k5_036864: 256 fits in 28.8s  psnr_med=40.3dB  overall 9.0 fits/s
shard_k5_037120: 256 fits in 27.3s  psnr_med=40.4dB  overall 9.0 fits/s
shard_k5_037376: 256 fits in 28.2s  psnr_med=40.7dB  overall 9.0 fits/s
shard_k5_037632: 256 fits in 27.2s  psnr_med=40.3dB  overall 9.0 fits/s
shard_k5_037888: 256 fits in 26.0s  psnr_med=40.4dB  overall 9.0 fits/s
shard_k5_038144: 256 fits in 25.7s  psnr_med=40.6dB  overall 9.0 fits/s
shard_k5_038400: 256 fits in 26.5s  psnr_med=40.1dB  overall 9.0 fits/s
shard_k5_038656: 256 fits in 25.4s  psnr_med=40.3dB  overall 9.0 fits/s
shard_k5_038912: 256 fits in 25.1s  psnr_med=40.3dB  overall 9.0 fits/s
shard_k5_039168: 256 fits in 24.2s  psnr_med=40.6dB  overall 9.0 fits/s
shard_k5_039424: 256 fits in 23.2s  psnr_med=40.4dB  overall 9.0 fits/s
shard_k5_039680: 256 fits in 22.7s  psnr_med=40.3dB  overall 9.0 fits/s
shard_k5_039936: 256 fits in 22.5s  psnr_med=39.7dB  overall 9.0 fits/s
shard_k5_040192: 256 fits in 22.4s  psnr_med=40.4dB  overall 9.0 fits/s
shard_k5_040448: 256 fits in 22.3s  psnr_med=40.3dB  overall 9.0 fits/s
shard_k5_040704: 256 fits in 22.1s  psnr_med=40.3dB  overall 9.0 fits/s
shard_k5_040960: 256 fits in 22.3s  psnr_med=40.0dB  overall 9.0 fits/s
shard_k5_041216: 256 fits in 22.5s  psnr_med=40.1dB  overall 9.0 fits/s
shard_k5_041472: 256 fits in 22.6s  psnr_med=40.4dB  overall 9.0 fits/s
shard_k5_041728: 256 fits in 22.9s  psnr_med=40.4dB  overall 9.0 fits/s
shard_k5_041984: 256 fits in 22.9s  psnr_med=40.3dB  overall 9.0 fits/s
shard_k5_042240: 256 fits in 23.1s  psnr_med=40.4dB  overall 9.0 fits/s
shard_k5_042496: 256 fits in 23.2s  psnr_med=40.4dB  overall 9.0 fits/s
shard_k5_042752: 256 fits in 23.4s  psnr_med=40.4dB  overall 9.0 fits/s
shard_k5_043008: 256 fits in 23.6s  psnr_med=40.1dB  overall 9.0 fits/s
shard_k5_043264: 256 fits in 23.8s  psnr_med=40.4dB  overall 9.0 fits/s
shard_k5_043520: 256 fits in 24.0s  psnr_med=40.6dB  overall 9.0 fits/s
shard_k5_043776: 256 fits in 24.2s  psnr_med=40.2dB  overall 9.0 fits/s
shard_k5_044032: 256 fits in 24.3s  psnr_med=40.6dB  overall 9.0 fits/s
shard_k5_044288: 256 fits in 24.4s  psnr_med=40.4dB  overall 9.1 fits/s
shard_k5_044544: 256 fits in 24.5s  psnr_med=39.8dB  overall 9.1 fits/s
shard_k5_044800: 200 fits in 19.4s  psnr_med=40.4dB  overall 9.1 fits/s
shard_k6_000000: 256 fits in 24.8s  psnr_med=39.8dB  overall 9.1 fits/s
shard_k6_000256: 256 fits in 24.9s  psnr_med=39.8dB  overall 9.1 fits/s
shard_k6_000512: 256 fits in 25.0s  psnr_med=40.3dB  overall 9.1 fits/s
shard_k6_000768: 256 fits in 25.3s  psnr_med=40.1dB  overall 9.1 fits/s
shard_k6_001024: 256 fits in 25.2s  psnr_med=40.2dB  overall 9.1 fits/s
shard_k6_001280: 256 fits in 25.5s  psnr_med=40.0dB  overall 9.1 fits/s
shard_k6_001536: 256 fits in 25.5s  psnr_med=40.1dB  overall 9.1 fits/s
shard_k6_001792: 256 fits in 25.7s  psnr_med=40.4dB  overall 9.1 fits/s
shard_k6_002048: 256 fits in 25.7s  psnr_med=40.3dB  overall 9.1 fits/s
shard_k6_002304: 256 fits in 25.7s  psnr_med=40.3dB  overall 9.1 fits/s
shard_k6_002560: 256 fits in 25.8s  psnr_med=40.3dB  overall 9.1 fits/s
shard_k6_002816: 256 fits in 25.9s  psnr_med=40.6dB  overall 9.1 fits/s
shard_k6_003072: 256 fits in 26.0s  psnr_med=40.1dB  overall 9.1 fits/s
shard_k6_003328: 256 fits in 26.0s  psnr_med=40.2dB  overall 9.1 fits/s
shard_k6_003584: 256 fits in 26.4s  psnr_med=40.1dB  overall 9.1 fits/s
shard_k6_003840: 256 fits in 26.5s  psnr_med=40.2dB  overall 9.1 fits/s
shard_k6_004096: 256 fits in 26.6s  psnr_med=41.0dB  overall 9.1 fits/s
shard_k6_004352: 256 fits in 26.6s  psnr_med=40.3dB  overall 9.1 fits/s
shard_k6_004608: 256 fits in 26.6s  psnr_med=40.7dB  overall 9.1 fits/s
shard_k6_004864: 256 fits in 26.6s  psnr_med=40.1dB  overall 9.1 fits/s
shard_k6_005120: 256 fits in 26.5s  psnr_med=40.0dB  overall 9.1 fits/s
shard_k6_005376: 256 fits in 26.7s  psnr_med=40.2dB  overall 9.1 fits/s
shard_k6_005632: 256 fits in 26.9s  psnr_med=40.2dB  overall 9.1 fits/s
shard_k6_005888: 256 fits in 26.8s  psnr_med=40.1dB  overall 9.1 fits/s
shard_k6_006144: 256 fits in 26.8s  psnr_med=40.4dB  overall 9.1 fits/s
shard_k6_006400: 256 fits in 26.9s  psnr_med=40.0dB  overall 9.1 fits/s
shard_k6_006656: 256 fits in 26.9s  psnr_med=40.1dB  overall 9.1 fits/s
shard_k6_006912: 256 fits in 26.8s  psnr_med=40.3dB  overall 9.1 fits/s
shard_k6_007168: 256 fits in 26.9s  psnr_med=40.1dB  overall 9.1 fits/s
shard_k6_007424: 256 fits in 27.0s  psnr_med=40.7dB  overall 9.1 fits/s
shard_k6_007680: 256 fits in 26.9s  psnr_med=40.4dB  overall 9.1 fits/s
shard_k6_007936: 256 fits in 26.9s  psnr_med=40.2dB  overall 9.1 fits/s
shard_k6_008192: 256 fits in 27.1s  psnr_med=40.5dB  overall 9.1 fits/s
shard_k6_008448: 256 fits in 27.0s  psnr_med=40.3dB  overall 9.1 fits/s
shard_k6_008704: 256 fits in 27.2s  psnr_med=40.2dB  overall 9.1 fits/s
shard_k6_008960: 256 fits in 27.3s  psnr_med=40.4dB  overall 9.1 fits/s
shard_k6_009216: 256 fits in 27.2s  psnr_med=40.8dB  overall 9.1 fits/s
shard_k6_009472: 256 fits in 27.3s  psnr_med=40.7dB  overall 9.1 fits/s
shard_k6_009728: 256 fits in 27.6s  psnr_med=40.0dB  overall 9.1 fits/s
shard_k6_009984: 256 fits in 27.3s  psnr_med=40.5dB  overall 9.1 fits/s
shard_k6_010240: 256 fits in 27.3s  psnr_med=40.4dB  overall 9.1 fits/s
shard_k6_010496: 256 fits in 28.1s  psnr_med=40.4dB  overall 9.1 fits/s
shard_k6_010752: 256 fits in 27.2s  psnr_med=40.1dB  overall 9.1 fits/s
shard_k6_011008: 256 fits in 27.4s  psnr_med=40.8dB  overall 9.1 fits/s
shard_k6_011264: 256 fits in 27.2s  psnr_med=40.3dB  overall 9.1 fits/s
shard_k6_011520: 256 fits in 27.5s  psnr_med=39.7dB  overall 9.1 fits/s
shard_k6_011776: 256 fits in 27.8s  psnr_med=40.3dB  overall 9.1 fits/s
shard_k6_012032: 256 fits in 28.0s  psnr_med=40.3dB  overall 9.1 fits/s
shard_k6_012288: 256 fits in 27.9s  psnr_med=40.3dB  overall 9.1 fits/s
shard_k6_012544: 256 fits in 27.9s  psnr_med=39.9dB  overall 9.1 fits/s
shard_k6_012800: 256 fits in 28.0s  psnr_med=39.7dB  overall 9.1 fits/s
shard_k6_013056: 256 fits in 28.4s  psnr_med=40.4dB  overall 9.1 fits/s
shard_k6_013312: 256 fits in 28.1s  psnr_med=40.2dB  overall 9.1 fits/s
shard_k6_013568: 256 fits in 28.3s  psnr_med=40.4dB  overall 9.1 fits/s
shard_k6_013824: 256 fits in 28.3s  psnr_med=40.2dB  overall 9.1 fits/s
shard_k6_014080: 256 fits in 28.1s  psnr_med=40.1dB  overall 9.1 fits/s
shard_k6_014336: 256 fits in 28.3s  psnr_med=39.9dB  overall 9.1 fits/s
shard_k6_014592: 256 fits in 28.3s  psnr_med=40.3dB  overall 9.1 fits/s
shard_k6_014848: 256 fits in 27.7s  psnr_med=40.1dB  overall 9.1 fits/s
shard_k6_015104: 256 fits in 27.7s  psnr_med=40.1dB  overall 9.1 fits/s
shard_k6_015360: 256 fits in 28.0s  psnr_med=40.5dB  overall 9.1 fits/s
shard_k6_015616: 256 fits in 28.0s  psnr_med=39.9dB  overall 9.1 fits/s
shard_k6_015872: 256 fits in 28.0s  psnr_med=40.4dB  overall 9.1 fits/s
shard_k6_016128: 256 fits in 28.1s  psnr_med=39.8dB  overall 9.1 fits/s
shard_k6_016384: 256 fits in 28.0s  psnr_med=40.3dB  overall 9.1 fits/s
shard_k6_016640: 256 fits in 27.7s  psnr_med=40.5dB  overall 9.1 fits/s
shard_k6_016896: 256 fits in 28.0s  psnr_med=40.0dB  overall 9.1 fits/s
shard_k6_017152: 256 fits in 27.8s  psnr_med=40.6dB  overall 9.1 fits/s
shard_k6_017408: 256 fits in 27.7s  psnr_med=40.2dB  overall 9.1 fits/s
shard_k6_017664: 256 fits in 28.1s  psnr_med=40.4dB  overall 9.1 fits/s
shard_k6_017920: 256 fits in 27.7s  psnr_med=40.1dB  overall 9.1 fits/s
shard_k6_018176: 256 fits in 28.1s  psnr_med=40.1dB  overall 9.1 fits/s
shard_k6_018432: 256 fits in 28.2s  psnr_med=40.2dB  overall 9.1 fits/s
shard_k6_018688: 256 fits in 28.0s  psnr_med=40.4dB  overall 9.1 fits/s
shard_k6_018944: 256 fits in 27.8s  psnr_med=40.0dB  overall 9.1 fits/s
shard_k6_019200: 256 fits in 28.2s  psnr_med=40.0dB  overall 9.1 fits/s
shard_k6_019456: 256 fits in 27.8s  psnr_med=40.0dB  overall 9.1 fits/s
shard_k6_019712: 256 fits in 27.8s  psnr_med=40.2dB  overall 9.1 fits/s
shard_k6_019968: 256 fits in 27.8s  psnr_med=40.2dB  overall 9.1 fits/s
shard_k6_020224: 256 fits in 27.7s  psnr_med=40.3dB  overall 9.1 fits/s
shard_k6_020480: 256 fits in 27.7s  psnr_med=40.3dB  overall 9.1 fits/s
shard_k6_020736: 256 fits in 27.5s  psnr_med=40.1dB  overall 9.1 fits/s
shard_k6_020992: 256 fits in 27.8s  psnr_med=40.6dB  overall 9.1 fits/s
shard_k6_021248: 256 fits in 28.3s  psnr_med=40.4dB  overall 9.1 fits/s
shard_k6_021504: 256 fits in 28.5s  psnr_med=40.4dB  overall 9.1 fits/s
shard_k6_021760: 256 fits in 28.1s  psnr_med=40.3dB  overall 9.1 fits/s
shard_k6_022016: 256 fits in 27.9s  psnr_med=40.0dB  overall 9.1 fits/s
shard_k6_022272: 256 fits in 27.8s  psnr_med=39.9dB  overall 9.1 fits/s
shard_k6_022528: 256 fits in 27.9s  psnr_med=40.2dB  overall 9.1 fits/s
shard_k6_022784: 256 fits in 27.8s  psnr_med=40.5dB  overall 9.1 fits/s
shard_k6_023040: 256 fits in 28.0s  psnr_med=39.9dB  overall 9.1 fits/s
shard_k6_023296: 256 fits in 28.4s  psnr_med=40.1dB  overall 9.1 fits/s
shard_k6_023552: 256 fits in 28.4s  psnr_med=39.9dB  overall 9.1 fits/s
shard_k6_023808: 256 fits in 28.5s  psnr_med=39.8dB  overall 9.1 fits/s
shard_k6_024064: 256 fits in 28.1s  psnr_med=40.1dB  overall 9.1 fits/s
shard_k6_024320: 256 fits in 27.8s  psnr_med=40.3dB  overall 9.1 fits/s
shard_k6_024576: 256 fits in 27.8s  psnr_med=40.3dB  overall 9.1 fits/s
shard_k6_024832: 256 fits in 28.0s  psnr_med=40.6dB  overall 9.1 fits/s
shard_k6_025088: 256 fits in 28.2s  psnr_med=40.3dB  overall 9.1 fits/s
shard_k6_025344: 256 fits in 28.2s  psnr_med=40.1dB  overall 9.1 fits/s
shard_k6_025600: 256 fits in 27.9s  psnr_med=40.1dB  overall 9.1 fits/s
shard_k6_025856: 256 fits in 27.8s  psnr_med=40.5dB  overall 9.1 fits/s
shard_k6_026112: 256 fits in 28.0s  psnr_med=40.5dB  overall 9.1 fits/s
shard_k6_026368: 256 fits in 27.9s  psnr_med=39.9dB  overall 9.1 fits/s
shard_k6_026624: 256 fits in 28.0s  psnr_med=40.1dB  overall 9.1 fits/s
shard_k6_026880: 256 fits in 28.2s  psnr_med=40.6dB  overall 9.1 fits/s
shard_k6_027136: 256 fits in 28.0s  psnr_med=40.0dB  overall 9.1 fits/s
shard_k6_027392: 256 fits in 27.8s  psnr_med=40.0dB  overall 9.1 fits/s
shard_k6_027648: 256 fits in 28.1s  psnr_med=40.5dB  overall 9.1 fits/s
shard_k6_027904: 256 fits in 28.0s  psnr_med=40.1dB  overall 9.1 fits/s
shard_k6_028160: 256 fits in 27.9s  psnr_med=40.1dB  overall 9.1 fits/s
shard_k6_028416: 256 fits in 28.3s  psnr_med=39.9dB  overall 9.1 fits/s
shard_k6_028672: 256 fits in 28.4s  psnr_med=40.7dB  overall 9.1 fits/s
shard_k6_028928: 256 fits in 28.0s  psnr_med=40.2dB  overall 9.1 fits/s
shard_k6_029184: 256 fits in 28.0s  psnr_med=39.8dB  overall 9.1 fits/s
shard_k6_029440: 256 fits in 28.1s  psnr_med=40.4dB  overall 9.1 fits/s
shard_k6_029696: 256 fits in 28.0s  psnr_med=40.5dB  overall 9.1 fits/s
shard_k6_029952: 256 fits in 28.0s  psnr_med=39.9dB  overall 9.1 fits/s
shard_k6_030208: 256 fits in 28.1s  psnr_med=40.4dB  overall 9.1 fits/s
shard_k6_030464: 256 fits in 28.4s  psnr_med=39.6dB  overall 9.1 fits/s
shard_k6_030720: 256 fits in 28.5s  psnr_med=40.1dB  overall 9.1 fits/s
shard_k6_030976: 256 fits in 28.5s  psnr_med=40.0dB  overall 9.1 fits/s
shard_k6_031232: 256 fits in 28.7s  psnr_med=40.0dB  overall 9.1 fits/s
shard_k6_031488: 256 fits in 28.6s  psnr_med=40.5dB  overall 9.1 fits/s
shard_k6_031744: 256 fits in 28.3s  psnr_med=40.1dB  overall 9.1 fits/s
shard_k6_032000: 256 fits in 28.5s  psnr_med=40.3dB  overall 9.1 fits/s
shard_k6_032256: 256 fits in 28.1s  psnr_med=40.2dB  overall 9.1 fits/s
shard_k6_032512: 256 fits in 28.4s  psnr_med=40.5dB  overall 9.1 fits/s
shard_k6_032768: 256 fits in 28.5s  psnr_med=40.0dB  overall 9.1 fits/s
shard_k6_033024: 256 fits in 28.5s  psnr_med=40.5dB  overall 9.1 fits/s
shard_k6_033280: 256 fits in 28.4s  psnr_med=40.6dB  overall 9.1 fits/s
shard_k6_033536: 256 fits in 28.6s  psnr_med=40.1dB  overall 9.1 fits/s
shard_k6_033792: 256 fits in 28.7s  psnr_med=40.4dB  overall 9.1 fits/s
shard_k6_034048: 256 fits in 28.5s  psnr_med=40.1dB  overall 9.1 fits/s
shard_k6_034304: 256 fits in 28.0s  psnr_med=40.1dB  overall 9.1 fits/s
shard_k6_034560: 256 fits in 28.0s  psnr_med=40.1dB  overall 9.1 fits/s
shard_k6_034816: 256 fits in 28.2s  psnr_med=39.9dB  overall 9.1 fits/s
shard_k6_035072: 256 fits in 28.3s  psnr_med=40.3dB  overall 9.1 fits/s
shard_k6_035328: 256 fits in 28.4s  psnr_med=40.4dB  overall 9.1 fits/s
shard_k6_035584: 256 fits in 28.1s  psnr_med=40.4dB  overall 9.1 fits/s
shard_k6_035840: 256 fits in 28.3s  psnr_med=40.5dB  overall 9.1 fits/s
shard_k6_036096: 256 fits in 28.6s  psnr_med=40.5dB  overall 9.1 fits/s
shard_k6_036352: 256 fits in 28.6s  psnr_med=40.0dB  overall 9.1 fits/s
shard_k6_036608: 256 fits in 28.8s  psnr_med=40.3dB  overall 9.1 fits/s
shard_k6_036864: 256 fits in 28.8s  psnr_med=40.2dB  overall 9.1 fits/s
shard_k6_037120: 256 fits in 28.7s  psnr_med=40.6dB  overall 9.1 fits/s
shard_k6_037376: 256 fits in 28.6s  psnr_med=40.6dB  overall 9.1 fits/s
shard_k6_037632: 256 fits in 28.8s  psnr_med=40.4dB  overall 9.1 fits/s
shard_k6_037888: 256 fits in 28.4s  psnr_med=40.3dB  overall 9.1 fits/s
shard_k6_038144: 256 fits in 28.0s  psnr_med=40.5dB  overall 9.1 fits/s
shard_k6_038400: 256 fits in 28.0s  psnr_med=40.2dB  overall 9.1 fits/s
shard_k6_038656: 256 fits in 28.0s  psnr_med=40.3dB  overall 9.1 fits/s
shard_k6_038912: 256 fits in 28.5s  psnr_med=39.9dB  overall 9.1 fits/s
shard_k6_039168: 256 fits in 28.2s  psnr_med=40.6dB  overall 9.1 fits/s
shard_k6_039424: 256 fits in 28.6s  psnr_med=40.3dB  overall 9.1 fits/s
shard_k6_039680: 256 fits in 28.7s  psnr_med=40.2dB  overall 9.1 fits/s
shard_k6_039936: 256 fits in 28.7s  psnr_med=39.9dB  overall 9.1 fits/s
shard_k6_040192: 256 fits in 28.6s  psnr_med=40.5dB  overall 9.1 fits/s
shard_k6_040448: 256 fits in 28.6s  psnr_med=40.1dB  overall 9.1 fits/s
shard_k6_040704: 256 fits in 28.2s  psnr_med=40.1dB  overall 9.1 fits/s
shard_k6_040960: 256 fits in 28.5s  psnr_med=40.1dB  overall 9.1 fits/s
shard_k6_041216: 256 fits in 28.2s  psnr_med=40.3dB  overall 9.1 fits/s
shard_k6_041472: 256 fits in 28.2s  psnr_med=40.0dB  overall 9.1 fits/s
shard_k6_041728: 256 fits in 28.0s  psnr_med=40.5dB  overall 9.1 fits/s
shard_k6_041984: 256 fits in 28.0s  psnr_med=40.5dB  overall 9.1 fits/s
shard_k6_042240: 256 fits in 28.0s  psnr_med=40.5dB  overall 9.1 fits/s
shard_k6_042496: 256 fits in 28.0s  psnr_med=40.4dB  overall 9.1 fits/s
shard_k6_042752: 256 fits in 28.3s  psnr_med=40.5dB  overall 9.1 fits/s
shard_k6_043008: 256 fits in 28.5s  psnr_med=40.1dB  overall 9.1 fits/s
shard_k6_043264: 256 fits in 29.0s  psnr_med=40.3dB  overall 9.1 fits/s
shard_k6_043520: 256 fits in 28.6s  psnr_med=40.4dB  overall 9.1 fits/s
shard_k6_043776: 256 fits in 28.8s  psnr_med=40.3dB  overall 9.1 fits/s
shard_k6_044032: 256 fits in 28.3s  psnr_med=40.5dB  overall 9.1 fits/s
shard_k6_044288: 256 fits in 28.1s  psnr_med=40.2dB  overall 9.1 fits/s
shard_k6_044544: 256 fits in 28.1s  psnr_med=39.6dB  overall 9.1 fits/s
shard_k6_044800: 200 fits in 22.1s  psnr_med=40.4dB  overall 9.1 fits/s
shard_k7_000000: 256 fits in 28.2s  psnr_med=40.0dB  overall 9.1 fits/s
shard_k7_000256: 256 fits in 28.1s  psnr_med=39.9dB  overall 9.1 fits/s
shard_k7_000512: 256 fits in 28.2s  psnr_med=40.4dB  overall 9.1 fits/s
shard_k7_000768: 256 fits in 28.2s  psnr_med=40.2dB  overall 9.1 fits/s
shard_k7_001024: 256 fits in 28.3s  psnr_med=40.2dB  overall 9.1 fits/s
shard_k7_001280: 256 fits in 28.1s  psnr_med=40.1dB  overall 9.1 fits/s
shard_k7_001536: 256 fits in 28.1s  psnr_med=40.0dB  overall 9.1 fits/s
shard_k7_001792: 256 fits in 28.2s  psnr_med=40.5dB  overall 9.1 fits/s
shard_k7_002048: 256 fits in 28.7s  psnr_med=40.2dB  overall 9.1 fits/s
shard_k7_002304: 256 fits in 29.0s  psnr_med=40.4dB  overall 9.1 fits/s
shard_k7_002560: 256 fits in 28.8s  psnr_med=40.5dB  overall 9.1 fits/s
shard_k7_002816: 256 fits in 28.9s  psnr_med=40.7dB  overall 9.1 fits/s
shard_k7_003072: 256 fits in 28.4s  psnr_med=40.0dB  overall 9.1 fits/s
shard_k7_003328: 256 fits in 28.4s  psnr_med=40.0dB  overall 9.1 fits/s
shard_k7_003584: 256 fits in 28.6s  psnr_med=39.8dB  overall 9.1 fits/s
shard_k7_003840: 256 fits in 28.7s  psnr_med=40.2dB  overall 9.1 fits/s
shard_k7_004096: 256 fits in 29.0s  psnr_med=40.8dB  overall 9.1 fits/s
shard_k7_004352: 256 fits in 28.6s  psnr_med=40.4dB  overall 9.1 fits/s
shard_k7_004608: 256 fits in 28.6s  psnr_med=40.5dB  overall 9.1 fits/s
shard_k7_004864: 256 fits in 28.5s  psnr_med=39.9dB  overall 9.1 fits/s
shard_k7_005120: 256 fits in 28.7s  psnr_med=40.0dB  overall 9.1 fits/s
shard_k7_005376: 256 fits in 28.5s  psnr_med=40.2dB  overall 9.1 fits/s
shard_k7_005632: 256 fits in 28.5s  psnr_med=40.7dB  overall 9.1 fits/s
shard_k7_005888: 256 fits in 28.3s  psnr_med=40.4dB  overall 9.1 fits/s
shard_k7_006144: 256 fits in 28.3s  psnr_med=40.1dB  overall 9.1 fits/s
shard_k7_006400: 256 fits in 28.6s  psnr_med=40.0dB  overall 9.1 fits/s
shard_k7_006656: 256 fits in 29.0s  psnr_med=40.1dB  overall 9.1 fits/s
shard_k7_006912: 256 fits in 28.9s  psnr_med=40.3dB  overall 9.1 fits/s
shard_k7_007168: 256 fits in 28.8s  psnr_med=40.2dB  overall 9.1 fits/s
shard_k7_007424: 256 fits in 28.7s  psnr_med=40.8dB  overall 9.1 fits/s
shard_k7_007680: 256 fits in 28.9s  psnr_med=40.5dB  overall 9.1 fits/s
shard_k7_007936: 256 fits in 28.9s  psnr_med=40.4dB  overall 9.1 fits/s
shard_k7_008192: 256 fits in 28.7s  psnr_med=40.4dB  overall 9.1 fits/s
shard_k7_008448: 256 fits in 28.6s  psnr_med=40.5dB  overall 9.1 fits/s
shard_k7_008704: 256 fits in 28.3s  psnr_med=39.9dB  overall 9.1 fits/s
shard_k7_008960: 256 fits in 28.5s  psnr_med=40.3dB  overall 9.1 fits/s
shard_k7_009216: 256 fits in 28.4s  psnr_med=40.3dB  overall 9.1 fits/s
shard_k7_009472: 256 fits in 28.5s  psnr_med=40.5dB  overall 9.1 fits/s
shard_k7_009728: 256 fits in 28.6s  psnr_med=40.0dB  overall 9.1 fits/s
shard_k7_009984: 256 fits in 28.5s  psnr_med=40.8dB  overall 9.1 fits/s
shard_k7_010240: 256 fits in 28.3s  psnr_med=40.5dB  overall 9.1 fits/s
shard_k7_010496: 256 fits in 28.4s  psnr_med=40.3dB  overall 9.1 fits/s
shard_k7_010752: 256 fits in 28.6s  psnr_med=40.3dB  overall 9.1 fits/s
shard_k7_011008: 256 fits in 29.0s  psnr_med=40.9dB  overall 9.1 fits/s
shard_k7_011264: 256 fits in 28.7s  psnr_med=40.5dB  overall 9.1 fits/s
shard_k7_011520: 256 fits in 28.6s  psnr_med=39.7dB  overall 9.1 fits/s
shard_k7_011776: 256 fits in 28.4s  psnr_med=40.3dB  overall 9.1 fits/s
shard_k7_012032: 256 fits in 28.8s  psnr_med=40.4dB  overall 9.1 fits/s
shard_k7_012288: 256 fits in 28.8s  psnr_med=40.4dB  overall 9.1 fits/s
shard_k7_012544: 256 fits in 28.5s  psnr_med=40.1dB  overall 9.1 fits/s
shard_k7_012800: 256 fits in 28.5s  psnr_med=39.9dB  overall 9.1 fits/s
shard_k7_013056: 256 fits in 28.4s  psnr_med=40.3dB  overall 9.1 fits/s
shard_k7_013312: 256 fits in 28.3s  psnr_med=40.1dB  overall 9.1 fits/s
shard_k7_013568: 256 fits in 28.8s  psnr_med=40.2dB  overall 9.1 fits/s
shard_k7_013824: 256 fits in 29.2s  psnr_med=40.0dB  overall 9.1 fits/s
shard_k7_014080: 256 fits in 29.0s  psnr_med=39.9dB  overall 9.1 fits/s
shard_k7_014336: 256 fits in 28.7s  psnr_med=40.2dB  overall 9.1 fits/s
shard_k7_014592: 256 fits in 28.7s  psnr_med=40.5dB  overall 9.1 fits/s
shard_k7_014848: 256 fits in 28.9s  psnr_med=40.1dB  overall 9.1 fits/s
shard_k7_015104: 256 fits in 28.5s  psnr_med=40.0dB  overall 9.1 fits/s
shard_k7_015360: 256 fits in 28.6s  psnr_med=40.5dB  overall 9.1 fits/s
shard_k7_015616: 256 fits in 28.8s  psnr_med=39.8dB  overall 9.1 fits/s
shard_k7_015872: 256 fits in 28.8s  psnr_med=40.3dB  overall 9.1 fits/s
shard_k7_016128: 256 fits in 28.7s  psnr_med=40.1dB  overall 9.1 fits/s
shard_k7_016384: 256 fits in 28.8s  psnr_med=40.4dB  overall 9.1 fits/s
shard_k7_016640: 256 fits in 28.6s  psnr_med=40.1dB  overall 9.1 fits/s
shard_k7_016896: 256 fits in 28.8s  psnr_med=40.3dB  overall 9.1 fits/s
shard_k7_017152: 256 fits in 28.6s  psnr_med=40.5dB  overall 9.1 fits/s
shard_k7_017408: 256 fits in 28.4s  psnr_med=40.0dB  overall 9.1 fits/s
shard_k7_017664: 256 fits in 28.4s  psnr_med=40.3dB  overall 9.1 fits/s
shard_k7_017920: 256 fits in 29.0s  psnr_med=40.0dB  overall 9.1 fits/s
shard_k7_018176: 256 fits in 28.6s  psnr_med=40.0dB  overall 9.1 fits/s
shard_k7_018432: 256 fits in 28.5s  psnr_med=39.9dB  overall 9.1 fits/s
shard_k7_018688: 256 fits in 28.9s  psnr_med=40.4dB  overall 9.1 fits/s
shard_k7_018944: 256 fits in 29.1s  psnr_med=40.1dB  overall 9.1 fits/s
shard_k7_019200: 256 fits in 29.5s  psnr_med=40.0dB  overall 9.1 fits/s
shard_k7_019456: 256 fits in 29.2s  psnr_med=39.9dB  overall 9.1 fits/s
shard_k7_019712: 256 fits in 29.0s  psnr_med=40.2dB  overall 9.1 fits/s
shard_k7_019968: 256 fits in 28.5s  psnr_med=40.3dB  overall 9.1 fits/s
shard_k7_020224: 256 fits in 28.6s  psnr_med=40.4dB  overall 9.1 fits/s
shard_k7_020480: 256 fits in 28.4s  psnr_med=40.2dB  overall 9.1 fits/s
shard_k7_020736: 256 fits in 28.5s  psnr_med=40.1dB  overall 9.1 fits/s
shard_k7_020992: 256 fits in 28.4s  psnr_med=40.6dB  overall 9.1 fits/s
shard_k7_021248: 256 fits in 28.4s  psnr_med=40.5dB  overall 9.1 fits/s
shard_k7_021504: 256 fits in 28.3s  psnr_med=40.2dB  overall 9.1 fits/s
shard_k7_021760: 256 fits in 28.4s  psnr_med=40.2dB  overall 9.1 fits/s
shard_k7_022016: 256 fits in 29.0s  psnr_med=40.3dB  overall 9.1 fits/s
shard_k7_022272: 256 fits in 28.7s  psnr_med=40.0dB  overall 9.1 fits/s
shard_k7_022528: 256 fits in 29.1s  psnr_med=40.2dB  overall 9.1 fits/s
shard_k7_022784: 256 fits in 28.9s  psnr_med=40.4dB  overall 9.1 fits/s
shard_k7_023040: 256 fits in 28.7s  psnr_med=40.3dB  overall 9.1 fits/s
shard_k7_023296: 256 fits in 28.6s  psnr_med=40.2dB  overall 9.1 fits/s
shard_k7_023552: 256 fits in 29.1s  psnr_med=40.0dB  overall 9.1 fits/s
shard_k7_023808: 256 fits in 29.0s  psnr_med=40.0dB  overall 9.1 fits/s
shard_k7_024064: 256 fits in 28.9s  psnr_med=40.3dB  overall 9.1 fits/s
shard_k7_024320: 256 fits in 28.6s  psnr_med=40.2dB  overall 9.1 fits/s
shard_k7_024576: 256 fits in 28.5s  psnr_med=40.1dB  overall 9.1 fits/s
shard_k7_024832: 256 fits in 29.0s  psnr_med=40.3dB  overall 9.1 fits/s
shard_k7_025088: 256 fits in 29.1s  psnr_med=40.3dB  overall 9.1 fits/s
shard_k7_025344: 256 fits in 28.9s  psnr_med=40.0dB  overall 9.1 fits/s
shard_k7_025600: 256 fits in 28.7s  psnr_med=40.0dB  overall 9.1 fits/s
shard_k7_025856: 256 fits in 28.7s  psnr_med=40.2dB  overall 9.1 fits/s
shard_k7_026112: 256 fits in 28.8s  psnr_med=40.3dB  overall 9.1 fits/s
shard_k7_026368: 256 fits in 28.5s  psnr_med=39.9dB  overall 9.1 fits/s
shard_k7_026624: 256 fits in 28.7s  psnr_med=40.1dB  overall 9.1 fits/s
shard_k7_026880: 256 fits in 28.4s  psnr_med=40.8dB  overall 9.1 fits/s
shard_k7_027136: 256 fits in 28.5s  psnr_med=39.9dB  overall 9.1 fits/s
shard_k7_027392: 256 fits in 28.4s  psnr_med=40.1dB  overall 9.1 fits/s
shard_k7_027648: 256 fits in 28.5s  psnr_med=40.5dB  overall 9.1 fits/s
shard_k7_027904: 256 fits in 28.6s  psnr_med=39.9dB  overall 9.1 fits/s
shard_k7_028160: 256 fits in 28.4s  psnr_med=40.2dB  overall 9.1 fits/s
shard_k7_028416: 256 fits in 28.5s  psnr_med=39.8dB  overall 9.1 fits/s
shard_k7_028672: 256 fits in 28.7s  psnr_med=40.6dB  overall 9.1 fits/s
shard_k7_028928: 256 fits in 28.8s  psnr_med=39.9dB  overall 9.1 fits/s
shard_k7_029184: 256 fits in 28.6s  psnr_med=40.2dB  overall 9.1 fits/s
shard_k7_029440: 256 fits in 29.0s  psnr_med=40.3dB  overall 9.1 fits/s
shard_k7_029696: 256 fits in 28.5s  psnr_med=40.7dB  overall 9.1 fits/s
shard_k7_029952: 256 fits in 28.4s  psnr_med=39.7dB  overall 9.1 fits/s
shard_k7_030208: 256 fits in 28.5s  psnr_med=40.5dB  overall 9.1 fits/s
shard_k7_030464: 256 fits in 28.9s  psnr_med=39.8dB  overall 9.1 fits/s
shard_k7_030720: 256 fits in 29.0s  psnr_med=40.2dB  overall 9.1 fits/s
shard_k7_030976: 256 fits in 28.8s  psnr_med=40.2dB  overall 9.1 fits/s
shard_k7_031232: 256 fits in 28.6s  psnr_med=40.2dB  overall 9.1 fits/s
shard_k7_031488: 256 fits in 28.7s  psnr_med=40.4dB  overall 9.1 fits/s
shard_k7_031744: 256 fits in 28.6s  psnr_med=39.9dB  overall 9.1 fits/s
shard_k7_032000: 256 fits in 28.4s  psnr_med=40.0dB  overall 9.1 fits/s
shard_k7_032256: 256 fits in 28.6s  psnr_med=40.3dB  overall 9.1 fits/s
shard_k7_032512: 256 fits in 28.5s  psnr_med=40.4dB  overall 9.1 fits/s
shard_k7_032768: 256 fits in 28.4s  psnr_med=40.2dB  overall 9.1 fits/s
shard_k7_033024: 256 fits in 28.7s  psnr_med=40.4dB  overall 9.1 fits/s
shard_k7_033280: 256 fits in 29.8s  psnr_med=40.5dB  overall 9.1 fits/s
shard_k7_033536: 256 fits in 32.0s  psnr_med=40.3dB  overall 9.1 fits/s
shard_k7_033792: 256 fits in 32.3s  psnr_med=40.5dB  overall 9.1 fits/s
shard_k7_034048: 256 fits in 32.2s  psnr_med=40.2dB  overall 9.1 fits/s
shard_k7_034304: 256 fits in 32.1s  psnr_med=40.0dB  overall 9.1 fits/s
shard_k7_034560: 256 fits in 32.1s  psnr_med=40.1dB  overall 9.1 fits/s
shard_k7_034816: 256 fits in 32.2s  psnr_med=40.0dB  overall 9.1 fits/s
shard_k7_035072: 256 fits in 32.2s  psnr_med=40.2dB  overall 9.1 fits/s
shard_k7_035328: 256 fits in 32.0s  psnr_med=40.0dB  overall 9.1 fits/s
shard_k7_035584: 256 fits in 31.7s  psnr_med=40.1dB  overall 9.1 fits/s
shard_k7_035840: 256 fits in 31.6s  psnr_med=40.2dB  overall 9.1 fits/s
shard_k7_036096: 256 fits in 32.0s  psnr_med=40.5dB  overall 9.1 fits/s
shard_k7_036352: 256 fits in 31.8s  psnr_med=40.2dB  overall 9.1 fits/s
shard_k7_036608: 256 fits in 31.7s  psnr_med=40.1dB  overall 9.1 fits/s
shard_k7_036864: 256 fits in 31.6s  psnr_med=39.9dB  overall 9.0 fits/s
shard_k7_037120: 256 fits in 32.1s  psnr_med=40.4dB  overall 9.0 fits/s
shard_k7_037376: 256 fits in 31.9s  psnr_med=40.4dB  overall 9.0 fits/s
shard_k7_037632: 256 fits in 32.3s  psnr_med=40.2dB  overall 9.0 fits/s
shard_k7_037888: 256 fits in 32.1s  psnr_med=40.1dB  overall 9.0 fits/s
shard_k7_038144: 256 fits in 32.2s  psnr_med=40.5dB  overall 9.0 fits/s
shard_k7_038400: 256 fits in 32.0s  psnr_med=40.2dB  overall 9.0 fits/s
shard_k7_038656: 256 fits in 31.6s  psnr_med=40.2dB  overall 9.0 fits/s
shard_k7_038912: 256 fits in 32.0s  psnr_med=40.2dB  overall 9.0 fits/s
shard_k7_039168: 256 fits in 31.9s  psnr_med=40.8dB  overall 9.0 fits/s
shard_k7_039424: 256 fits in 32.2s  psnr_med=40.4dB  overall 9.0 fits/s
shard_k7_039680: 256 fits in 31.8s  psnr_med=40.3dB  overall 9.0 fits/s
shard_k7_039936: 256 fits in 32.1s  psnr_med=39.8dB  overall 9.0 fits/s
shard_k7_040192: 256 fits in 32.2s  psnr_med=40.3dB  overall 9.0 fits/s
shard_k7_040448: 256 fits in 32.2s  psnr_med=40.1dB  overall 9.0 fits/s
shard_k7_040704: 256 fits in 31.8s  psnr_med=40.3dB  overall 9.0 fits/s
shard_k7_040960: 256 fits in 32.0s  psnr_med=40.1dB  overall 9.0 fits/s
shard_k7_041216: 256 fits in 31.9s  psnr_med=40.0dB  overall 9.0 fits/s
shard_k7_041472: 256 fits in 32.2s  psnr_med=40.2dB  overall 9.0 fits/s
shard_k7_041728: 256 fits in 31.8s  psnr_med=40.5dB  overall 9.0 fits/s
shard_k7_041984: 256 fits in 32.1s  psnr_med=40.3dB  overall 9.0 fits/s
shard_k7_042240: 256 fits in 32.1s  psnr_med=40.4dB  overall 9.0 fits/s
shard_k7_042496: 256 fits in 32.1s  psnr_med=40.6dB  overall 9.0 fits/s
shard_k7_042752: 256 fits in 32.2s  psnr_med=40.2dB  overall 9.0 fits/s
shard_k7_043008: 256 fits in 32.5s  psnr_med=40.1dB  overall 9.0 fits/s
shard_k7_043264: 256 fits in 32.0s  psnr_med=40.5dB  overall 9.0 fits/s
shard_k7_043520: 256 fits in 31.6s  psnr_med=40.6dB  overall 9.0 fits/s
shard_k7_043776: 256 fits in 31.7s  psnr_med=40.2dB  overall 9.0 fits/s
shard_k7_044032: 256 fits in 73.9s  psnr_med=40.4dB  overall 9.0 fits/s
shard_k7_044288: 256 fits in 113.6s  psnr_med=40.3dB  overall 9.0 fits/s
shard_k7_044544: 256 fits in 111.8s  psnr_med=40.0dB  overall 9.0 fits/s
shard_k7_044800: 200 fits in 88.8s  psnr_med=40.6dB  overall 9.0 fits/s
{
  "n_inrs": 360000,
  "psnr_median": 40.25372314453125,
  "psnr_q05": 35.52272491455078,
  "corr_psnr_label": -0.1266716929053881,
  "wallclock_total_s": 40163.832760095596
}
CIFAR K DONE Wed Jul 29 05:43:53 +03 2026
=== gates Wed Jul 29 05:43:53 +03 2026 ===
{
  "corpus": "data/inrbench/cifar10/P-shared-det",
  "eval_split": "test",
  "n_eval": 10000,
  "dataset": "cifar10",
  "gate_epochs": 10,
  "gate": {
    "acc_real_pixels": 66.41,
    "acc_renders": 66.11,
    "gap_pts": 0.29999999999999716,
    "passes": true
  },
  "leakage": {
    "corr_psnr_label": -0.1498149928138663,
    "corr_loss_label": 0.12047961351701537
  },
  "psnr": {
    "median": 40.075870513916016,
    "q05": 35.52499160766602
  },
  "strata_audit_first_shard": {
    "layer0.min_w_norm.q0_q05_q50": [
      1.432578,
      1.657328,
      2.461474
    ],
    "layer0.min_u_norm.q0_q05_q50": [
      0.851738,
      1.205607,
      1.739585
    ],
    "layer0.min_parallel_angle_rad.q0_q05_q50": [
      0.0,
      0.0,
      0.002197
    ],
    "layer1.min_w_norm.q0_q05_q50": [
      0.062582,
      0.58694,
      1.332095
    ],
    "layer1.min_u_norm.q0_q05_q50": [
      0.015247,
      0.031844,
      0.073097
    ],
    "layer1.min_parallel_angle_rad.q0_q05_q50": [
      0.131281,
      0.649728,
      0.864512
    ]
  },
  "gate_cnn_train_acc_check": 70.9
}
{
  "corpus": "data/inrbench/cifar10/P-random",
  "eval_split": "test",
  "n_eval": 10000,
  "dataset": "cifar10",
  "gate_epochs": 10,
  "gate": {
    "acc_real_pixels": 66.41,
    "acc_renders": 66.16,
    "gap_pts": 0.25,
    "passes": true
  },
  "leakage": {
    "corr_psnr_label": -0.14040119817331836,
    "corr_loss_label": 0.11048127351580046
  },
  "psnr": {
    "median": 40.275367736816406,
    "q05": 35.41975326538086
  },
  "strata_audit_first_shard": {
    "layer0.min_w_norm.q0_q05_q50": [
      0.39849,
      1.001346,
      2.111814
    ],
    "layer0.min_u_norm.q0_q05_q50": [
      0.842504,
      1.219283,
      1.706251
    ],
    "layer0.min_parallel_angle_rad.q0_q05_q50": [
      0.0,
      0.0,
      0.002013
    ],
    "layer1.min_w_norm.q0_q05_q50": [
      0.153058,
      0.561752,
      1.543711
    ],
    "layer1.min_u_norm.q0_q05_q50": [
      0.014372,
      0.032292,
      0.072953
    ],
    "layer1.min_parallel_angle_rad.q0_q05_q50": [
      0.37015,
      0.627971,
      0.832492
    ]
  },
  "gate_cnn_train_acc_check": 70.9
}
{
  "corpus": "data/inrbench/cifar10/P-shared-stoch",
  "eval_split": "test",
  "n_eval": 10000,
  "dataset": "cifar10",
  "gate_epochs": 10,
  "gate": {
    "acc_real_pixels": 66.41,
    "acc_renders": 65.57,
    "gap_pts": 0.8400000000000034,
    "passes": true
  },
  "leakage": {
    "corr_psnr_label": -0.17454738525497787,
    "corr_loss_label": 0.1501772301490565
  },
  "psnr": {
    "median": 34.943321228027344,
    "q05": 31.3677116394043
  },
  "strata_audit_first_shard": {
    "layer0.min_w_norm.q0_q05_q50": [
      1.369999,
      1.710886,
      2.532451
    ],
    "layer0.min_u_norm.q0_q05_q50": [
      0.843291,
      1.189905,
      1.631094
    ],
    "layer0.min_parallel_angle_rad.q0_q05_q50": [
      0.0,
      0.0,
      0.001998
    ],
    "layer1.min_w_norm.q0_q05_q50": [
      0.081781,
      0.502207,
      1.338652
    ],
    "layer1.min_u_norm.q0_q05_q50": [
      0.01624,
      0.027666,
      0.05938
    ],
    "layer1.min_parallel_angle_rad.q0_q05_q50": [
      0.287375,
      0.68696,
      0.856558
    ]
  },
  "gate_cnn_train_acc_check": 70.9
}
=== cifar corpus complete Wed Jul 29 05:44:16 +03 2026 ===
