=== night chain start Fri Jul 17 23:54:10 CEST 2026 ===
/Users/dmr/Development/Projects/ai-research/project-siren-gap/scripts/06_anchors.py:37: UserWarning: The given NumPy array is not writable, and PyTorch does not support non-writable tensors. This means writing to this tensor will result in undefined behavior. You may want to copy the array to protect its data or make it writable before converting it to a tensor. This type of warning will be suppressed for the rest of this program. (Triggered internally at /Users/runner/work/pytorch/pytorch/torch/csrc/utils/tensor_numpy.cpp:219.)
  labels[split] = torch.from_numpy(meta.loc[meta["split"] == split, "label"].to_numpy())
rung W3 (P-random raw):
  W3 seed 0: test 14.10 (val 14.46, 13 ep)
  W3 seed 1: test 13.54 (val 13.72, 19 ep)
  W3 seed 2: test 13.69 (val 14.68, 14 ep)
  W3 seed 3: test 14.15 (val 14.74, 13 ep)
  W3 seed 4: test 14.13 (val 14.90, 17 ep)
rung W1 (P-shared-det raw):
  W1 seed 0: test 94.24 (val 95.36, 13 ep)
  W1 seed 1: test 94.05 (val 95.24, 13 ep)
  W1 seed 2: test 94.41 (val 95.68, 25 ep)
  W1 seed 3: test 94.54 (val 95.62, 27 ep)
  W1 seed 4: test 94.54 (val 95.88, 33 ep)
{
  "n": 5,
  "mean_diff": 80.434,
  "ci95": [
    80.17316188516988,
    80.69483811483012
  ],
  "t_p": 1.1166484813168929e-11,
  "wilcoxon_p": 0.0625,
  "cohen_d": 382.88883546243414
}
rung W6 (W3 + bounded group aug):
  W6 seed 0: test 17.34 (val 18.34, 34 ep)
  W6 seed 1: test 18.71 (val 18.18, 44 ep)
  W6 seed 2: test 18.45 (val 18.62, 43 ep)
  W6 seed 3: test 18.45 (val 18.56, 45 ep)
  W6 seed 4: test 18.42 (val 19.22, 67 ep)
{
  "n": 5,
  "mean_diff": 4.351999999999999,
  "ci95": [
    3.456907512501348,
    5.247092487498651
  ],
  "t_p": 0.0001742559436500424,
  "wilcoxon_p": 0.0625,
  "cohen_d": 6.037054042631459
}
written results/anchors/anchors_mnist.json
ANCHORS DONE Sat Jul 18 00:03:09 CEST 2026
shard_k0_000000: 256 fits in 5.1s  psnr_med=37.9dB  overall 49.5 fits/s
shard_k0_000256: 256 fits in 4.6s  psnr_med=36.9dB  overall 52.3 fits/s
shard_k0_000512: 256 fits in 4.7s  psnr_med=37.7dB  overall 53.1 fits/s
shard_k0_000768: 256 fits in 4.6s  psnr_med=37.6dB  overall 53.7 fits/s
shard_k0_001024: 256 fits in 4.7s  psnr_med=37.5dB  overall 53.9 fits/s
shard_k0_001280: 256 fits in 4.6s  psnr_med=37.5dB  overall 54.2 fits/s
shard_k0_001536: 256 fits in 4.6s  psnr_med=37.4dB  overall 54.4 fits/s
shard_k0_001792: 256 fits in 4.6s  psnr_med=37.5dB  overall 54.6 fits/s
shard_k0_002048: 256 fits in 4.6s  psnr_med=37.5dB  overall 54.7 fits/s
shard_k0_002304: 256 fits in 4.8s  psnr_med=37.5dB  overall 54.5 fits/s
shard_k0_002560: 256 fits in 5.0s  psnr_med=37.5dB  overall 54.2 fits/s
shard_k0_002816: 256 fits in 4.9s  psnr_med=37.4dB  overall 54.0 fits/s
shard_k0_003072: 256 fits in 4.6s  psnr_med=37.4dB  overall 54.2 fits/s
shard_k0_003328: 256 fits in 4.7s  psnr_med=37.3dB  overall 54.2 fits/s
shard_k0_003584: 256 fits in 4.7s  psnr_med=37.7dB  overall 54.2 fits/s
shard_k0_003840: 256 fits in 4.7s  psnr_med=37.5dB  overall 54.1 fits/s
shard_k0_004096: 256 fits in 6.4s  psnr_med=37.4dB  overall 53.0 fits/s
shard_k0_004352: 256 fits in 9.4s  psnr_med=37.3dB  overall 50.4 fits/s
shard_k0_004608: 256 fits in 9.8s  psnr_med=37.8dB  overall 48.0 fits/s
shard_k0_004864: 256 fits in 10.2s  psnr_med=37.6dB  overall 45.9 fits/s
shard_k0_005120: 256 fits in 10.5s  psnr_med=37.6dB  overall 44.0 fits/s
shard_k0_005376: 256 fits in 10.9s  psnr_med=37.5dB  overall 42.4 fits/s
shard_k0_005632: 256 fits in 11.1s  psnr_med=37.5dB  overall 40.9 fits/s
shard_k0_005888: 256 fits in 11.4s  psnr_med=37.7dB  overall 39.5 fits/s
shard_k0_006144: 256 fits in 9.6s  psnr_med=37.6dB  overall 38.8 fits/s
shard_k0_006400: 256 fits in 8.2s  psnr_med=37.4dB  overall 38.4 fits/s
shard_k0_006656: 256 fits in 7.0s  psnr_med=36.9dB  overall 38.3 fits/s
shard_k0_006912: 256 fits in 6.1s  psnr_med=37.9dB  overall 38.4 fits/s
shard_k0_007168: 256 fits in 6.1s  psnr_med=37.2dB  overall 38.6 fits/s
shard_k0_007424: 256 fits in 6.8s  psnr_med=37.5dB  overall 38.5 fits/s
=== fmnist chain queued Sat Jul 18 00:06:30 CEST 2026 ===
shard_k0_007680: 256 fits in 6.3s  psnr_med=37.4dB  overall 38.6 fits/s
shard_k0_007936: 256 fits in 6.1s  psnr_med=37.6dB  overall 38.7 fits/s
shard_k0_008192: 256 fits in 6.1s  psnr_med=37.5dB  overall 38.8 fits/s
shard_k0_008448: 256 fits in 6.6s  psnr_med=37.5dB  overall 38.8 fits/s
shard_k0_008704: 256 fits in 6.1s  psnr_med=37.3dB  overall 38.9 fits/s
shard_k0_008960: 256 fits in 6.1s  psnr_med=37.6dB  overall 38.9 fits/s
shard_k0_009216: 256 fits in 6.2s  psnr_med=37.6dB  overall 39.0 fits/s
shard_k0_009472: 256 fits in 6.6s  psnr_med=37.7dB  overall 39.0 fits/s
shard_k0_009728: 256 fits in 6.3s  psnr_med=37.4dB  overall 39.0 fits/s
shard_k0_009984: 256 fits in 6.4s  psnr_med=37.5dB  overall 39.1 fits/s
shard_k0_010240: 256 fits in 6.6s  psnr_med=38.1dB  overall 39.0 fits/s
shard_k0_010496: 256 fits in 6.2s  psnr_med=37.6dB  overall 39.1 fits/s
shard_k0_010752: 256 fits in 6.6s  psnr_med=37.8dB  overall 39.1 fits/s
shard_k0_011008: 256 fits in 6.2s  psnr_med=37.1dB  overall 39.1 fits/s
shard_k0_011264: 256 fits in 6.7s  psnr_med=37.2dB  overall 39.1 fits/s
shard_k0_011520: 256 fits in 6.0s  psnr_med=37.1dB  overall 39.2 fits/s
shard_k0_011776: 256 fits in 6.0s  psnr_med=37.3dB  overall 39.3 fits/s
shard_k0_012032: 256 fits in 6.3s  psnr_med=37.9dB  overall 39.3 fits/s
shard_k0_012288: 256 fits in 5.9s  psnr_med=37.4dB  overall 39.4 fits/s
shard_k0_012544: 256 fits in 6.0s  psnr_med=37.7dB  overall 39.4 fits/s
shard_k0_012800: 256 fits in 6.0s  psnr_med=37.7dB  overall 39.5 fits/s
shard_k0_013056: 256 fits in 5.9s  psnr_med=37.6dB  overall 39.5 fits/s
shard_k0_013312: 256 fits in 6.0s  psnr_med=37.9dB  overall 39.6 fits/s
shard_k0_013568: 256 fits in 6.0s  psnr_med=36.9dB  overall 39.7 fits/s
shard_k0_013824: 256 fits in 6.0s  psnr_med=37.3dB  overall 39.7 fits/s
shard_k0_014080: 256 fits in 6.0s  psnr_med=37.5dB  overall 39.8 fits/s
shard_k0_014336: 256 fits in 5.9s  psnr_med=37.2dB  overall 39.8 fits/s
shard_k0_014592: 256 fits in 6.2s  psnr_med=37.5dB  overall 39.8 fits/s
shard_k0_014848: 256 fits in 6.0s  psnr_med=37.5dB  overall 39.9 fits/s
shard_k0_015104: 256 fits in 6.0s  psnr_med=37.2dB  overall 39.9 fits/s
shard_k0_015360: 256 fits in 5.9s  psnr_med=37.5dB  overall 40.0 fits/s
shard_k0_015616: 256 fits in 5.9s  psnr_med=37.2dB  overall 40.0 fits/s
shard_k0_015872: 256 fits in 6.0s  psnr_med=37.4dB  overall 40.0 fits/s
shard_k0_016128: 256 fits in 5.9s  psnr_med=37.6dB  overall 40.1 fits/s
shard_k0_016384: 256 fits in 5.9s  psnr_med=37.6dB  overall 40.1 fits/s
shard_k0_016640: 256 fits in 5.9s  psnr_med=37.2dB  overall 40.2 fits/s
shard_k0_016896: 256 fits in 6.1s  psnr_med=37.4dB  overall 40.2 fits/s
shard_k0_017152: 256 fits in 5.9s  psnr_med=37.3dB  overall 40.2 fits/s
shard_k0_017408: 256 fits in 6.0s  psnr_med=36.9dB  overall 40.3 fits/s
shard_k0_017664: 256 fits in 5.9s  psnr_med=37.0dB  overall 40.3 fits/s
shard_k0_017920: 256 fits in 6.0s  psnr_med=37.4dB  overall 40.3 fits/s
shard_k0_018176: 256 fits in 5.9s  psnr_med=37.5dB  overall 40.4 fits/s
shard_k0_018432: 256 fits in 6.0s  psnr_med=37.7dB  overall 40.4 fits/s
shard_k0_018688: 256 fits in 6.0s  psnr_med=37.5dB  overall 40.4 fits/s
shard_k0_018944: 256 fits in 6.0s  psnr_med=37.5dB  overall 40.5 fits/s
shard_k0_019200: 256 fits in 6.0s  psnr_med=37.6dB  overall 40.5 fits/s
shard_k0_019456: 256 fits in 5.9s  psnr_med=38.0dB  overall 40.5 fits/s
shard_k0_019712: 256 fits in 6.0s  psnr_med=37.8dB  overall 40.6 fits/s
shard_k0_019968: 256 fits in 5.9s  psnr_med=38.0dB  overall 40.6 fits/s
shard_k0_020224: 256 fits in 5.9s  psnr_med=36.9dB  overall 40.6 fits/s
shard_k0_020480: 256 fits in 5.9s  psnr_med=37.5dB  overall 40.6 fits/s
shard_k0_020736: 256 fits in 6.0s  psnr_med=37.7dB  overall 40.7 fits/s
shard_k0_020992: 256 fits in 5.9s  psnr_med=37.6dB  overall 40.7 fits/s
shard_k0_021248: 256 fits in 5.9s  psnr_med=37.4dB  overall 40.7 fits/s
shard_k0_021504: 256 fits in 6.1s  psnr_med=37.6dB  overall 40.7 fits/s
shard_k0_021760: 256 fits in 6.0s  psnr_med=37.9dB  overall 40.8 fits/s
shard_k0_022016: 256 fits in 5.9s  psnr_med=37.5dB  overall 40.8 fits/s
shard_k0_022272: 256 fits in 5.9s  psnr_med=37.3dB  overall 40.8 fits/s
shard_k0_022528: 256 fits in 6.0s  psnr_med=37.3dB  overall 40.8 fits/s
shard_k0_022784: 256 fits in 6.0s  psnr_med=37.5dB  overall 40.8 fits/s
shard_k0_023040: 256 fits in 6.0s  psnr_med=37.5dB  overall 40.9 fits/s
shard_k0_023296: 256 fits in 5.9s  psnr_med=37.7dB  overall 40.9 fits/s
shard_k0_023552: 256 fits in 6.1s  psnr_med=37.4dB  overall 40.9 fits/s
shard_k0_023808: 256 fits in 5.9s  psnr_med=37.4dB  overall 40.9 fits/s
shard_k0_024064: 256 fits in 5.9s  psnr_med=37.1dB  overall 40.9 fits/s
shard_k0_024320: 256 fits in 6.0s  psnr_med=37.7dB  overall 41.0 fits/s
shard_k0_024576: 256 fits in 5.9s  psnr_med=37.6dB  overall 41.0 fits/s
shard_k0_024832: 256 fits in 6.0s  psnr_med=37.2dB  overall 41.0 fits/s
shard_k0_025088: 256 fits in 6.0s  psnr_med=37.9dB  overall 41.0 fits/s
shard_k0_025344: 256 fits in 5.9s  psnr_med=38.1dB  overall 41.0 fits/s
shard_k0_025600: 256 fits in 6.0s  psnr_med=37.1dB  overall 41.1 fits/s
shard_k0_025856: 256 fits in 6.0s  psnr_med=37.2dB  overall 41.1 fits/s
shard_k0_026112: 256 fits in 6.0s  psnr_med=37.6dB  overall 41.1 fits/s
shard_k0_026368: 256 fits in 5.9s  psnr_med=37.1dB  overall 41.1 fits/s
shard_k0_026624: 256 fits in 6.0s  psnr_med=37.7dB  overall 41.1 fits/s
shard_k0_026880: 256 fits in 6.0s  psnr_med=37.3dB  overall 41.1 fits/s
shard_k0_027136: 256 fits in 6.0s  psnr_med=37.3dB  overall 41.1 fits/s
shard_k0_027392: 256 fits in 5.9s  psnr_med=37.3dB  overall 41.2 fits/s
shard_k0_027648: 256 fits in 6.0s  psnr_med=37.4dB  overall 41.2 fits/s
shard_k0_027904: 256 fits in 6.0s  psnr_med=37.6dB  overall 41.2 fits/s
shard_k0_028160: 256 fits in 6.0s  psnr_med=37.8dB  overall 41.2 fits/s
shard_k0_028416: 256 fits in 5.9s  psnr_med=37.4dB  overall 41.2 fits/s
shard_k0_028672: 256 fits in 6.0s  psnr_med=37.6dB  overall 41.2 fits/s
shard_k0_028928: 256 fits in 6.0s  psnr_med=37.5dB  overall 41.2 fits/s
shard_k0_029184: 256 fits in 6.1s  psnr_med=37.9dB  overall 41.3 fits/s
shard_k0_029440: 256 fits in 6.0s  psnr_med=37.5dB  overall 41.3 fits/s
shard_k0_029696: 256 fits in 6.0s  psnr_med=37.1dB  overall 41.3 fits/s
shard_k0_029952: 256 fits in 6.0s  psnr_med=37.3dB  overall 41.3 fits/s
shard_k0_030208: 256 fits in 6.0s  psnr_med=37.9dB  overall 41.3 fits/s
shard_k0_030464: 256 fits in 6.0s  psnr_med=37.0dB  overall 41.3 fits/s
shard_k0_030720: 256 fits in 6.0s  psnr_med=36.9dB  overall 41.3 fits/s
shard_k0_030976: 256 fits in 6.0s  psnr_med=37.2dB  overall 41.3 fits/s
shard_k0_031232: 256 fits in 6.0s  psnr_med=37.1dB  overall 41.4 fits/s
shard_k0_031488: 256 fits in 6.0s  psnr_med=37.4dB  overall 41.4 fits/s
shard_k0_031744: 256 fits in 5.9s  psnr_med=37.2dB  overall 41.4 fits/s
shard_k0_032000: 256 fits in 6.0s  psnr_med=38.0dB  overall 41.4 fits/s
shard_k0_032256: 256 fits in 5.9s  psnr_med=37.7dB  overall 41.4 fits/s
shard_k0_032512: 256 fits in 6.2s  psnr_med=37.3dB  overall 41.4 fits/s
shard_k0_032768: 256 fits in 5.9s  psnr_med=37.4dB  overall 41.4 fits/s
shard_k0_033024: 256 fits in 6.0s  psnr_med=37.5dB  overall 41.4 fits/s
shard_k0_033280: 256 fits in 5.9s  psnr_med=37.2dB  overall 41.4 fits/s
shard_k0_033536: 256 fits in 5.9s  psnr_med=36.9dB  overall 41.4 fits/s
shard_k0_033792: 256 fits in 6.0s  psnr_med=37.9dB  overall 41.5 fits/s
shard_k0_034048: 256 fits in 6.0s  psnr_med=37.0dB  overall 41.5 fits/s
shard_k0_034304: 256 fits in 5.9s  psnr_med=37.8dB  overall 41.5 fits/s
shard_k0_034560: 256 fits in 6.0s  psnr_med=37.2dB  overall 41.5 fits/s
shard_k0_034816: 256 fits in 6.0s  psnr_med=37.5dB  overall 41.5 fits/s
shard_k0_035072: 256 fits in 6.0s  psnr_med=37.0dB  overall 41.5 fits/s
shard_k0_035328: 256 fits in 5.9s  psnr_med=37.7dB  overall 41.5 fits/s
shard_k0_035584: 256 fits in 6.0s  psnr_med=37.5dB  overall 41.5 fits/s
shard_k0_035840: 256 fits in 5.9s  psnr_med=36.9dB  overall 41.5 fits/s
shard_k0_036096: 256 fits in 6.0s  psnr_med=37.6dB  overall 41.5 fits/s
shard_k0_036352: 256 fits in 6.0s  psnr_med=37.4dB  overall 41.5 fits/s
shard_k0_036608: 256 fits in 5.9s  psnr_med=38.0dB  overall 41.6 fits/s
shard_k0_036864: 256 fits in 5.9s  psnr_med=37.7dB  overall 41.6 fits/s
shard_k0_037120: 256 fits in 6.0s  psnr_med=37.5dB  overall 41.6 fits/s
shard_k0_037376: 256 fits in 5.9s  psnr_med=37.6dB  overall 41.6 fits/s
shard_k0_037632: 256 fits in 6.0s  psnr_med=37.7dB  overall 41.6 fits/s
shard_k0_037888: 256 fits in 5.9s  psnr_med=37.2dB  overall 41.6 fits/s
shard_k0_038144: 256 fits in 5.9s  psnr_med=37.2dB  overall 41.6 fits/s
shard_k0_038400: 256 fits in 5.9s  psnr_med=37.7dB  overall 41.6 fits/s
shard_k0_038656: 256 fits in 6.0s  psnr_med=37.7dB  overall 41.6 fits/s
shard_k0_038912: 256 fits in 5.9s  psnr_med=37.7dB  overall 41.6 fits/s
shard_k0_039168: 256 fits in 5.9s  psnr_med=37.8dB  overall 41.7 fits/s
shard_k0_039424: 256 fits in 6.0s  psnr_med=37.8dB  overall 41.7 fits/s
shard_k0_039680: 256 fits in 6.0s  psnr_med=37.1dB  overall 41.7 fits/s
shard_k0_039936: 256 fits in 5.9s  psnr_med=37.4dB  overall 41.7 fits/s
shard_k0_040192: 256 fits in 6.2s  psnr_med=37.4dB  overall 41.7 fits/s
shard_k0_040448: 256 fits in 5.9s  psnr_med=37.5dB  overall 41.7 fits/s
shard_k0_040704: 256 fits in 6.0s  psnr_med=37.3dB  overall 41.7 fits/s
shard_k0_040960: 256 fits in 6.0s  psnr_med=37.4dB  overall 41.7 fits/s
shard_k0_041216: 256 fits in 6.0s  psnr_med=37.1dB  overall 41.7 fits/s
shard_k0_041472: 256 fits in 6.0s  psnr_med=36.9dB  overall 41.7 fits/s
shard_k0_041728: 256 fits in 6.0s  psnr_med=37.1dB  overall 41.7 fits/s
shard_k0_041984: 256 fits in 6.0s  psnr_med=37.7dB  overall 41.7 fits/s
shard_k0_042240: 256 fits in 6.1s  psnr_med=37.3dB  overall 41.7 fits/s
shard_k0_042496: 256 fits in 6.0s  psnr_med=37.5dB  overall 41.7 fits/s
shard_k0_042752: 256 fits in 6.2s  psnr_med=38.0dB  overall 41.7 fits/s
shard_k0_043008: 256 fits in 6.0s  psnr_med=37.5dB  overall 41.7 fits/s
shard_k0_043264: 256 fits in 6.0s  psnr_med=37.4dB  overall 41.7 fits/s
shard_k0_043520: 256 fits in 5.9s  psnr_med=37.6dB  overall 41.7 fits/s
shard_k0_043776: 256 fits in 6.0s  psnr_med=36.7dB  overall 41.7 fits/s
shard_k0_044032: 256 fits in 5.9s  psnr_med=37.1dB  overall 41.8 fits/s
shard_k0_044288: 256 fits in 6.0s  psnr_med=37.1dB  overall 41.8 fits/s
shard_k0_044544: 256 fits in 6.0s  psnr_med=37.3dB  overall 41.8 fits/s
shard_k0_044800: 256 fits in 5.9s  psnr_med=37.4dB  overall 41.8 fits/s
shard_k0_045056: 256 fits in 6.0s  psnr_med=37.9dB  overall 41.8 fits/s
shard_k0_045312: 256 fits in 5.9s  psnr_med=37.2dB  overall 41.8 fits/s
shard_k0_045568: 256 fits in 6.0s  psnr_med=37.4dB  overall 41.8 fits/s
shard_k0_045824: 256 fits in 6.0s  psnr_med=37.3dB  overall 41.8 fits/s
shard_k0_046080: 256 fits in 5.9s  psnr_med=36.8dB  overall 41.8 fits/s
shard_k0_046336: 256 fits in 6.0s  psnr_med=37.6dB  overall 41.8 fits/s
shard_k0_046592: 256 fits in 5.9s  psnr_med=37.7dB  overall 41.8 fits/s
shard_k0_046848: 256 fits in 5.9s  psnr_med=37.8dB  overall 41.8 fits/s
shard_k0_047104: 256 fits in 6.0s  psnr_med=37.1dB  overall 41.8 fits/s
shard_k0_047360: 256 fits in 6.0s  psnr_med=37.5dB  overall 41.8 fits/s
shard_k0_047616: 256 fits in 6.0s  psnr_med=37.8dB  overall 41.8 fits/s
shard_k0_047872: 256 fits in 5.9s  psnr_med=37.7dB  overall 41.8 fits/s
shard_k0_048128: 256 fits in 6.0s  psnr_med=37.6dB  overall 41.8 fits/s
shard_k0_048384: 256 fits in 5.9s  psnr_med=37.5dB  overall 41.9 fits/s
shard_k0_048640: 256 fits in 5.9s  psnr_med=37.6dB  overall 41.9 fits/s
shard_k0_048896: 256 fits in 6.0s  psnr_med=37.3dB  overall 41.9 fits/s
shard_k0_049152: 256 fits in 6.0s  psnr_med=37.6dB  overall 41.9 fits/s
shard_k0_049408: 256 fits in 5.9s  psnr_med=37.2dB  overall 41.9 fits/s
shard_k0_049664: 256 fits in 6.0s  psnr_med=37.3dB  overall 41.9 fits/s
shard_k0_049920: 256 fits in 6.0s  psnr_med=36.9dB  overall 41.9 fits/s
shard_k0_050176: 256 fits in 5.9s  psnr_med=37.6dB  overall 41.9 fits/s
shard_k0_050432: 256 fits in 5.9s  psnr_med=37.6dB  overall 41.9 fits/s
shard_k0_050688: 256 fits in 6.0s  psnr_med=37.8dB  overall 41.9 fits/s
shard_k0_050944: 256 fits in 6.0s  psnr_med=37.4dB  overall 41.9 fits/s
shard_k0_051200: 256 fits in 6.0s  psnr_med=37.8dB  overall 41.9 fits/s
shard_k0_051456: 256 fits in 6.0s  psnr_med=37.9dB  overall 41.9 fits/s
shard_k0_051712: 256 fits in 6.0s  psnr_med=36.9dB  overall 41.9 fits/s
shard_k0_051968: 256 fits in 6.0s  psnr_med=37.0dB  overall 41.9 fits/s
shard_k0_052224: 256 fits in 6.0s  psnr_med=37.3dB  overall 41.9 fits/s
shard_k0_052480: 256 fits in 6.0s  psnr_med=37.3dB  overall 41.9 fits/s
shard_k0_052736: 256 fits in 6.0s  psnr_med=37.9dB  overall 41.9 fits/s
shard_k0_052992: 256 fits in 6.0s  psnr_med=37.5dB  overall 41.9 fits/s
shard_k0_053248: 256 fits in 6.0s  psnr_med=37.3dB  overall 41.9 fits/s
shard_k0_053504: 256 fits in 6.0s  psnr_med=37.4dB  overall 41.9 fits/s
shard_k0_053760: 256 fits in 6.0s  psnr_med=38.0dB  overall 41.9 fits/s
shard_k0_054016: 256 fits in 6.0s  psnr_med=37.3dB  overall 41.9 fits/s
shard_k0_054272: 256 fits in 6.0s  psnr_med=37.7dB  overall 41.9 fits/s
shard_k0_054528: 256 fits in 6.0s  psnr_med=37.7dB  overall 41.9 fits/s
shard_k0_054784: 216 fits in 5.1s  psnr_med=37.4dB  overall 41.9 fits/s
shard_k1_000000: 256 fits in 6.1s  psnr_med=37.3dB  overall 41.9 fits/s
shard_k1_000256: 256 fits in 5.9s  psnr_med=37.0dB  overall 42.0 fits/s
shard_k1_000512: 256 fits in 6.0s  psnr_med=37.4dB  overall 42.0 fits/s
shard_k1_000768: 256 fits in 5.9s  psnr_med=37.9dB  overall 42.0 fits/s
shard_k1_001024: 256 fits in 6.0s  psnr_med=37.4dB  overall 42.0 fits/s
shard_k1_001280: 256 fits in 5.9s  psnr_med=37.0dB  overall 42.0 fits/s
shard_k1_001536: 256 fits in 6.0s  psnr_med=37.3dB  overall 42.0 fits/s
shard_k1_001792: 256 fits in 5.9s  psnr_med=37.7dB  overall 42.0 fits/s
shard_k1_002048: 256 fits in 5.9s  psnr_med=37.7dB  overall 42.0 fits/s
shard_k1_002304: 256 fits in 5.9s  psnr_med=37.2dB  overall 42.0 fits/s
shard_k1_002560: 256 fits in 6.0s  psnr_med=37.7dB  overall 42.0 fits/s
shard_k1_002816: 256 fits in 5.9s  psnr_med=37.4dB  overall 42.0 fits/s
shard_k1_003072: 256 fits in 6.1s  psnr_med=37.3dB  overall 42.0 fits/s
shard_k1_003328: 256 fits in 5.9s  psnr_med=37.4dB  overall 42.0 fits/s
shard_k1_003584: 256 fits in 6.0s  psnr_med=37.6dB  overall 42.0 fits/s
shard_k1_003840: 256 fits in 6.0s  psnr_med=37.1dB  overall 42.0 fits/s
shard_k1_004096: 256 fits in 6.0s  psnr_med=37.5dB  overall 42.0 fits/s
shard_k1_004352: 256 fits in 6.0s  psnr_med=37.9dB  overall 42.0 fits/s
shard_k1_004608: 256 fits in 6.0s  psnr_med=37.6dB  overall 42.0 fits/s
shard_k1_004864: 256 fits in 6.0s  psnr_med=37.6dB  overall 42.0 fits/s
shard_k1_005120: 256 fits in 6.1s  psnr_med=37.9dB  overall 42.0 fits/s
shard_k1_005376: 256 fits in 6.0s  psnr_med=38.0dB  overall 42.0 fits/s
shard_k1_005632: 256 fits in 6.0s  psnr_med=37.3dB  overall 42.0 fits/s
shard_k1_005888: 256 fits in 6.0s  psnr_med=37.7dB  overall 42.0 fits/s
shard_k1_006144: 256 fits in 6.0s  psnr_med=38.1dB  overall 42.0 fits/s
shard_k1_006400: 256 fits in 5.9s  psnr_med=37.4dB  overall 42.0 fits/s
shard_k1_006656: 256 fits in 6.0s  psnr_med=37.2dB  overall 42.0 fits/s
shard_k1_006912: 256 fits in 6.0s  psnr_med=37.7dB  overall 42.0 fits/s
shard_k1_007168: 256 fits in 6.0s  psnr_med=36.8dB  overall 42.0 fits/s
shard_k1_007424: 256 fits in 6.0s  psnr_med=37.4dB  overall 42.0 fits/s
shard_k1_007680: 256 fits in 6.0s  psnr_med=37.3dB  overall 42.0 fits/s
shard_k1_007936: 256 fits in 6.0s  psnr_med=37.5dB  overall 42.0 fits/s
shard_k1_008192: 256 fits in 6.0s  psnr_med=37.2dB  overall 42.1 fits/s
shard_k1_008448: 256 fits in 6.0s  psnr_med=37.9dB  overall 42.1 fits/s
shard_k1_008704: 256 fits in 6.2s  psnr_med=37.3dB  overall 42.0 fits/s
shard_k1_008960: 256 fits in 6.8s  psnr_med=37.5dB  overall 42.0 fits/s
shard_k1_009216: 256 fits in 6.1s  psnr_med=37.4dB  overall 42.0 fits/s
shard_k1_009472: 256 fits in 6.1s  psnr_med=37.6dB  overall 42.0 fits/s
shard_k1_009728: 256 fits in 6.1s  psnr_med=37.2dB  overall 42.0 fits/s
shard_k1_009984: 256 fits in 6.1s  psnr_med=37.8dB  overall 42.0 fits/s
shard_k1_010240: 256 fits in 6.2s  psnr_med=38.4dB  overall 42.0 fits/s
shard_k1_010496: 256 fits in 6.1s  psnr_med=37.5dB  overall 42.0 fits/s
shard_k1_010752: 256 fits in 6.3s  psnr_med=37.9dB  overall 42.0 fits/s
shard_k1_011008: 256 fits in 6.2s  psnr_med=37.2dB  overall 42.0 fits/s
shard_k1_011264: 256 fits in 6.1s  psnr_med=37.5dB  overall 42.0 fits/s
shard_k1_011520: 256 fits in 6.2s  psnr_med=37.2dB  overall 42.0 fits/s
shard_k1_011776: 256 fits in 6.2s  psnr_med=37.6dB  overall 42.0 fits/s
shard_k1_012032: 256 fits in 6.2s  psnr_med=37.7dB  overall 42.0 fits/s
shard_k1_012288: 256 fits in 6.2s  psnr_med=37.8dB  overall 42.0 fits/s
shard_k1_012544: 256 fits in 6.2s  psnr_med=37.9dB  overall 42.0 fits/s
shard_k1_012800: 256 fits in 6.2s  psnr_med=37.1dB  overall 42.0 fits/s
shard_k1_013056: 256 fits in 6.3s  psnr_med=37.7dB  overall 42.0 fits/s
shard_k1_013312: 256 fits in 6.2s  psnr_med=37.6dB  overall 42.0 fits/s
shard_k1_013568: 256 fits in 6.1s  psnr_med=36.9dB  overall 42.0 fits/s
shard_k1_013824: 256 fits in 6.2s  psnr_med=37.2dB  overall 42.0 fits/s
shard_k1_014080: 256 fits in 6.2s  psnr_med=37.7dB  overall 42.0 fits/s
shard_k1_014336: 256 fits in 6.2s  psnr_med=37.0dB  overall 42.0 fits/s
shard_k1_014592: 256 fits in 6.1s  psnr_med=37.7dB  overall 42.0 fits/s
shard_k1_014848: 256 fits in 6.2s  psnr_med=37.3dB  overall 42.0 fits/s
shard_k1_015104: 256 fits in 6.3s  psnr_med=37.3dB  overall 42.0 fits/s
shard_k1_015360: 256 fits in 6.2s  psnr_med=37.1dB  overall 42.0 fits/s
shard_k1_015616: 256 fits in 6.2s  psnr_med=37.3dB  overall 42.0 fits/s
shard_k1_015872: 256 fits in 6.2s  psnr_med=37.4dB  overall 42.0 fits/s
shard_k1_016128: 256 fits in 6.2s  psnr_med=38.1dB  overall 42.0 fits/s
shard_k1_016384: 256 fits in 6.2s  psnr_med=37.8dB  overall 42.0 fits/s
shard_k1_016640: 256 fits in 6.2s  psnr_med=37.3dB  overall 42.0 fits/s
shard_k1_016896: 256 fits in 6.3s  psnr_med=37.7dB  overall 42.0 fits/s
shard_k1_017152: 256 fits in 6.3s  psnr_med=38.0dB  overall 41.9 fits/s
shard_k1_017408: 256 fits in 6.2s  psnr_med=36.9dB  overall 41.9 fits/s
shard_k1_017664: 256 fits in 6.2s  psnr_med=37.1dB  overall 41.9 fits/s
shard_k1_017920: 256 fits in 6.2s  psnr_med=37.4dB  overall 41.9 fits/s
shard_k1_018176: 256 fits in 6.2s  psnr_med=37.5dB  overall 41.9 fits/s
shard_k1_018432: 256 fits in 6.3s  psnr_med=37.2dB  overall 41.9 fits/s
shard_k1_018688: 256 fits in 6.3s  psnr_med=37.6dB  overall 41.9 fits/s
shard_k1_018944: 256 fits in 6.2s  psnr_med=36.9dB  overall 41.9 fits/s
shard_k1_019200: 256 fits in 6.2s  psnr_med=38.1dB  overall 41.9 fits/s
shard_k1_019456: 256 fits in 6.2s  psnr_med=37.5dB  overall 41.9 fits/s
shard_k1_019712: 256 fits in 6.3s  psnr_med=38.1dB  overall 41.9 fits/s
shard_k1_019968: 256 fits in 6.2s  psnr_med=37.6dB  overall 41.9 fits/s
shard_k1_020224: 256 fits in 6.2s  psnr_med=37.4dB  overall 41.9 fits/s
shard_k1_020480: 256 fits in 6.2s  psnr_med=37.4dB  overall 41.9 fits/s
shard_k1_020736: 256 fits in 6.2s  psnr_med=37.6dB  overall 41.9 fits/s
shard_k1_020992: 256 fits in 6.2s  psnr_med=37.5dB  overall 41.9 fits/s
shard_k1_021248: 256 fits in 6.3s  psnr_med=37.7dB  overall 41.9 fits/s
shard_k1_021504: 256 fits in 6.2s  psnr_med=37.6dB  overall 41.9 fits/s
shard_k1_021760: 256 fits in 6.3s  psnr_med=37.9dB  overall 41.9 fits/s
shard_k1_022016: 256 fits in 6.3s  psnr_med=37.6dB  overall 41.9 fits/s
shard_k1_022272: 256 fits in 6.3s  psnr_med=37.6dB  overall 41.9 fits/s
shard_k1_022528: 256 fits in 6.3s  psnr_med=37.8dB  overall 41.9 fits/s
shard_k1_022784: 256 fits in 6.3s  psnr_med=37.8dB  overall 41.9 fits/s
shard_k1_023040: 256 fits in 6.3s  psnr_med=38.1dB  overall 41.9 fits/s
shard_k1_023296: 256 fits in 6.2s  psnr_med=37.7dB  overall 41.9 fits/s
shard_k1_023552: 256 fits in 6.2s  psnr_med=37.2dB  overall 41.9 fits/s
shard_k1_023808: 256 fits in 6.2s  psnr_med=37.5dB  overall 41.9 fits/s
shard_k1_024064: 256 fits in 6.2s  psnr_med=37.5dB  overall 41.9 fits/s
shard_k1_024320: 256 fits in 6.2s  psnr_med=37.6dB  overall 41.9 fits/s
shard_k1_024576: 256 fits in 6.3s  psnr_med=37.2dB  overall 41.9 fits/s
shard_k1_024832: 256 fits in 6.2s  psnr_med=37.1dB  overall 41.9 fits/s
shard_k1_025088: 256 fits in 6.2s  psnr_med=37.6dB  overall 41.9 fits/s
shard_k1_025344: 256 fits in 6.2s  psnr_med=38.1dB  overall 41.8 fits/s
shard_k1_025600: 256 fits in 6.2s  psnr_med=37.2dB  overall 41.8 fits/s
shard_k1_025856: 256 fits in 6.2s  psnr_med=37.5dB  overall 41.8 fits/s
shard_k1_026112: 256 fits in 6.2s  psnr_med=37.6dB  overall 41.8 fits/s
shard_k1_026368: 256 fits in 6.2s  psnr_med=37.1dB  overall 41.8 fits/s
shard_k1_026624: 256 fits in 6.2s  psnr_med=37.7dB  overall 41.8 fits/s
shard_k1_026880: 256 fits in 6.2s  psnr_med=37.5dB  overall 41.8 fits/s
shard_k1_027136: 256 fits in 6.3s  psnr_med=37.3dB  overall 41.8 fits/s
shard_k1_027392: 256 fits in 6.2s  psnr_med=37.1dB  overall 41.8 fits/s
shard_k1_027648: 256 fits in 6.2s  psnr_med=37.2dB  overall 41.8 fits/s
shard_k1_027904: 256 fits in 6.4s  psnr_med=38.2dB  overall 41.8 fits/s
shard_k1_028160: 256 fits in 6.2s  psnr_med=37.7dB  overall 41.8 fits/s
shard_k1_028416: 256 fits in 6.3s  psnr_med=37.5dB  overall 41.8 fits/s
shard_k1_028672: 256 fits in 6.3s  psnr_med=37.5dB  overall 41.8 fits/s
shard_k1_028928: 256 fits in 6.3s  psnr_med=37.3dB  overall 41.8 fits/s
shard_k1_029184: 256 fits in 6.3s  psnr_med=37.8dB  overall 41.8 fits/s
shard_k1_029440: 256 fits in 6.3s  psnr_med=37.5dB  overall 41.8 fits/s
shard_k1_029696: 256 fits in 6.3s  psnr_med=37.1dB  overall 41.8 fits/s
shard_k1_029952: 256 fits in 6.3s  psnr_med=37.3dB  overall 41.8 fits/s
shard_k1_030208: 256 fits in 6.3s  psnr_med=37.7dB  overall 41.8 fits/s
shard_k1_030464: 256 fits in 6.4s  psnr_med=37.3dB  overall 41.8 fits/s
shard_k1_030720: 256 fits in 6.4s  psnr_med=37.1dB  overall 41.8 fits/s
shard_k1_030976: 256 fits in 6.3s  psnr_med=37.3dB  overall 41.8 fits/s
shard_k1_031232: 256 fits in 6.3s  psnr_med=37.0dB  overall 41.8 fits/s
shard_k1_031488: 256 fits in 6.3s  psnr_med=36.9dB  overall 41.8 fits/s
shard_k1_031744: 256 fits in 6.3s  psnr_med=37.4dB  overall 41.8 fits/s
shard_k1_032000: 256 fits in 6.4s  psnr_med=37.5dB  overall 41.8 fits/s
shard_k1_032256: 256 fits in 6.3s  psnr_med=37.4dB  overall 41.8 fits/s
shard_k1_032512: 256 fits in 6.3s  psnr_med=37.2dB  overall 41.8 fits/s
shard_k1_032768: 256 fits in 6.3s  psnr_med=37.2dB  overall 41.8 fits/s
shard_k1_033024: 256 fits in 6.3s  psnr_med=37.9dB  overall 41.7 fits/s
shard_k1_033280: 256 fits in 6.3s  psnr_med=37.4dB  overall 41.7 fits/s
shard_k1_033536: 256 fits in 6.4s  psnr_med=37.1dB  overall 41.7 fits/s
shard_k1_033792: 256 fits in 6.3s  psnr_med=37.4dB  overall 41.7 fits/s
shard_k1_034048: 256 fits in 6.2s  psnr_med=37.4dB  overall 41.7 fits/s
shard_k1_034304: 256 fits in 6.3s  psnr_med=37.6dB  overall 41.7 fits/s
shard_k1_034560: 256 fits in 6.2s  psnr_med=37.3dB  overall 41.7 fits/s
shard_k1_034816: 256 fits in 6.3s  psnr_med=37.4dB  overall 41.7 fits/s
shard_k1_035072: 256 fits in 6.3s  psnr_med=36.9dB  overall 41.7 fits/s
shard_k1_035328: 256 fits in 6.3s  psnr_med=37.6dB  overall 41.7 fits/s
shard_k1_035584: 256 fits in 6.3s  psnr_med=37.1dB  overall 41.7 fits/s
shard_k1_035840: 256 fits in 6.3s  psnr_med=36.8dB  overall 41.7 fits/s
shard_k1_036096: 256 fits in 6.2s  psnr_med=38.0dB  overall 41.7 fits/s
shard_k1_036352: 256 fits in 6.3s  psnr_med=37.4dB  overall 41.7 fits/s
shard_k1_036608: 256 fits in 6.2s  psnr_med=37.8dB  overall 41.7 fits/s
shard_k1_036864: 256 fits in 6.2s  psnr_med=37.8dB  overall 41.7 fits/s
shard_k1_037120: 256 fits in 6.3s  psnr_med=37.8dB  overall 41.7 fits/s
shard_k1_037376: 256 fits in 6.3s  psnr_med=37.5dB  overall 41.7 fits/s
shard_k1_037632: 256 fits in 6.3s  psnr_med=37.8dB  overall 41.7 fits/s
shard_k1_037888: 256 fits in 6.3s  psnr_med=37.4dB  overall 41.7 fits/s
shard_k1_038144: 256 fits in 6.3s  psnr_med=37.3dB  overall 41.7 fits/s
shard_k1_038400: 256 fits in 6.3s  psnr_med=37.4dB  overall 41.7 fits/s
shard_k1_038656: 256 fits in 6.2s  psnr_med=37.5dB  overall 41.7 fits/s
shard_k1_038912: 256 fits in 6.2s  psnr_med=37.5dB  overall 41.7 fits/s
shard_k1_039168: 256 fits in 6.3s  psnr_med=37.5dB  overall 41.7 fits/s
shard_k1_039424: 256 fits in 6.3s  psnr_med=37.5dB  overall 41.7 fits/s
shard_k1_039680: 256 fits in 6.3s  psnr_med=37.2dB  overall 41.7 fits/s
shard_k1_039936: 256 fits in 6.2s  psnr_med=37.8dB  overall 41.7 fits/s
shard_k1_040192: 256 fits in 6.3s  psnr_med=37.5dB  overall 41.7 fits/s
shard_k1_040448: 256 fits in 6.2s  psnr_med=37.6dB  overall 41.7 fits/s
shard_k1_040704: 256 fits in 6.3s  psnr_med=37.3dB  overall 41.7 fits/s
shard_k1_040960: 256 fits in 6.3s  psnr_med=37.2dB  overall 41.7 fits/s
shard_k1_041216: 256 fits in 6.3s  psnr_med=37.6dB  overall 41.7 fits/s
shard_k1_041472: 256 fits in 6.2s  psnr_med=37.2dB  overall 41.7 fits/s
shard_k1_041728: 256 fits in 6.3s  psnr_med=36.8dB  overall 41.7 fits/s
shard_k1_041984: 256 fits in 6.4s  psnr_med=37.3dB  overall 41.7 fits/s
shard_k1_042240: 256 fits in 6.3s  psnr_med=37.5dB  overall 41.7 fits/s
shard_k1_042496: 256 fits in 6.2s  psnr_med=37.4dB  overall 41.6 fits/s
shard_k1_042752: 256 fits in 6.3s  psnr_med=37.7dB  overall 41.6 fits/s
shard_k1_043008: 256 fits in 6.3s  psnr_med=37.8dB  overall 41.6 fits/s
shard_k1_043264: 256 fits in 6.3s  psnr_med=37.3dB  overall 41.6 fits/s
shard_k1_043520: 256 fits in 6.2s  psnr_med=37.7dB  overall 41.6 fits/s
shard_k1_043776: 256 fits in 6.2s  psnr_med=37.4dB  overall 41.6 fits/s
shard_k1_044032: 256 fits in 7.0s  psnr_med=37.1dB  overall 41.6 fits/s
shard_k1_044288: 256 fits in 16.3s  psnr_med=37.6dB  overall 41.4 fits/s
shard_k1_044544: 256 fits in 1003.1s  psnr_med=37.5dB  overall 29.3 fits/s
shard_k1_044800: 256 fits in 2015.3s  psnr_med=37.3dB  overall 18.5 fits/s
shard_k1_045056: 256 fits in 1838.7s  psnr_med=37.9dB  overall 13.8 fits/s
shard_k1_045312: 256 fits in 1934.1s  psnr_med=37.2dB  overall 10.9 fits/s
shard_k1_045568: 256 fits in 1518.9s  psnr_med=37.3dB  overall 9.4 fits/s
shard_k1_045824: 256 fits in 2009.8s  psnr_med=36.9dB  overall 7.9 fits/s
shard_k1_046080: 256 fits in 3105.3s  psnr_med=37.0dB  overall 6.4 fits/s
shard_k1_046336: 256 fits in 2056.8s  psnr_med=37.5dB  overall 5.7 fits/s
shard_k1_046592: 256 fits in 2057.0s  psnr_med=37.7dB  overall 5.1 fits/s
shard_k1_046848: 256 fits in 2900.0s  psnr_med=37.6dB  overall 4.5 fits/s
shard_k1_047104: 256 fits in 1069.9s  psnr_med=37.3dB  overall 4.3 fits/s
shard_k1_047360: 256 fits in 1997.8s  psnr_med=37.2dB  overall 4.0 fits/s
shard_k1_047616: 256 fits in 1757.0s  psnr_med=38.0dB  overall 3.7 fits/s
shard_k1_047872: 256 fits in 17.2s  psnr_med=37.6dB  overall 3.7 fits/s
shard_k1_048128: 256 fits in 15.5s  psnr_med=37.5dB  overall 3.7 fits/s
shard_k1_048384: 256 fits in 13.9s  psnr_med=37.5dB  overall 3.7 fits/s
shard_k1_048640: 256 fits in 13.3s  psnr_med=37.6dB  overall 3.7 fits/s
shard_k1_048896: 256 fits in 913.9s  psnr_med=36.9dB  overall 3.6 fits/s
shard_k1_049152: 256 fits in 11.1s  psnr_med=37.3dB  overall 3.6 fits/s
shard_k1_049408: 256 fits in 10.2s  psnr_med=37.2dB  overall 3.7 fits/s
shard_k1_049664: 256 fits in 10.3s  psnr_med=37.2dB  overall 3.7 fits/s
shard_k1_049920: 256 fits in 11.2s  psnr_med=37.4dB  overall 3.7 fits/s
shard_k1_050176: 256 fits in 11.4s  psnr_med=37.3dB  overall 3.7 fits/s
shard_k1_050432: 256 fits in 10.2s  psnr_med=37.2dB  overall 3.7 fits/s
shard_k1_050688: 256 fits in 11.3s  psnr_med=37.4dB  overall 3.7 fits/s
shard_k1_050944: 256 fits in 10.3s  psnr_med=37.5dB  overall 3.7 fits/s
shard_k1_051200: 256 fits in 10.2s  psnr_med=37.8dB  overall 3.7 fits/s
shard_k1_051456: 256 fits in 13.1s  psnr_med=37.2dB  overall 3.7 fits/s
shard_k1_051712: 256 fits in 12.4s  psnr_med=37.3dB  overall 3.7 fits/s
shard_k1_051968: 256 fits in 12.4s  psnr_med=37.4dB  overall 3.7 fits/s
shard_k1_052224: 256 fits in 12.4s  psnr_med=37.7dB  overall 3.7 fits/s
shard_k1_052480: 256 fits in 12.5s  psnr_med=37.4dB  overall 3.7 fits/s
shard_k1_052736: 256 fits in 12.8s  psnr_med=37.6dB  overall 3.7 fits/s
shard_k1_052992: 256 fits in 13.6s  psnr_med=37.3dB  overall 3.8 fits/s
shard_k1_053248: 256 fits in 13.4s  psnr_med=37.5dB  overall 3.8 fits/s
shard_k1_053504: 256 fits in 12.7s  psnr_med=37.3dB  overall 3.8 fits/s
shard_k1_053760: 256 fits in 912.6s  psnr_med=37.2dB  overall 3.7 fits/s
shard_k1_054016: 256 fits in 9.8s  psnr_med=37.2dB  overall 3.7 fits/s
shard_k1_054272: 256 fits in 10.9s  psnr_med=37.4dB  overall 3.7 fits/s
shard_k1_054528: 256 fits in 11.0s  psnr_med=37.9dB  overall 3.7 fits/s
shard_k1_054784: 216 fits in 11.6s  psnr_med=37.3dB  overall 3.7 fits/s
shard_k2_000000: 256 fits in 13.8s  psnr_med=37.5dB  overall 3.7 fits/s
shard_k2_000256: 256 fits in 13.7s  psnr_med=37.1dB  overall 3.7 fits/s
shard_k2_000512: 256 fits in 14.1s  psnr_med=37.3dB  overall 3.7 fits/s
shard_k2_000768: 256 fits in 13.4s  psnr_med=37.9dB  overall 3.7 fits/s
shard_k2_001024: 256 fits in 13.7s  psnr_med=36.9dB  overall 3.7 fits/s
shard_k2_001280: 256 fits in 913.7s  psnr_med=37.8dB  overall 3.6 fits/s
shard_k2_001536: 256 fits in 10.7s  psnr_med=37.0dB  overall 3.6 fits/s
shard_k2_001792: 256 fits in 9.9s  psnr_med=37.6dB  overall 3.6 fits/s
shard_k2_002048: 256 fits in 9.7s  psnr_med=37.6dB  overall 3.6 fits/s
shard_k2_002304: 256 fits in 10.0s  psnr_med=37.6dB  overall 3.7 fits/s
shard_k2_002560: 256 fits in 265.8s  psnr_med=37.4dB  overall 3.6 fits/s
shard_k2_002816: 256 fits in 10.1s  psnr_med=37.3dB  overall 3.6 fits/s
shard_k2_003072: 256 fits in 10.0s  psnr_med=37.2dB  overall 3.6 fits/s
shard_k2_003328: 256 fits in 23.2s  psnr_med=37.4dB  overall 3.6 fits/s
shard_k2_003584: 256 fits in 4.6s  psnr_med=37.4dB  overall 3.7 fits/s
shard_k2_003840: 256 fits in 4.9s  psnr_med=37.5dB  overall 3.7 fits/s
shard_k2_004096: 256 fits in 5.2s  psnr_med=37.3dB  overall 3.7 fits/s
shard_k2_004352: 256 fits in 5.0s  psnr_med=37.4dB  overall 3.7 fits/s
shard_k2_004608: 256 fits in 4.7s  psnr_med=37.9dB  overall 3.7 fits/s
shard_k2_004864: 256 fits in 4.6s  psnr_med=37.5dB  overall 3.7 fits/s
shard_k2_005120: 256 fits in 4.5s  psnr_med=37.5dB  overall 3.7 fits/s
shard_k2_005376: 256 fits in 4.5s  psnr_med=37.6dB  overall 3.7 fits/s
shard_k2_005632: 256 fits in 4.5s  psnr_med=37.4dB  overall 3.7 fits/s
shard_k2_005888: 256 fits in 4.5s  psnr_med=38.2dB  overall 3.7 fits/s
shard_k2_006144: 256 fits in 4.5s  psnr_med=37.5dB  overall 3.7 fits/s
shard_k2_006400: 256 fits in 4.5s  psnr_med=37.5dB  overall 3.7 fits/s
shard_k2_006656: 256 fits in 4.5s  psnr_med=37.0dB  overall 3.7 fits/s
shard_k2_006912: 256 fits in 4.5s  psnr_med=37.0dB  overall 3.8 fits/s
shard_k2_007168: 256 fits in 4.5s  psnr_med=36.7dB  overall 3.8 fits/s
shard_k2_007424: 256 fits in 4.5s  psnr_med=37.0dB  overall 3.8 fits/s
shard_k2_007680: 256 fits in 4.6s  psnr_med=37.7dB  overall 3.8 fits/s
shard_k2_007936: 256 fits in 4.5s  psnr_med=37.5dB  overall 3.8 fits/s
shard_k2_008192: 256 fits in 4.5s  psnr_med=37.3dB  overall 3.8 fits/s
shard_k2_008448: 256 fits in 4.5s  psnr_med=37.7dB  overall 3.8 fits/s
shard_k2_008704: 256 fits in 4.5s  psnr_med=37.2dB  overall 3.8 fits/s
shard_k2_008960: 256 fits in 4.9s  psnr_med=37.5dB  overall 3.8 fits/s
shard_k2_009216: 256 fits in 4.5s  psnr_med=37.5dB  overall 3.8 fits/s
shard_k2_009472: 256 fits in 4.5s  psnr_med=37.5dB  overall 3.8 fits/s
shard_k2_009728: 256 fits in 4.5s  psnr_med=37.4dB  overall 3.8 fits/s
shard_k2_009984: 256 fits in 4.5s  psnr_med=37.6dB  overall 3.8 fits/s
shard_k2_010240: 256 fits in 4.5s  psnr_med=38.1dB  overall 3.9 fits/s
shard_k2_010496: 256 fits in 4.5s  psnr_med=37.4dB  overall 3.9 fits/s
shard_k2_010752: 256 fits in 4.5s  psnr_med=37.5dB  overall 3.9 fits/s
shard_k2_011008: 256 fits in 4.5s  psnr_med=37.5dB  overall 3.9 fits/s
shard_k2_011264: 256 fits in 4.5s  psnr_med=37.7dB  overall 3.9 fits/s
shard_k2_011520: 256 fits in 4.5s  psnr_med=36.6dB  overall 3.9 fits/s
shard_k2_011776: 256 fits in 4.5s  psnr_med=37.2dB  overall 3.9 fits/s
shard_k2_012032: 256 fits in 4.5s  psnr_med=37.8dB  overall 3.9 fits/s
shard_k2_012288: 256 fits in 4.5s  psnr_med=37.8dB  overall 3.9 fits/s
shard_k2_012544: 256 fits in 4.5s  psnr_med=37.8dB  overall 3.9 fits/s
shard_k2_012800: 256 fits in 4.5s  psnr_med=37.2dB  overall 3.9 fits/s
shard_k2_013056: 256 fits in 4.5s  psnr_med=37.8dB  overall 3.9 fits/s
shard_k2_013312: 256 fits in 4.5s  psnr_med=37.6dB  overall 3.9 fits/s
shard_k2_013568: 256 fits in 4.5s  psnr_med=37.0dB  overall 4.0 fits/s
shard_k2_013824: 256 fits in 4.5s  psnr_med=37.6dB  overall 4.0 fits/s
shard_k2_014080: 256 fits in 4.6s  psnr_med=37.9dB  overall 4.0 fits/s
shard_k2_014336: 256 fits in 4.6s  psnr_med=37.3dB  overall 4.0 fits/s
shard_k2_014592: 256 fits in 4.6s  psnr_med=37.6dB  overall 4.0 fits/s
shard_k2_014848: 256 fits in 4.6s  psnr_med=37.4dB  overall 4.0 fits/s
shard_k2_015104: 256 fits in 4.6s  psnr_med=37.2dB  overall 4.0 fits/s
shard_k2_015360: 256 fits in 4.6s  psnr_med=37.3dB  overall 4.0 fits/s
shard_k2_015616: 256 fits in 4.6s  psnr_med=37.7dB  overall 4.0 fits/s
shard_k2_015872: 256 fits in 4.6s  psnr_med=37.5dB  overall 4.0 fits/s
shard_k2_016128: 256 fits in 4.7s  psnr_med=37.4dB  overall 4.0 fits/s
shard_k2_016384: 256 fits in 4.7s  psnr_med=37.8dB  overall 4.0 fits/s
shard_k2_016640: 256 fits in 4.7s  psnr_med=37.1dB  overall 4.0 fits/s
shard_k2_016896: 256 fits in 4.7s  psnr_med=37.6dB  overall 4.1 fits/s
shard_k2_017152: 256 fits in 4.8s  psnr_med=37.5dB  overall 4.1 fits/s
shard_k2_017408: 256 fits in 4.9s  psnr_med=37.0dB  overall 4.1 fits/s
shard_k2_017664: 256 fits in 4.8s  psnr_med=37.1dB  overall 4.1 fits/s
shard_k2_017920: 256 fits in 4.9s  psnr_med=37.5dB  overall 4.1 fits/s
shard_k2_018176: 256 fits in 4.9s  psnr_med=37.5dB  overall 4.1 fits/s
shard_k2_018432: 256 fits in 4.9s  psnr_med=37.6dB  overall 4.1 fits/s
shard_k2_018688: 256 fits in 4.9s  psnr_med=37.3dB  overall 4.1 fits/s
shard_k2_018944: 256 fits in 5.0s  psnr_med=37.4dB  overall 4.1 fits/s
shard_k2_019200: 256 fits in 5.0s  psnr_med=37.9dB  overall 4.1 fits/s
shard_k2_019456: 256 fits in 5.0s  psnr_med=38.0dB  overall 4.1 fits/s
shard_k2_019712: 256 fits in 5.0s  psnr_med=38.3dB  overall 4.1 fits/s
shard_k2_019968: 256 fits in 5.1s  psnr_med=37.6dB  overall 4.1 fits/s
shard_k2_020224: 256 fits in 5.0s  psnr_med=37.3dB  overall 4.1 fits/s
shard_k2_020480: 256 fits in 5.1s  psnr_med=37.2dB  overall 4.2 fits/s
shard_k2_020736: 256 fits in 5.1s  psnr_med=37.4dB  overall 4.2 fits/s
shard_k2_020992: 256 fits in 5.1s  psnr_med=37.2dB  overall 4.2 fits/s
shard_k2_021248: 256 fits in 5.1s  psnr_med=37.3dB  overall 4.2 fits/s
shard_k2_021504: 256 fits in 5.1s  psnr_med=37.3dB  overall 4.2 fits/s
shard_k2_021760: 256 fits in 5.1s  psnr_med=37.8dB  overall 4.2 fits/s
shard_k2_022016: 256 fits in 5.1s  psnr_med=37.6dB  overall 4.2 fits/s
shard_k2_022272: 256 fits in 5.2s  psnr_med=37.7dB  overall 4.2 fits/s
shard_k2_022528: 256 fits in 5.2s  psnr_med=37.9dB  overall 4.2 fits/s
shard_k2_022784: 256 fits in 5.3s  psnr_med=37.7dB  overall 4.2 fits/s
shard_k2_023040: 256 fits in 5.1s  psnr_med=37.6dB  overall 4.2 fits/s
shard_k2_023296: 256 fits in 5.2s  psnr_med=37.5dB  overall 4.2 fits/s
shard_k2_023552: 256 fits in 5.2s  psnr_med=37.6dB  overall 4.2 fits/s
shard_k2_023808: 256 fits in 5.2s  psnr_med=37.6dB  overall 4.3 fits/s
shard_k2_024064: 256 fits in 5.2s  psnr_med=37.7dB  overall 4.3 fits/s
shard_k2_024320: 256 fits in 5.3s  psnr_med=37.8dB  overall 4.3 fits/s
shard_k2_024576: 256 fits in 5.2s  psnr_med=37.3dB  overall 4.3 fits/s
shard_k2_024832: 256 fits in 5.3s  psnr_med=37.7dB  overall 4.3 fits/s
shard_k2_025088: 256 fits in 5.3s  psnr_med=37.4dB  overall 4.3 fits/s
shard_k2_025344: 256 fits in 5.3s  psnr_med=37.9dB  overall 4.3 fits/s
shard_k2_025600: 256 fits in 5.3s  psnr_med=37.5dB  overall 4.3 fits/s
shard_k2_025856: 256 fits in 5.3s  psnr_med=37.3dB  overall 4.3 fits/s
shard_k2_026112: 256 fits in 5.3s  psnr_med=37.4dB  overall 4.3 fits/s
shard_k2_026368: 256 fits in 5.4s  psnr_med=37.2dB  overall 4.3 fits/s
shard_k2_026624: 256 fits in 5.3s  psnr_med=37.4dB  overall 4.3 fits/s
shard_k2_026880: 256 fits in 5.4s  psnr_med=38.0dB  overall 4.3 fits/s
shard_k2_027136: 256 fits in 5.4s  psnr_med=37.4dB  overall 4.3 fits/s
shard_k2_027392: 256 fits in 5.4s  psnr_med=37.5dB  overall 4.4 fits/s
shard_k2_027648: 256 fits in 5.4s  psnr_med=36.9dB  overall 4.4 fits/s
shard_k2_027904: 256 fits in 5.4s  psnr_med=37.7dB  overall 4.4 fits/s
shard_k2_028160: 256 fits in 5.4s  psnr_med=37.8dB  overall 4.4 fits/s
shard_k2_028416: 256 fits in 5.4s  psnr_med=37.2dB  overall 4.4 fits/s
shard_k2_028672: 256 fits in 5.4s  psnr_med=37.3dB  overall 4.4 fits/s
shard_k2_028928: 256 fits in 5.4s  psnr_med=37.4dB  overall 4.4 fits/s
shard_k2_029184: 256 fits in 5.5s  psnr_med=37.6dB  overall 4.4 fits/s
shard_k2_029440: 256 fits in 5.4s  psnr_med=37.5dB  overall 4.4 fits/s
shard_k2_029696: 256 fits in 5.5s  psnr_med=37.5dB  overall 4.4 fits/s
shard_k2_029952: 256 fits in 5.5s  psnr_med=37.6dB  overall 4.4 fits/s
shard_k2_030208: 256 fits in 5.4s  psnr_med=37.4dB  overall 4.4 fits/s
shard_k2_030464: 256 fits in 5.5s  psnr_med=37.1dB  overall 4.4 fits/s
shard_k2_030720: 256 fits in 5.5s  psnr_med=37.7dB  overall 4.5 fits/s
shard_k2_030976: 256 fits in 5.5s  psnr_med=37.3dB  overall 4.5 fits/s
shard_k2_031232: 256 fits in 5.5s  psnr_med=37.1dB  overall 4.5 fits/s
shard_k2_031488: 256 fits in 5.5s  psnr_med=36.9dB  overall 4.5 fits/s
shard_k2_031744: 256 fits in 5.5s  psnr_med=38.0dB  overall 4.5 fits/s
shard_k2_032000: 256 fits in 6.3s  psnr_med=37.2dB  overall 4.5 fits/s
shard_k2_032256: 256 fits in 7.0s  psnr_med=37.5dB  overall 4.5 fits/s
shard_k2_032512: 256 fits in 7.2s  psnr_med=37.3dB  overall 4.5 fits/s
shard_k2_032768: 256 fits in 5.6s  psnr_med=37.7dB  overall 4.5 fits/s
shard_k2_033024: 256 fits in 5.6s  psnr_med=37.5dB  overall 4.5 fits/s
shard_k2_033280: 256 fits in 5.7s  psnr_med=37.4dB  overall 4.5 fits/s
shard_k2_033536: 256 fits in 5.7s  psnr_med=37.3dB  overall 4.5 fits/s
shard_k2_033792: 256 fits in 5.7s  psnr_med=37.2dB  overall 4.5 fits/s
shard_k2_034048: 256 fits in 5.7s  psnr_med=37.2dB  overall 4.5 fits/s
shard_k2_034304: 256 fits in 5.7s  psnr_med=37.8dB  overall 4.6 fits/s
shard_k2_034560: 256 fits in 5.7s  psnr_med=37.1dB  overall 4.6 fits/s
shard_k2_034816: 256 fits in 5.7s  psnr_med=37.4dB  overall 4.6 fits/s
shard_k2_035072: 256 fits in 5.7s  psnr_med=37.4dB  overall 4.6 fits/s
shard_k2_035328: 256 fits in 5.7s  psnr_med=37.1dB  overall 4.6 fits/s
shard_k2_035584: 256 fits in 5.7s  psnr_med=37.1dB  overall 4.6 fits/s
shard_k2_035840: 256 fits in 5.8s  psnr_med=37.0dB  overall 4.6 fits/s
shard_k2_036096: 256 fits in 5.6s  psnr_med=38.1dB  overall 4.6 fits/s
shard_k2_036352: 256 fits in 5.7s  psnr_med=37.6dB  overall 4.6 fits/s
shard_k2_036608: 256 fits in 5.7s  psnr_med=37.6dB  overall 4.6 fits/s
shard_k2_036864: 256 fits in 5.7s  psnr_med=37.5dB  overall 4.6 fits/s
shard_k2_037120: 256 fits in 5.7s  psnr_med=37.9dB  overall 4.6 fits/s
shard_k2_037376: 256 fits in 5.7s  psnr_med=37.1dB  overall 4.6 fits/s
shard_k2_037632: 256 fits in 5.7s  psnr_med=37.5dB  overall 4.6 fits/s
shard_k2_037888: 256 fits in 5.7s  psnr_med=37.2dB  overall 4.7 fits/s
shard_k2_038144: 256 fits in 5.7s  psnr_med=37.5dB  overall 4.7 fits/s
shard_k2_038400: 256 fits in 5.7s  psnr_med=37.7dB  overall 4.7 fits/s
shard_k2_038656: 256 fits in 5.7s  psnr_med=37.2dB  overall 4.7 fits/s
shard_k2_038912: 256 fits in 5.7s  psnr_med=37.5dB  overall 4.7 fits/s
shard_k2_039168: 256 fits in 5.7s  psnr_med=37.7dB  overall 4.7 fits/s
shard_k2_039424: 256 fits in 5.7s  psnr_med=37.7dB  overall 4.7 fits/s
shard_k2_039680: 256 fits in 5.7s  psnr_med=37.2dB  overall 4.7 fits/s
shard_k2_039936: 256 fits in 5.7s  psnr_med=37.2dB  overall 4.7 fits/s
shard_k2_040192: 256 fits in 5.7s  psnr_med=37.3dB  overall 4.7 fits/s
shard_k2_040448: 256 fits in 5.7s  psnr_med=37.7dB  overall 4.7 fits/s
shard_k2_040704: 256 fits in 5.8s  psnr_med=37.0dB  overall 4.7 fits/s
shard_k2_040960: 256 fits in 5.8s  psnr_med=37.8dB  overall 4.7 fits/s
shard_k2_041216: 256 fits in 5.7s  psnr_med=37.9dB  overall 4.7 fits/s
shard_k2_041472: 256 fits in 5.8s  psnr_med=37.1dB  overall 4.8 fits/s
shard_k2_041728: 256 fits in 5.7s  psnr_med=37.2dB  overall 4.8 fits/s
shard_k2_041984: 256 fits in 5.7s  psnr_med=37.3dB  overall 4.8 fits/s
shard_k2_042240: 256 fits in 5.8s  psnr_med=37.0dB  overall 4.8 fits/s
shard_k2_042496: 256 fits in 5.8s  psnr_med=37.6dB  overall 4.8 fits/s
shard_k2_042752: 256 fits in 5.9s  psnr_med=37.1dB  overall 4.8 fits/s
shard_k2_043008: 256 fits in 6.4s  psnr_med=37.4dB  overall 4.8 fits/s
shard_k2_043264: 256 fits in 6.4s  psnr_med=37.3dB  overall 4.8 fits/s
shard_k2_043520: 256 fits in 6.0s  psnr_med=37.3dB  overall 4.8 fits/s
shard_k2_043776: 256 fits in 6.1s  psnr_med=37.0dB  overall 4.8 fits/s
shard_k2_044032: 256 fits in 6.1s  psnr_med=37.2dB  overall 4.8 fits/s
shard_k2_044288: 256 fits in 6.5s  psnr_med=37.8dB  overall 4.8 fits/s
shard_k2_044544: 256 fits in 7.0s  psnr_med=37.4dB  overall 4.8 fits/s
shard_k2_044800: 256 fits in 6.2s  psnr_med=37.3dB  overall 4.8 fits/s
shard_k2_045056: 256 fits in 6.2s  psnr_med=37.7dB  overall 4.9 fits/s
shard_k2_045312: 256 fits in 6.7s  psnr_med=37.1dB  overall 4.9 fits/s
shard_k2_045568: 256 fits in 5.9s  psnr_med=37.4dB  overall 4.9 fits/s
shard_k2_045824: 256 fits in 5.9s  psnr_med=36.8dB  overall 4.9 fits/s
shard_k2_046080: 256 fits in 5.9s  psnr_med=37.2dB  overall 4.9 fits/s
shard_k2_046336: 256 fits in 6.0s  psnr_med=37.4dB  overall 4.9 fits/s
shard_k2_046592: 256 fits in 6.0s  psnr_med=37.8dB  overall 4.9 fits/s
shard_k2_046848: 256 fits in 6.0s  psnr_med=37.4dB  overall 4.9 fits/s
shard_k2_047104: 256 fits in 6.0s  psnr_med=37.7dB  overall 4.9 fits/s
shard_k2_047360: 256 fits in 6.0s  psnr_med=37.3dB  overall 4.9 fits/s
shard_k2_047616: 256 fits in 6.0s  psnr_med=38.1dB  overall 4.9 fits/s
shard_k2_047872: 256 fits in 6.0s  psnr_med=37.6dB  overall 4.9 fits/s
shard_k2_048128: 256 fits in 6.0s  psnr_med=37.6dB  overall 4.9 fits/s
shard_k2_048384: 256 fits in 6.0s  psnr_med=37.7dB  overall 4.9 fits/s
shard_k2_048640: 256 fits in 7.7s  psnr_med=37.8dB  overall 5.0 fits/s
shard_k2_048896: 256 fits in 7.2s  psnr_med=37.3dB  overall 5.0 fits/s
shard_k2_049152: 256 fits in 7.0s  psnr_med=37.1dB  overall 5.0 fits/s
shard_k2_049408: 256 fits in 7.2s  psnr_med=37.4dB  overall 5.0 fits/s
shard_k2_049664: 256 fits in 6.1s  psnr_med=37.5dB  overall 5.0 fits/s
shard_k2_049920: 256 fits in 6.1s  psnr_med=37.2dB  overall 5.0 fits/s
shard_k2_050176: 256 fits in 6.1s  psnr_med=37.1dB  overall 5.0 fits/s
shard_k2_050432: 256 fits in 6.0s  psnr_med=37.3dB  overall 5.0 fits/s
shard_k2_050688: 256 fits in 6.5s  psnr_med=37.8dB  overall 5.0 fits/s
shard_k2_050944: 256 fits in 6.2s  psnr_med=37.8dB  overall 5.0 fits/s
shard_k2_051200: 256 fits in 7.8s  psnr_med=37.9dB  overall 5.0 fits/s
shard_k2_051456: 256 fits in 7.6s  psnr_med=38.0dB  overall 5.0 fits/s
shard_k2_051712: 256 fits in 6.4s  psnr_med=37.2dB  overall 5.0 fits/s
shard_k2_051968: 256 fits in 6.3s  psnr_med=36.9dB  overall 5.0 fits/s
shard_k2_052224: 256 fits in 6.3s  psnr_med=37.4dB  overall 5.1 fits/s
shard_k2_052480: 256 fits in 6.2s  psnr_med=37.4dB  overall 5.1 fits/s
shard_k2_052736: 256 fits in 6.2s  psnr_med=37.8dB  overall 5.1 fits/s
shard_k2_052992: 256 fits in 6.0s  psnr_med=37.7dB  overall 5.1 fits/s
shard_k2_053248: 256 fits in 6.0s  psnr_med=37.5dB  overall 5.1 fits/s
shard_k2_053504: 256 fits in 6.0s  psnr_med=37.4dB  overall 5.1 fits/s
shard_k2_053760: 256 fits in 6.0s  psnr_med=37.4dB  overall 5.1 fits/s
shard_k2_054016: 256 fits in 6.0s  psnr_med=37.4dB  overall 5.1 fits/s
shard_k2_054272: 256 fits in 6.1s  psnr_med=37.7dB  overall 5.1 fits/s
shard_k2_054528: 256 fits in 6.0s  psnr_med=37.8dB  overall 5.1 fits/s
shard_k2_054784: 216 fits in 5.1s  psnr_med=37.4dB  overall 5.1 fits/s
shard_k3_000000: 256 fits in 6.1s  psnr_med=37.3dB  overall 5.1 fits/s
shard_k3_000256: 256 fits in 6.1s  psnr_med=37.0dB  overall 5.1 fits/s
shard_k3_000512: 256 fits in 6.1s  psnr_med=37.1dB  overall 5.1 fits/s
shard_k3_000768: 256 fits in 6.0s  psnr_med=37.7dB  overall 5.1 fits/s
shard_k3_001024: 256 fits in 6.1s  psnr_med=37.6dB  overall 5.2 fits/s
shard_k3_001280: 256 fits in 6.1s  psnr_med=37.5dB  overall 5.2 fits/s
shard_k3_001536: 256 fits in 6.1s  psnr_med=37.3dB  overall 5.2 fits/s
shard_k3_001792: 256 fits in 6.1s  psnr_med=37.5dB  overall 5.2 fits/s
shard_k3_002048: 256 fits in 6.1s  psnr_med=37.6dB  overall 5.2 fits/s
shard_k3_002304: 256 fits in 6.1s  psnr_med=37.6dB  overall 5.2 fits/s
shard_k3_002560: 256 fits in 6.1s  psnr_med=37.3dB  overall 5.2 fits/s
shard_k3_002816: 256 fits in 6.1s  psnr_med=37.6dB  overall 5.2 fits/s
shard_k3_003072: 256 fits in 6.1s  psnr_med=37.4dB  overall 5.2 fits/s
shard_k3_003328: 256 fits in 6.1s  psnr_med=37.8dB  overall 5.2 fits/s
shard_k3_003584: 256 fits in 6.1s  psnr_med=37.7dB  overall 5.2 fits/s
shard_k3_003840: 256 fits in 6.1s  psnr_med=37.3dB  overall 5.2 fits/s
shard_k3_004096: 256 fits in 6.1s  psnr_med=37.2dB  overall 5.2 fits/s
shard_k3_004352: 256 fits in 6.1s  psnr_med=37.9dB  overall 5.2 fits/s
shard_k3_004608: 256 fits in 6.1s  psnr_med=37.7dB  overall 5.3 fits/s
shard_k3_004864: 256 fits in 6.1s  psnr_med=37.7dB  overall 5.3 fits/s
shard_k3_005120: 256 fits in 6.3s  psnr_med=37.5dB  overall 5.3 fits/s
shard_k3_005376: 256 fits in 6.2s  psnr_med=37.7dB  overall 5.3 fits/s
shard_k3_005632: 256 fits in 6.2s  psnr_med=37.6dB  overall 5.3 fits/s
shard_k3_005888: 256 fits in 6.1s  psnr_med=37.7dB  overall 5.3 fits/s
shard_k3_006144: 256 fits in 6.2s  psnr_med=37.8dB  overall 5.3 fits/s
shard_k3_006400: 256 fits in 6.2s  psnr_med=37.5dB  overall 5.3 fits/s
shard_k3_006656: 256 fits in 7.0s  psnr_med=37.3dB  overall 5.3 fits/s
shard_k3_006912: 256 fits in 7.4s  psnr_med=37.7dB  overall 5.3 fits/s
shard_k3_007168: 256 fits in 6.4s  psnr_med=37.2dB  overall 5.3 fits/s
shard_k3_007424: 256 fits in 6.3s  psnr_med=37.5dB  overall 5.3 fits/s
shard_k3_007680: 256 fits in 6.3s  psnr_med=37.3dB  overall 5.3 fits/s
shard_k3_007936: 256 fits in 7.5s  psnr_med=37.6dB  overall 5.3 fits/s
shard_k3_008192: 256 fits in 7.3s  psnr_med=37.6dB  overall 5.3 fits/s
shard_k3_008448: 256 fits in 6.9s  psnr_med=37.9dB  overall 5.4 fits/s
shard_k3_008704: 256 fits in 6.5s  psnr_med=37.6dB  overall 5.4 fits/s
shard_k3_008960: 256 fits in 6.6s  psnr_med=37.3dB  overall 5.4 fits/s
shard_k3_009216: 256 fits in 6.5s  psnr_med=37.4dB  overall 5.4 fits/s
shard_k3_009472: 256 fits in 6.6s  psnr_med=37.7dB  overall 5.4 fits/s
shard_k3_009728: 256 fits in 6.6s  psnr_med=37.6dB  overall 5.4 fits/s
shard_k3_009984: 256 fits in 6.8s  psnr_med=37.4dB  overall 5.4 fits/s
shard_k3_010240: 256 fits in 6.4s  psnr_med=38.2dB  overall 5.4 fits/s
shard_k3_010496: 256 fits in 6.4s  psnr_med=37.4dB  overall 5.4 fits/s
shard_k3_010752: 256 fits in 6.4s  psnr_med=38.1dB  overall 5.4 fits/s
shard_k3_011008: 256 fits in 6.5s  psnr_med=37.4dB  overall 5.4 fits/s
shard_k3_011264: 256 fits in 6.4s  psnr_med=37.3dB  overall 5.4 fits/s
shard_k3_011520: 256 fits in 6.4s  psnr_med=37.1dB  overall 5.4 fits/s
shard_k3_011776: 256 fits in 6.4s  psnr_med=37.4dB  overall 5.4 fits/s
shard_k3_012032: 256 fits in 6.4s  psnr_med=37.3dB  overall 5.4 fits/s
shard_k3_012288: 256 fits in 6.4s  psnr_med=37.6dB  overall 5.5 fits/s
shard_k3_012544: 256 fits in 6.2s  psnr_med=38.0dB  overall 5.5 fits/s
shard_k3_012800: 256 fits in 6.3s  psnr_med=37.3dB  overall 5.5 fits/s
shard_k3_013056: 256 fits in 6.2s  psnr_med=37.4dB  overall 5.5 fits/s
shard_k3_013312: 256 fits in 6.5s  psnr_med=37.9dB  overall 5.5 fits/s
shard_k3_013568: 256 fits in 6.5s  psnr_med=37.0dB  overall 5.5 fits/s
shard_k3_013824: 256 fits in 6.2s  psnr_med=37.3dB  overall 5.5 fits/s
shard_k3_014080: 256 fits in 6.2s  psnr_med=37.8dB  overall 5.5 fits/s
shard_k3_014336: 256 fits in 6.4s  psnr_med=37.2dB  overall 5.5 fits/s
shard_k3_014592: 256 fits in 6.4s  psnr_med=38.0dB  overall 5.5 fits/s
shard_k3_014848: 256 fits in 6.3s  psnr_med=37.4dB  overall 5.5 fits/s
shard_k3_015104: 256 fits in 6.4s  psnr_med=37.2dB  overall 5.5 fits/s
shard_k3_015360: 256 fits in 6.3s  psnr_med=37.1dB  overall 5.5 fits/s
shard_k3_015616: 256 fits in 6.4s  psnr_med=37.5dB  overall 5.5 fits/s
shard_k3_015872: 256 fits in 6.3s  psnr_med=37.2dB  overall 5.6 fits/s
shard_k3_016128: 256 fits in 6.2s  psnr_med=37.6dB  overall 5.6 fits/s
shard_k3_016384: 256 fits in 6.2s  psnr_med=37.4dB  overall 5.6 fits/s
shard_k3_016640: 256 fits in 6.3s  psnr_med=37.3dB  overall 5.6 fits/s
shard_k3_016896: 256 fits in 6.2s  psnr_med=37.5dB  overall 5.6 fits/s
shard_k3_017152: 256 fits in 6.2s  psnr_med=37.7dB  overall 5.6 fits/s
shard_k3_017408: 256 fits in 6.4s  psnr_med=37.1dB  overall 5.6 fits/s
shard_k3_017664: 256 fits in 6.4s  psnr_med=37.3dB  overall 5.6 fits/s
shard_k3_017920: 256 fits in 6.4s  psnr_med=37.3dB  overall 5.6 fits/s
shard_k3_018176: 256 fits in 6.3s  psnr_med=37.2dB  overall 5.6 fits/s
shard_k3_018432: 256 fits in 6.4s  psnr_med=37.6dB  overall 5.6 fits/s
shard_k3_018688: 256 fits in 6.9s  psnr_med=37.4dB  overall 5.6 fits/s
shard_k3_018944: 256 fits in 6.5s  psnr_med=37.3dB  overall 5.6 fits/s
shard_k3_019200: 256 fits in 7.0s  psnr_med=37.9dB  overall 5.6 fits/s
shard_k3_019456: 256 fits in 8.3s  psnr_med=37.8dB  overall 5.6 fits/s
shard_k3_019712: 256 fits in 9.6s  psnr_med=37.9dB  overall 5.7 fits/s
shard_k3_019968: 256 fits in 9.3s  psnr_med=37.5dB  overall 5.7 fits/s
shard_k3_020224: 256 fits in 8.3s  psnr_med=37.1dB  overall 5.7 fits/s
shard_k3_020480: 256 fits in 10.0s  psnr_med=38.1dB  overall 5.7 fits/s
shard_k3_020736: 256 fits in 10.6s  psnr_med=37.7dB  overall 5.7 fits/s
shard_k3_020992: 256 fits in 8.6s  psnr_med=37.5dB  overall 5.7 fits/s
shard_k3_021248: 256 fits in 7.2s  psnr_med=37.7dB  overall 5.7 fits/s
shard_k3_021504: 256 fits in 7.7s  psnr_med=37.4dB  overall 5.7 fits/s
shard_k3_021760: 256 fits in 7.1s  psnr_med=37.7dB  overall 5.7 fits/s
shard_k3_022016: 256 fits in 6.8s  psnr_med=37.5dB  overall 5.7 fits/s
shard_k3_022272: 256 fits in 6.8s  psnr_med=37.7dB  overall 5.7 fits/s
shard_k3_022528: 256 fits in 6.8s  psnr_med=37.5dB  overall 5.7 fits/s
shard_k3_022784: 256 fits in 7.8s  psnr_med=37.8dB  overall 5.7 fits/s
shard_k3_023040: 256 fits in 6.8s  psnr_med=37.6dB  overall 5.7 fits/s
shard_k3_023296: 256 fits in 6.7s  psnr_med=37.6dB  overall 5.7 fits/s
shard_k3_023552: 256 fits in 6.7s  psnr_med=37.8dB  overall 5.7 fits/s
shard_k3_023808: 256 fits in 6.6s  psnr_med=37.4dB  overall 5.8 fits/s
shard_k3_024064: 256 fits in 6.6s  psnr_med=37.1dB  overall 5.8 fits/s
shard_k3_024320: 256 fits in 6.6s  psnr_med=37.5dB  overall 5.8 fits/s
shard_k3_024576: 256 fits in 6.5s  psnr_med=37.6dB  overall 5.8 fits/s
shard_k3_024832: 256 fits in 6.6s  psnr_med=37.0dB  overall 5.8 fits/s
shard_k3_025088: 256 fits in 6.6s  psnr_med=37.8dB  overall 5.8 fits/s
shard_k3_025344: 256 fits in 6.6s  psnr_med=37.8dB  overall 5.8 fits/s
shard_k3_025600: 256 fits in 7.0s  psnr_med=37.3dB  overall 5.8 fits/s
shard_k3_025856: 256 fits in 7.0s  psnr_med=37.3dB  overall 5.8 fits/s
shard_k3_026112: 256 fits in 6.6s  psnr_med=37.6dB  overall 5.8 fits/s
shard_k3_026368: 256 fits in 6.6s  psnr_med=37.1dB  overall 5.8 fits/s
shard_k3_026624: 256 fits in 6.6s  psnr_med=37.5dB  overall 5.8 fits/s
shard_k3_026880: 256 fits in 6.5s  psnr_med=37.8dB  overall 5.8 fits/s
shard_k3_027136: 256 fits in 6.5s  psnr_med=37.3dB  overall 5.8 fits/s
shard_k3_027392: 256 fits in 6.7s  psnr_med=37.2dB  overall 5.8 fits/s
shard_k3_027648: 256 fits in 6.5s  psnr_med=37.5dB  overall 5.9 fits/s
shard_k3_027904: 256 fits in 6.5s  psnr_med=37.8dB  overall 5.9 fits/s
shard_k3_028160: 256 fits in 6.5s  psnr_med=37.5dB  overall 5.9 fits/s
shard_k3_028416: 256 fits in 6.5s  psnr_med=37.3dB  overall 5.9 fits/s
shard_k3_028672: 256 fits in 6.5s  psnr_med=37.8dB  overall 5.9 fits/s
shard_k3_028928: 256 fits in 6.6s  psnr_med=36.8dB  overall 5.9 fits/s
shard_k3_029184: 256 fits in 6.5s  psnr_med=37.4dB  overall 5.9 fits/s
shard_k3_029440: 256 fits in 6.5s  psnr_med=37.2dB  overall 5.9 fits/s
shard_k3_029696: 256 fits in 6.4s  psnr_med=37.5dB  overall 5.9 fits/s
shard_k3_029952: 256 fits in 6.8s  psnr_med=37.0dB  overall 5.9 fits/s
shard_k3_030208: 256 fits in 6.6s  psnr_med=37.7dB  overall 5.9 fits/s
shard_k3_030464: 256 fits in 6.5s  psnr_med=37.3dB  overall 5.9 fits/s
shard_k3_030720: 256 fits in 6.7s  psnr_med=37.2dB  overall 5.9 fits/s
shard_k3_030976: 256 fits in 6.4s  psnr_med=37.1dB  overall 5.9 fits/s
shard_k3_031232: 256 fits in 6.4s  psnr_med=37.4dB  overall 5.9 fits/s
shard_k3_031488: 256 fits in 6.2s  psnr_med=37.1dB  overall 6.0 fits/s
shard_k3_031744: 256 fits in 6.7s  psnr_med=37.6dB  overall 6.0 fits/s
shard_k3_032000: 256 fits in 6.5s  psnr_med=37.3dB  overall 6.0 fits/s
shard_k3_032256: 256 fits in 6.3s  psnr_med=37.1dB  overall 6.0 fits/s
shard_k3_032512: 256 fits in 6.4s  psnr_med=37.3dB  overall 6.0 fits/s
shard_k3_032768: 256 fits in 6.4s  psnr_med=37.3dB  overall 6.0 fits/s
shard_k3_033024: 256 fits in 6.4s  psnr_med=37.5dB  overall 6.0 fits/s
shard_k3_033280: 256 fits in 6.3s  psnr_med=37.2dB  overall 6.0 fits/s
shard_k3_033536: 256 fits in 6.4s  psnr_med=36.9dB  overall 6.0 fits/s
shard_k3_033792: 256 fits in 6.4s  psnr_med=37.5dB  overall 6.0 fits/s
shard_k3_034048: 256 fits in 6.3s  psnr_med=37.2dB  overall 6.0 fits/s
shard_k3_034304: 256 fits in 6.4s  psnr_med=37.7dB  overall 6.0 fits/s
shard_k3_034560: 256 fits in 6.5s  psnr_med=37.5dB  overall 6.0 fits/s
shard_k3_034816: 256 fits in 6.4s  psnr_med=37.5dB  overall 6.0 fits/s
shard_k3_035072: 256 fits in 6.3s  psnr_med=36.8dB  overall 6.0 fits/s
shard_k3_035328: 256 fits in 6.4s  psnr_med=37.4dB  overall 6.1 fits/s
shard_k3_035584: 256 fits in 6.3s  psnr_med=37.3dB  overall 6.1 fits/s
shard_k3_035840: 256 fits in 6.3s  psnr_med=36.8dB  overall 6.1 fits/s
shard_k3_036096: 256 fits in 6.3s  psnr_med=37.9dB  overall 6.1 fits/s
shard_k3_036352: 256 fits in 6.4s  psnr_med=37.6dB  overall 6.1 fits/s
shard_k3_036608: 256 fits in 6.4s  psnr_med=37.6dB  overall 6.1 fits/s
shard_k3_036864: 256 fits in 6.4s  psnr_med=37.3dB  overall 6.1 fits/s
shard_k3_037120: 256 fits in 6.5s  psnr_med=37.9dB  overall 6.1 fits/s
shard_k3_037376: 256 fits in 6.3s  psnr_med=37.2dB  overall 6.1 fits/s
shard_k3_037632: 256 fits in 6.4s  psnr_med=37.5dB  overall 6.1 fits/s
shard_k3_037888: 256 fits in 6.4s  psnr_med=37.5dB  overall 6.1 fits/s
shard_k3_038144: 256 fits in 6.4s  psnr_med=37.7dB  overall 6.1 fits/s
shard_k3_038400: 256 fits in 6.4s  psnr_med=37.5dB  overall 6.1 fits/s
shard_k3_038656: 256 fits in 6.4s  psnr_med=37.5dB  overall 6.1 fits/s
shard_k3_038912: 256 fits in 6.3s  psnr_med=37.1dB  overall 6.1 fits/s
shard_k3_039168: 256 fits in 6.4s  psnr_med=37.3dB  overall 6.1 fits/s
shard_k3_039424: 256 fits in 6.4s  psnr_med=37.5dB  overall 6.2 fits/s
shard_k3_039680: 256 fits in 6.4s  psnr_med=37.0dB  overall 6.2 fits/s
shard_k3_039936: 256 fits in 6.5s  psnr_med=37.6dB  overall 6.2 fits/s
shard_k3_040192: 256 fits in 6.3s  psnr_med=37.2dB  overall 6.2 fits/s
shard_k3_040448: 256 fits in 6.4s  psnr_med=37.5dB  overall 6.2 fits/s
shard_k3_040704: 256 fits in 6.4s  psnr_med=37.4dB  overall 6.2 fits/s
shard_k3_040960: 256 fits in 6.4s  psnr_med=37.5dB  overall 6.2 fits/s
shard_k3_041216: 256 fits in 6.8s  psnr_med=37.5dB  overall 6.2 fits/s
shard_k3_041472: 256 fits in 6.3s  psnr_med=36.6dB  overall 6.2 fits/s
shard_k3_041728: 256 fits in 6.5s  psnr_med=37.5dB  overall 6.2 fits/s
shard_k3_041984: 256 fits in 6.4s  psnr_med=37.7dB  overall 6.2 fits/s
shard_k3_042240: 256 fits in 6.4s  psnr_med=37.1dB  overall 6.2 fits/s
shard_k3_042496: 256 fits in 6.4s  psnr_med=37.3dB  overall 6.2 fits/s
shard_k3_042752: 256 fits in 6.4s  psnr_med=37.6dB  overall 6.2 fits/s
shard_k3_043008: 256 fits in 6.4s  psnr_med=37.9dB  overall 6.2 fits/s
shard_k3_043264: 256 fits in 6.4s  psnr_med=37.8dB  overall 6.3 fits/s
shard_k3_043520: 256 fits in 6.5s  psnr_med=37.5dB  overall 6.3 fits/s
shard_k3_043776: 256 fits in 6.4s  psnr_med=36.8dB  overall 6.3 fits/s
shard_k3_044032: 256 fits in 6.4s  psnr_med=37.2dB  overall 6.3 fits/s
shard_k3_044288: 256 fits in 6.6s  psnr_med=37.2dB  overall 6.3 fits/s
shard_k3_044544: 256 fits in 6.4s  psnr_med=37.0dB  overall 6.3 fits/s
shard_k3_044800: 256 fits in 6.5s  psnr_med=37.4dB  overall 6.3 fits/s
shard_k3_045056: 256 fits in 6.5s  psnr_med=37.4dB  overall 6.3 fits/s
shard_k3_045312: 256 fits in 6.5s  psnr_med=37.7dB  overall 6.3 fits/s
shard_k3_045568: 256 fits in 6.5s  psnr_med=37.4dB  overall 6.3 fits/s
shard_k3_045824: 256 fits in 6.4s  psnr_med=37.1dB  overall 6.3 fits/s
shard_k3_046080: 256 fits in 6.5s  psnr_med=37.2dB  overall 6.3 fits/s
shard_k3_046336: 256 fits in 6.4s  psnr_med=37.3dB  overall 6.3 fits/s
shard_k3_046592: 256 fits in 6.5s  psnr_med=38.0dB  overall 6.3 fits/s
shard_k3_046848: 256 fits in 6.5s  psnr_med=37.6dB  overall 6.3 fits/s
shard_k3_047104: 256 fits in 6.5s  psnr_med=37.0dB  overall 6.3 fits/s
shard_k3_047360: 256 fits in 6.4s  psnr_med=37.3dB  overall 6.4 fits/s
shard_k3_047616: 256 fits in 6.5s  psnr_med=37.7dB  overall 6.4 fits/s
shard_k3_047872: 256 fits in 6.4s  psnr_med=37.8dB  overall 6.4 fits/s
shard_k3_048128: 256 fits in 6.4s  psnr_med=37.7dB  overall 6.4 fits/s
shard_k3_048384: 256 fits in 6.4s  psnr_med=37.7dB  overall 6.4 fits/s
shard_k3_048640: 256 fits in 6.4s  psnr_med=37.5dB  overall 6.4 fits/s
shard_k3_048896: 256 fits in 6.6s  psnr_med=36.9dB  overall 6.4 fits/s
shard_k3_049152: 256 fits in 6.4s  psnr_med=37.5dB  overall 6.4 fits/s
shard_k3_049408: 256 fits in 6.5s  psnr_med=37.6dB  overall 6.4 fits/s
shard_k3_049664: 256 fits in 6.4s  psnr_med=37.3dB  overall 6.4 fits/s
shard_k3_049920: 256 fits in 6.4s  psnr_med=37.4dB  overall 6.4 fits/s
shard_k3_050176: 256 fits in 6.5s  psnr_med=37.4dB  overall 6.4 fits/s
shard_k3_050432: 256 fits in 6.3s  psnr_med=37.7dB  overall 6.4 fits/s
shard_k3_050688: 256 fits in 6.4s  psnr_med=37.6dB  overall 6.4 fits/s
shard_k3_050944: 256 fits in 6.3s  psnr_med=37.5dB  overall 6.4 fits/s
shard_k3_051200: 256 fits in 6.3s  psnr_med=37.5dB  overall 6.5 fits/s
shard_k3_051456: 256 fits in 6.4s  psnr_med=37.1dB  overall 6.5 fits/s
shard_k3_051712: 256 fits in 6.3s  psnr_med=37.2dB  overall 6.5 fits/s
shard_k3_051968: 256 fits in 6.3s  psnr_med=36.8dB  overall 6.5 fits/s
shard_k3_052224: 256 fits in 6.4s  psnr_med=37.2dB  overall 6.5 fits/s
shard_k3_052480: 256 fits in 6.4s  psnr_med=37.4dB  overall 6.5 fits/s
shard_k3_052736: 256 fits in 6.4s  psnr_med=37.4dB  overall 6.5 fits/s
shard_k3_052992: 256 fits in 6.4s  psnr_med=37.2dB  overall 6.5 fits/s
shard_k3_053248: 256 fits in 6.4s  psnr_med=37.4dB  overall 6.5 fits/s
shard_k3_053504: 256 fits in 6.4s  psnr_med=37.0dB  overall 6.5 fits/s
shard_k3_053760: 256 fits in 6.4s  psnr_med=37.8dB  overall 6.5 fits/s
shard_k3_054016: 256 fits in 6.4s  psnr_med=37.4dB  overall 6.5 fits/s
shard_k3_054272: 256 fits in 6.3s  psnr_med=37.5dB  overall 6.5 fits/s
shard_k3_054528: 256 fits in 6.3s  psnr_med=37.7dB  overall 6.5 fits/s
shard_k3_054784: 216 fits in 5.4s  psnr_med=37.1dB  overall 6.5 fits/s
shard_k4_000000: 256 fits in 6.6s  psnr_med=37.4dB  overall 6.5 fits/s
shard_k4_000256: 256 fits in 6.4s  psnr_med=37.2dB  overall 6.6 fits/s
shard_k4_000512: 256 fits in 6.4s  psnr_med=37.4dB  overall 6.6 fits/s
shard_k4_000768: 256 fits in 6.4s  psnr_med=37.4dB  overall 6.6 fits/s
shard_k4_001024: 256 fits in 6.5s  psnr_med=37.1dB  overall 6.6 fits/s
shard_k4_001280: 256 fits in 6.5s  psnr_med=37.5dB  overall 6.6 fits/s
shard_k4_001536: 256 fits in 6.3s  psnr_med=37.3dB  overall 6.6 fits/s
shard_k4_001792: 256 fits in 6.5s  psnr_med=37.4dB  overall 6.6 fits/s
shard_k4_002048: 256 fits in 6.3s  psnr_med=37.4dB  overall 6.6 fits/s
shard_k4_002304: 256 fits in 6.4s  psnr_med=37.1dB  overall 6.6 fits/s
shard_k4_002560: 256 fits in 6.3s  psnr_med=37.4dB  overall 6.6 fits/s
shard_k4_002816: 256 fits in 6.3s  psnr_med=37.4dB  overall 6.6 fits/s
shard_k4_003072: 256 fits in 6.3s  psnr_med=37.2dB  overall 6.6 fits/s
shard_k4_003328: 256 fits in 6.3s  psnr_med=37.4dB  overall 6.6 fits/s
shard_k4_003584: 256 fits in 6.4s  psnr_med=37.5dB  overall 6.6 fits/s
shard_k4_003840: 256 fits in 6.4s  psnr_med=37.3dB  overall 6.6 fits/s
shard_k4_004096: 256 fits in 6.3s  psnr_med=37.5dB  overall 6.6 fits/s
shard_k4_004352: 256 fits in 6.4s  psnr_med=37.6dB  overall 6.7 fits/s
shard_k4_004608: 256 fits in 6.4s  psnr_med=37.9dB  overall 6.7 fits/s
shard_k4_004864: 256 fits in 6.3s  psnr_med=37.5dB  overall 6.7 fits/s
shard_k4_005120: 256 fits in 6.4s  psnr_med=37.5dB  overall 6.7 fits/s
shard_k4_005376: 256 fits in 6.4s  psnr_med=37.4dB  overall 6.7 fits/s
shard_k4_005632: 256 fits in 6.4s  psnr_med=37.3dB  overall 6.7 fits/s
shard_k4_005888: 256 fits in 6.5s  psnr_med=37.8dB  overall 6.7 fits/s
shard_k4_006144: 256 fits in 6.4s  psnr_med=37.9dB  overall 6.7 fits/s
shard_k4_006400: 256 fits in 6.5s  psnr_med=37.2dB  overall 6.7 fits/s
shard_k4_006656: 256 fits in 6.4s  psnr_med=37.0dB  overall 6.7 fits/s
shard_k4_006912: 256 fits in 6.4s  psnr_med=37.4dB  overall 6.7 fits/s
shard_k4_007168: 256 fits in 6.4s  psnr_med=37.1dB  overall 6.7 fits/s
shard_k4_007424: 256 fits in 6.4s  psnr_med=37.1dB  overall 6.7 fits/s
shard_k4_007680: 256 fits in 6.4s  psnr_med=37.7dB  overall 6.7 fits/s
shard_k4_007936: 256 fits in 6.4s  psnr_med=37.5dB  overall 6.7 fits/s
shard_k4_008192: 256 fits in 6.4s  psnr_med=37.2dB  overall 6.7 fits/s
shard_k4_008448: 256 fits in 6.5s  psnr_med=37.5dB  overall 6.8 fits/s
shard_k4_008704: 256 fits in 6.4s  psnr_med=37.3dB  overall 6.8 fits/s
shard_k4_008960: 256 fits in 6.4s  psnr_med=36.9dB  overall 6.8 fits/s
shard_k4_009216: 256 fits in 6.4s  psnr_med=37.4dB  overall 6.8 fits/s
shard_k4_009472: 256 fits in 6.4s  psnr_med=37.6dB  overall 6.8 fits/s
shard_k4_009728: 256 fits in 6.4s  psnr_med=37.4dB  overall 6.8 fits/s
shard_k4_009984: 256 fits in 6.4s  psnr_med=37.6dB  overall 6.8 fits/s
shard_k4_010240: 256 fits in 6.6s  psnr_med=38.3dB  overall 6.8 fits/s
shard_k4_010496: 256 fits in 6.4s  psnr_med=37.5dB  overall 6.8 fits/s
shard_k4_010752: 256 fits in 6.4s  psnr_med=38.0dB  overall 6.8 fits/s
shard_k4_011008: 256 fits in 6.4s  psnr_med=37.3dB  overall 6.8 fits/s
shard_k4_011264: 256 fits in 6.4s  psnr_med=36.9dB  overall 6.8 fits/s
shard_k4_011520: 256 fits in 6.4s  psnr_med=37.0dB  overall 6.8 fits/s
shard_k4_011776: 256 fits in 6.4s  psnr_med=37.5dB  overall 6.8 fits/s
shard_k4_012032: 256 fits in 6.4s  psnr_med=37.7dB  overall 6.8 fits/s
shard_k4_012288: 256 fits in 6.4s  psnr_med=37.7dB  overall 6.8 fits/s
shard_k4_012544: 256 fits in 6.4s  psnr_med=37.5dB  overall 6.9 fits/s
shard_k4_012800: 256 fits in 6.4s  psnr_med=37.4dB  overall 6.9 fits/s
shard_k4_013056: 256 fits in 6.5s  psnr_med=37.6dB  overall 6.9 fits/s
shard_k4_013312: 256 fits in 6.4s  psnr_med=37.8dB  overall 6.9 fits/s
shard_k4_013568: 256 fits in 6.5s  psnr_med=36.7dB  overall 6.9 fits/s
shard_k4_013824: 256 fits in 6.5s  psnr_med=37.4dB  overall 6.9 fits/s
shard_k4_014080: 256 fits in 6.4s  psnr_med=38.0dB  overall 6.9 fits/s
shard_k4_014336: 256 fits in 6.5s  psnr_med=37.5dB  overall 6.9 fits/s
shard_k4_014592: 256 fits in 6.5s  psnr_med=37.5dB  overall 6.9 fits/s
shard_k4_014848: 256 fits in 6.5s  psnr_med=37.5dB  overall 6.9 fits/s
shard_k4_015104: 256 fits in 6.5s  psnr_med=37.2dB  overall 6.9 fits/s
shard_k4_015360: 256 fits in 6.5s  psnr_med=37.1dB  overall 6.9 fits/s
shard_k4_015616: 256 fits in 6.6s  psnr_med=37.3dB  overall 6.9 fits/s
shard_k4_015872: 256 fits in 6.4s  psnr_med=37.7dB  overall 6.9 fits/s
shard_k4_016128: 256 fits in 6.5s  psnr_med=37.8dB  overall 6.9 fits/s
shard_k4_016384: 256 fits in 6.6s  psnr_med=37.8dB  overall 6.9 fits/s
shard_k4_016640: 256 fits in 6.4s  psnr_med=37.2dB  overall 7.0 fits/s
shard_k4_016896: 256 fits in 6.5s  psnr_med=37.3dB  overall 7.0 fits/s
shard_k4_017152: 256 fits in 6.5s  psnr_med=37.9dB  overall 7.0 fits/s
shard_k4_017408: 256 fits in 6.5s  psnr_med=36.6dB  overall 7.0 fits/s
shard_k4_017664: 256 fits in 6.5s  psnr_med=37.0dB  overall 7.0 fits/s
shard_k4_017920: 256 fits in 6.7s  psnr_med=37.9dB  overall 7.0 fits/s
shard_k4_018176: 256 fits in 6.4s  psnr_med=37.2dB  overall 7.0 fits/s
shard_k4_018432: 256 fits in 6.5s  psnr_med=37.1dB  overall 7.0 fits/s
shard_k4_018688: 256 fits in 6.5s  psnr_med=37.5dB  overall 7.0 fits/s
shard_k4_018944: 256 fits in 6.5s  psnr_med=36.8dB  overall 7.0 fits/s
shard_k4_019200: 256 fits in 6.5s  psnr_med=37.7dB  overall 7.0 fits/s
shard_k4_019456: 256 fits in 6.5s  psnr_med=37.9dB  overall 7.0 fits/s
shard_k4_019712: 256 fits in 6.5s  psnr_med=37.8dB  overall 7.0 fits/s
shard_k4_019968: 256 fits in 6.5s  psnr_med=38.0dB  overall 7.0 fits/s
shard_k4_020224: 256 fits in 6.5s  psnr_med=37.4dB  overall 7.0 fits/s
shard_k4_020480: 256 fits in 6.5s  psnr_med=37.6dB  overall 7.0 fits/s
shard_k4_020736: 256 fits in 6.5s  psnr_med=37.3dB  overall 7.1 fits/s
shard_k4_020992: 256 fits in 6.4s  psnr_med=37.7dB  overall 7.1 fits/s
shard_k4_021248: 256 fits in 6.4s  psnr_med=37.8dB  overall 7.1 fits/s
shard_k4_021504: 256 fits in 6.4s  psnr_med=37.1dB  overall 7.1 fits/s
shard_k4_021760: 256 fits in 6.4s  psnr_med=37.8dB  overall 7.1 fits/s
shard_k4_022016: 256 fits in 6.4s  psnr_med=37.3dB  overall 7.1 fits/s
shard_k4_022272: 256 fits in 6.4s  psnr_med=37.4dB  overall 7.1 fits/s
shard_k4_022528: 256 fits in 6.5s  psnr_med=37.7dB  overall 7.1 fits/s
shard_k4_022784: 256 fits in 6.4s  psnr_med=37.8dB  overall 7.1 fits/s
shard_k4_023040: 256 fits in 6.4s  psnr_med=37.5dB  overall 7.1 fits/s
shard_k4_023296: 256 fits in 6.5s  psnr_med=37.8dB  overall 7.1 fits/s
shard_k4_023552: 256 fits in 6.3s  psnr_med=37.2dB  overall 7.1 fits/s
shard_k4_023808: 256 fits in 6.4s  psnr_med=37.5dB  overall 7.1 fits/s
shard_k4_024064: 256 fits in 6.4s  psnr_med=37.6dB  overall 7.1 fits/s
shard_k4_024320: 256 fits in 6.4s  psnr_med=37.6dB  overall 7.1 fits/s
shard_k4_024576: 256 fits in 6.5s  psnr_med=37.5dB  overall 7.1 fits/s
shard_k4_024832: 256 fits in 6.3s  psnr_med=37.3dB  overall 7.2 fits/s
shard_k4_025088: 256 fits in 6.4s  psnr_med=37.5dB  overall 7.2 fits/s
shard_k4_025344: 256 fits in 6.4s  psnr_med=37.6dB  overall 7.2 fits/s
shard_k4_025600: 256 fits in 6.5s  psnr_med=37.3dB  overall 7.2 fits/s
shard_k4_025856: 256 fits in 6.4s  psnr_med=37.6dB  overall 7.2 fits/s
shard_k4_026112: 256 fits in 6.4s  psnr_med=37.4dB  overall 7.2 fits/s
shard_k4_026368: 256 fits in 6.5s  psnr_med=37.2dB  overall 7.2 fits/s
shard_k4_026624: 256 fits in 6.4s  psnr_med=37.6dB  overall 7.2 fits/s
shard_k4_026880: 256 fits in 6.4s  psnr_med=37.3dB  overall 7.2 fits/s
shard_k4_027136: 256 fits in 6.4s  psnr_med=37.1dB  overall 7.2 fits/s
shard_k4_027392: 256 fits in 6.4s  psnr_med=37.1dB  overall 7.2 fits/s
shard_k4_027648: 256 fits in 6.4s  psnr_med=37.1dB  overall 7.2 fits/s
shard_k4_027904: 256 fits in 6.4s  psnr_med=37.9dB  overall 7.2 fits/s
shard_k4_028160: 256 fits in 6.4s  psnr_med=37.9dB  overall 7.2 fits/s
shard_k4_028416: 256 fits in 6.4s  psnr_med=37.5dB  overall 7.2 fits/s
shard_k4_028672: 256 fits in 6.4s  psnr_med=37.7dB  overall 7.2 fits/s
shard_k4_028928: 256 fits in 6.5s  psnr_med=37.5dB  overall 7.2 fits/s
shard_k4_029184: 256 fits in 6.3s  psnr_med=37.6dB  overall 7.3 fits/s
shard_k4_029440: 256 fits in 6.4s  psnr_med=37.4dB  overall 7.3 fits/s
shard_k4_029696: 256 fits in 6.5s  psnr_med=37.1dB  overall 7.3 fits/s
shard_k4_029952: 256 fits in 6.7s  psnr_med=37.2dB  overall 7.3 fits/s
shard_k4_030208: 256 fits in 6.3s  psnr_med=37.5dB  overall 7.3 fits/s
shard_k4_030464: 256 fits in 6.4s  psnr_med=37.0dB  overall 7.3 fits/s
shard_k4_030720: 256 fits in 6.4s  psnr_med=37.2dB  overall 7.3 fits/s
shard_k4_030976: 256 fits in 6.4s  psnr_med=37.6dB  overall 7.3 fits/s
shard_k4_031232: 256 fits in 6.4s  psnr_med=37.2dB  overall 7.3 fits/s
shard_k4_031488: 256 fits in 6.5s  psnr_med=37.3dB  overall 7.3 fits/s
shard_k4_031744: 256 fits in 6.4s  psnr_med=37.7dB  overall 7.3 fits/s
shard_k4_032000: 256 fits in 6.4s  psnr_med=37.2dB  overall 7.3 fits/s
shard_k4_032256: 256 fits in 6.5s  psnr_med=37.2dB  overall 7.3 fits/s
shard_k4_032512: 256 fits in 6.4s  psnr_med=37.4dB  overall 7.3 fits/s
shard_k4_032768: 256 fits in 6.4s  psnr_med=37.4dB  overall 7.3 fits/s
shard_k4_033024: 256 fits in 6.4s  psnr_med=37.5dB  overall 7.3 fits/s
shard_k4_033280: 256 fits in 6.4s  psnr_med=37.1dB  overall 7.4 fits/s
shard_k4_033536: 256 fits in 6.4s  psnr_med=37.3dB  overall 7.4 fits/s
shard_k4_033792: 256 fits in 6.4s  psnr_med=37.3dB  overall 7.4 fits/s
shard_k4_034048: 256 fits in 6.6s  psnr_med=37.1dB  overall 7.4 fits/s
shard_k4_034304: 256 fits in 6.4s  psnr_med=37.6dB  overall 7.4 fits/s
shard_k4_034560: 256 fits in 6.7s  psnr_med=37.4dB  overall 7.4 fits/s
shard_k4_034816: 256 fits in 6.3s  psnr_med=37.4dB  overall 7.4 fits/s
shard_k4_035072: 256 fits in 6.4s  psnr_med=37.2dB  overall 7.4 fits/s
shard_k4_035328: 256 fits in 6.4s  psnr_med=37.2dB  overall 7.4 fits/s
shard_k4_035584: 256 fits in 6.4s  psnr_med=37.3dB  overall 7.4 fits/s
shard_k4_035840: 256 fits in 6.4s  psnr_med=36.9dB  overall 7.4 fits/s
shard_k4_036096: 256 fits in 6.4s  psnr_med=37.7dB  overall 7.4 fits/s
shard_k4_036352: 256 fits in 6.5s  psnr_med=37.7dB  overall 7.4 fits/s
shard_k4_036608: 256 fits in 6.5s  psnr_med=37.8dB  overall 7.4 fits/s
shard_k4_036864: 256 fits in 6.5s  psnr_med=37.6dB  overall 7.4 fits/s
shard_k4_037120: 256 fits in 6.5s  psnr_med=38.0dB  overall 7.4 fits/s
shard_k4_037376: 256 fits in 6.4s  psnr_med=37.1dB  overall 7.4 fits/s
shard_k4_037632: 256 fits in 6.5s  psnr_med=37.6dB  overall 7.5 fits/s
shard_k4_037888: 256 fits in 6.3s  psnr_med=37.2dB  overall 7.5 fits/s
shard_k4_038144: 256 fits in 6.5s  psnr_med=37.5dB  overall 7.5 fits/s
shard_k4_038400: 256 fits in 6.3s  psnr_med=37.7dB  overall 7.5 fits/s
shard_k4_038656: 256 fits in 6.3s  psnr_med=37.4dB  overall 7.5 fits/s
shard_k4_038912: 256 fits in 6.4s  psnr_med=37.7dB  overall 7.5 fits/s
shard_k4_039168: 256 fits in 6.3s  psnr_med=37.3dB  overall 7.5 fits/s
shard_k4_039424: 256 fits in 6.4s  psnr_med=37.6dB  overall 7.5 fits/s
shard_k4_039680: 256 fits in 6.4s  psnr_med=37.1dB  overall 7.5 fits/s
shard_k4_039936: 256 fits in 6.3s  psnr_med=37.4dB  overall 7.5 fits/s
shard_k4_040192: 256 fits in 6.3s  psnr_med=37.2dB  overall 7.5 fits/s
shard_k4_040448: 256 fits in 6.3s  psnr_med=37.6dB  overall 7.5 fits/s
shard_k4_040704: 256 fits in 6.3s  psnr_med=38.0dB  overall 7.5 fits/s
shard_k4_040960: 256 fits in 6.3s  psnr_med=37.0dB  overall 7.5 fits/s
shard_k4_041216: 256 fits in 6.3s  psnr_med=37.2dB  overall 7.5 fits/s
shard_k4_041472: 256 fits in 6.3s  psnr_med=37.5dB  overall 7.5 fits/s
shard_k4_041728: 256 fits in 6.4s  psnr_med=37.1dB  overall 7.6 fits/s
shard_k4_041984: 256 fits in 6.4s  psnr_med=37.8dB  overall 7.6 fits/s
shard_k4_042240: 256 fits in 6.3s  psnr_med=37.4dB  overall 7.6 fits/s
shard_k4_042496: 256 fits in 6.4s  psnr_med=37.7dB  overall 7.6 fits/s
shard_k4_042752: 256 fits in 6.3s  psnr_med=37.5dB  overall 7.6 fits/s
shard_k4_043008: 256 fits in 6.4s  psnr_med=37.9dB  overall 7.6 fits/s
shard_k4_043264: 256 fits in 6.4s  psnr_med=37.2dB  overall 7.6 fits/s
shard_k4_043520: 256 fits in 6.3s  psnr_med=37.4dB  overall 7.6 fits/s
shard_k4_043776: 256 fits in 6.4s  psnr_med=36.9dB  overall 7.6 fits/s
shard_k4_044032: 256 fits in 6.4s  psnr_med=37.4dB  overall 7.6 fits/s
shard_k4_044288: 256 fits in 6.7s  psnr_med=37.3dB  overall 7.6 fits/s
shard_k4_044544: 256 fits in 6.3s  psnr_med=37.8dB  overall 7.6 fits/s
shard_k4_044800: 256 fits in 6.8s  psnr_med=37.7dB  overall 7.6 fits/s
shard_k4_045056: 256 fits in 6.5s  psnr_med=37.6dB  overall 7.6 fits/s
shard_k4_045312: 256 fits in 6.8s  psnr_med=37.4dB  overall 7.6 fits/s
shard_k4_045568: 256 fits in 8.1s  psnr_med=37.6dB  overall 7.6 fits/s
shard_k4_045824: 256 fits in 6.5s  psnr_med=36.6dB  overall 7.6 fits/s
shard_k4_046080: 256 fits in 6.8s  psnr_med=37.2dB  overall 7.7 fits/s
shard_k4_046336: 256 fits in 6.6s  psnr_med=37.7dB  overall 7.7 fits/s
shard_k4_046592: 256 fits in 6.7s  psnr_med=37.9dB  overall 7.7 fits/s
shard_k4_046848: 256 fits in 6.6s  psnr_med=37.7dB  overall 7.7 fits/s
shard_k4_047104: 256 fits in 6.7s  psnr_med=36.9dB  overall 7.7 fits/s
shard_k4_047360: 256 fits in 6.6s  psnr_med=37.4dB  overall 7.7 fits/s
shard_k4_047616: 256 fits in 6.8s  psnr_med=38.0dB  overall 7.7 fits/s
shard_k4_047872: 256 fits in 7.5s  psnr_med=37.4dB  overall 7.7 fits/s
shard_k4_048128: 256 fits in 7.1s  psnr_med=37.5dB  overall 7.7 fits/s
shard_k4_048384: 256 fits in 7.6s  psnr_med=37.5dB  overall 7.7 fits/s
shard_k4_048640: 256 fits in 7.0s  psnr_med=37.4dB  overall 7.7 fits/s
shard_k4_048896: 256 fits in 6.8s  psnr_med=36.9dB  overall 7.7 fits/s
shard_k4_049152: 256 fits in 7.4s  psnr_med=37.6dB  overall 7.7 fits/s
shard_k4_049408: 256 fits in 7.4s  psnr_med=37.7dB  overall 7.7 fits/s
shard_k4_049664: 256 fits in 7.0s  psnr_med=37.3dB  overall 7.7 fits/s
shard_k4_049920: 256 fits in 7.9s  psnr_med=37.5dB  overall 7.7 fits/s
shard_k4_050176: 256 fits in 7.4s  psnr_med=37.2dB  overall 7.7 fits/s
shard_k4_050432: 256 fits in 8.1s  psnr_med=37.4dB  overall 7.8 fits/s
shard_k4_050688: 256 fits in 8.1s  psnr_med=37.7dB  overall 7.8 fits/s
shard_k4_050944: 256 fits in 7.9s  psnr_med=37.3dB  overall 7.8 fits/s
shard_k4_051200: 256 fits in 7.4s  psnr_med=37.9dB  overall 7.8 fits/s
shard_k4_051456: 256 fits in 6.7s  psnr_med=37.6dB  overall 7.8 fits/s
shard_k4_051712: 256 fits in 6.7s  psnr_med=37.1dB  overall 7.8 fits/s
shard_k4_051968: 256 fits in 6.6s  psnr_med=36.9dB  overall 7.8 fits/s
shard_k4_052224: 256 fits in 6.6s  psnr_med=37.0dB  overall 7.8 fits/s
shard_k4_052480: 256 fits in 6.7s  psnr_med=37.4dB  overall 7.8 fits/s
shard_k4_052736: 256 fits in 6.9s  psnr_med=37.3dB  overall 7.8 fits/s
shard_k4_052992: 256 fits in 8.0s  psnr_med=37.4dB  overall 7.8 fits/s
shard_k4_053248: 256 fits in 7.3s  psnr_med=37.4dB  overall 7.8 fits/s
shard_k4_053504: 256 fits in 6.7s  psnr_med=37.6dB  overall 7.8 fits/s
shard_k4_053760: 256 fits in 7.1s  psnr_med=37.2dB  overall 7.8 fits/s
shard_k4_054016: 256 fits in 7.3s  psnr_med=37.1dB  overall 7.8 fits/s
shard_k4_054272: 256 fits in 7.6s  psnr_med=37.6dB  overall 7.8 fits/s
shard_k4_054528: 256 fits in 8.1s  psnr_med=37.5dB  overall 7.8 fits/s
shard_k4_054784: 216 fits in 6.9s  psnr_med=37.5dB  overall 7.8 fits/s
shard_k5_000000: 256 fits in 7.3s  psnr_med=37.4dB  overall 7.9 fits/s
shard_k5_000256: 256 fits in 7.2s  psnr_med=36.8dB  overall 7.9 fits/s
shard_k5_000512: 256 fits in 8.0s  psnr_med=37.0dB  overall 7.9 fits/s
shard_k5_000768: 256 fits in 8.3s  psnr_med=37.5dB  overall 7.9 fits/s
shard_k5_001024: 256 fits in 7.6s  psnr_med=36.8dB  overall 7.9 fits/s
shard_k5_001280: 256 fits in 7.5s  psnr_med=37.4dB  overall 7.9 fits/s
shard_k5_001536: 256 fits in 8.1s  psnr_med=37.2dB  overall 7.9 fits/s
shard_k5_001792: 256 fits in 8.6s  psnr_med=37.4dB  overall 7.9 fits/s
shard_k5_002048: 256 fits in 8.0s  psnr_med=37.8dB  overall 7.9 fits/s
shard_k5_002304: 256 fits in 8.7s  psnr_med=37.8dB  overall 7.9 fits/s
shard_k5_002560: 256 fits in 9.3s  psnr_med=37.9dB  overall 7.9 fits/s
shard_k5_002816: 256 fits in 9.5s  psnr_med=37.9dB  overall 7.9 fits/s
shard_k5_003072: 256 fits in 9.0s  psnr_med=37.4dB  overall 7.9 fits/s
shard_k5_003328: 256 fits in 10.1s  psnr_med=37.5dB  overall 7.9 fits/s
shard_k5_003584: 256 fits in 9.2s  psnr_med=37.6dB  overall 7.9 fits/s
shard_k5_003840: 256 fits in 8.8s  psnr_med=37.6dB  overall 7.9 fits/s
shard_k5_004096: 256 fits in 9.9s  psnr_med=37.7dB  overall 7.9 fits/s
shard_k5_004352: 256 fits in 9.1s  psnr_med=37.5dB  overall 7.9 fits/s
shard_k5_004608: 256 fits in 10.2s  psnr_med=37.9dB  overall 7.9 fits/s
shard_k5_004864: 256 fits in 9.0s  psnr_med=37.6dB  overall 8.0 fits/s
shard_k5_005120: 256 fits in 10.8s  psnr_med=37.8dB  overall 8.0 fits/s
shard_k5_005376: 256 fits in 10.0s  psnr_med=37.3dB  overall 8.0 fits/s
shard_k5_005632: 256 fits in 8.9s  psnr_med=37.6dB  overall 8.0 fits/s
shard_k5_005888: 256 fits in 10.6s  psnr_med=37.7dB  overall 8.0 fits/s
shard_k5_006144: 256 fits in 9.9s  psnr_med=37.4dB  overall 8.0 fits/s
shard_k5_006400: 256 fits in 9.7s  psnr_med=37.6dB  overall 8.0 fits/s
shard_k5_006656: 256 fits in 10.0s  psnr_med=37.3dB  overall 8.0 fits/s
shard_k5_006912: 256 fits in 9.4s  psnr_med=37.4dB  overall 8.0 fits/s
shard_k5_007168: 256 fits in 9.3s  psnr_med=37.0dB  overall 8.0 fits/s
shard_k5_007424: 256 fits in 9.2s  psnr_med=37.3dB  overall 8.0 fits/s
shard_k5_007680: 256 fits in 9.2s  psnr_med=37.6dB  overall 8.0 fits/s
shard_k5_007936: 256 fits in 9.4s  psnr_med=38.0dB  overall 8.0 fits/s
shard_k5_008192: 256 fits in 9.3s  psnr_med=37.3dB  overall 8.0 fits/s
shard_k5_008448: 256 fits in 9.3s  psnr_med=37.9dB  overall 8.0 fits/s
shard_k5_008704: 256 fits in 9.4s  psnr_med=36.9dB  overall 8.0 fits/s
shard_k5_008960: 256 fits in 8.9s  psnr_med=37.4dB  overall 8.0 fits/s
shard_k5_009216: 256 fits in 9.1s  psnr_med=37.2dB  overall 8.0 fits/s
shard_k5_009472: 256 fits in 9.1s  psnr_med=37.5dB  overall 8.0 fits/s
shard_k5_009728: 256 fits in 9.1s  psnr_med=37.7dB  overall 8.0 fits/s
shard_k5_009984: 256 fits in 9.2s  psnr_med=37.4dB  overall 8.1 fits/s
shard_k5_010240: 256 fits in 9.4s  psnr_med=38.2dB  overall 8.1 fits/s
shard_k5_010496: 256 fits in 9.3s  psnr_med=37.5dB  overall 8.1 fits/s
shard_k5_010752: 256 fits in 10.4s  psnr_med=37.8dB  overall 8.1 fits/s
shard_k5_011008: 256 fits in 9.2s  psnr_med=37.9dB  overall 8.1 fits/s
shard_k5_011264: 256 fits in 9.6s  psnr_med=37.3dB  overall 8.1 fits/s
shard_k5_011520: 256 fits in 9.0s  psnr_med=37.3dB  overall 8.1 fits/s
shard_k5_011776: 256 fits in 8.9s  psnr_med=37.5dB  overall 8.1 fits/s
shard_k5_012032: 256 fits in 9.4s  psnr_med=37.6dB  overall 8.1 fits/s
shard_k5_012288: 256 fits in 8.3s  psnr_med=37.6dB  overall 8.1 fits/s
shard_k5_012544: 256 fits in 9.1s  psnr_med=37.3dB  overall 8.1 fits/s
shard_k5_012800: 256 fits in 8.8s  psnr_med=37.1dB  overall 8.1 fits/s
shard_k5_013056: 256 fits in 9.3s  psnr_med=37.4dB  overall 8.1 fits/s
shard_k5_013312: 256 fits in 8.5s  psnr_med=37.6dB  overall 8.1 fits/s
shard_k5_013568: 256 fits in 9.3s  psnr_med=36.8dB  overall 8.1 fits/s
shard_k5_013824: 256 fits in 8.6s  psnr_med=37.3dB  overall 8.1 fits/s
shard_k5_014080: 256 fits in 10.2s  psnr_med=37.6dB  overall 8.1 fits/s
shard_k5_014336: 256 fits in 10.2s  psnr_med=37.1dB  overall 8.1 fits/s
shard_k5_014592: 256 fits in 10.5s  psnr_med=37.9dB  overall 8.1 fits/s
shard_k5_014848: 256 fits in 10.3s  psnr_med=37.6dB  overall 8.2 fits/s
shard_k5_015104: 256 fits in 10.3s  psnr_med=37.2dB  overall 8.2 fits/s
shard_k5_015360: 256 fits in 10.2s  psnr_med=37.3dB  overall 8.2 fits/s
shard_k5_015616: 256 fits in 10.3s  psnr_med=37.4dB  overall 8.2 fits/s
shard_k5_015872: 256 fits in 10.4s  psnr_med=37.5dB  overall 8.2 fits/s
shard_k5_016128: 256 fits in 10.2s  psnr_med=37.4dB  overall 8.2 fits/s
shard_k5_016384: 256 fits in 10.1s  psnr_med=37.4dB  overall 8.2 fits/s
shard_k5_016640: 256 fits in 10.3s  psnr_med=37.3dB  overall 8.2 fits/s
shard_k5_016896: 256 fits in 10.7s  psnr_med=37.6dB  overall 8.2 fits/s
shard_k5_017152: 256 fits in 10.4s  psnr_med=37.6dB  overall 8.2 fits/s
shard_k5_017408: 256 fits in 10.5s  psnr_med=37.1dB  overall 8.2 fits/s
shard_k5_017664: 256 fits in 10.6s  psnr_med=37.6dB  overall 8.2 fits/s
shard_k5_017920: 256 fits in 9.9s  psnr_med=37.7dB  overall 8.2 fits/s
shard_k5_018176: 256 fits in 10.3s  psnr_med=37.5dB  overall 8.2 fits/s
shard_k5_018432: 256 fits in 10.3s  psnr_med=37.6dB  overall 8.2 fits/s
shard_k5_018688: 256 fits in 10.4s  psnr_med=37.3dB  overall 8.2 fits/s
shard_k5_018944: 256 fits in 10.1s  psnr_med=37.4dB  overall 8.2 fits/s
shard_k5_019200: 256 fits in 10.8s  psnr_med=37.8dB  overall 8.2 fits/s
shard_k5_019456: 256 fits in 10.5s  psnr_med=38.1dB  overall 8.2 fits/s
shard_k5_019712: 256 fits in 10.4s  psnr_med=37.8dB  overall 8.2 fits/s
shard_k5_019968: 256 fits in 10.4s  psnr_med=37.9dB  overall 8.2 fits/s
shard_k5_020224: 256 fits in 10.3s  psnr_med=37.4dB  overall 8.3 fits/s
shard_k5_020480: 256 fits in 10.5s  psnr_med=37.8dB  overall 8.3 fits/s
shard_k5_020736: 256 fits in 10.1s  psnr_med=37.7dB  overall 8.3 fits/s
shard_k5_020992: 256 fits in 10.3s  psnr_med=37.9dB  overall 8.3 fits/s
shard_k5_021248: 256 fits in 10.6s  psnr_med=37.4dB  overall 8.3 fits/s
shard_k5_021504: 256 fits in 10.2s  psnr_med=37.1dB  overall 8.3 fits/s
shard_k5_021760: 256 fits in 10.5s  psnr_med=37.5dB  overall 8.3 fits/s
shard_k5_022016: 256 fits in 10.6s  psnr_med=38.0dB  overall 8.3 fits/s
shard_k5_022272: 256 fits in 9.9s  psnr_med=37.3dB  overall 8.3 fits/s
shard_k5_022528: 256 fits in 8.6s  psnr_med=37.4dB  overall 8.3 fits/s
shard_k5_022784: 256 fits in 8.2s  psnr_med=37.4dB  overall 8.3 fits/s
shard_k5_023040: 256 fits in 8.2s  psnr_med=37.5dB  overall 8.3 fits/s
shard_k5_023296: 256 fits in 8.1s  psnr_med=37.5dB  overall 8.3 fits/s
shard_k5_023552: 256 fits in 8.1s  psnr_med=37.6dB  overall 8.3 fits/s
shard_k5_023808: 256 fits in 8.1s  psnr_med=37.4dB  overall 8.3 fits/s
shard_k5_024064: 256 fits in 8.1s  psnr_med=37.5dB  overall 8.3 fits/s
shard_k5_024320: 256 fits in 8.9s  psnr_med=37.5dB  overall 8.3 fits/s
shard_k5_024576: 256 fits in 9.6s  psnr_med=37.7dB  overall 8.3 fits/s
shard_k5_024832: 256 fits in 8.1s  psnr_med=36.8dB  overall 8.3 fits/s
shard_k5_025088: 256 fits in 10.0s  psnr_med=37.2dB  overall 8.3 fits/s
shard_k5_025344: 256 fits in 8.0s  psnr_med=38.0dB  overall 8.4 fits/s
shard_k5_025600: 256 fits in 8.1s  psnr_med=37.4dB  overall 8.4 fits/s
shard_k5_025856: 256 fits in 8.1s  psnr_med=37.9dB  overall 8.4 fits/s
shard_k5_026112: 256 fits in 9.0s  psnr_med=37.1dB  overall 8.4 fits/s
shard_k5_026368: 256 fits in 8.2s  psnr_med=37.2dB  overall 8.4 fits/s
shard_k5_026624: 256 fits in 8.9s  psnr_med=38.1dB  overall 8.4 fits/s
shard_k5_026880: 256 fits in 8.8s  psnr_med=37.5dB  overall 8.4 fits/s
shard_k5_027136: 256 fits in 8.1s  psnr_med=37.4dB  overall 8.4 fits/s
shard_k5_027392: 256 fits in 9.4s  psnr_med=37.5dB  overall 8.4 fits/s
shard_k5_027648: 256 fits in 9.1s  psnr_med=37.2dB  overall 8.4 fits/s
shard_k5_027904: 256 fits in 8.8s  psnr_med=38.0dB  overall 8.4 fits/s
shard_k5_028160: 256 fits in 9.1s  psnr_med=37.6dB  overall 8.4 fits/s
shard_k5_028416: 256 fits in 9.3s  psnr_med=37.5dB  overall 8.4 fits/s
shard_k5_028672: 256 fits in 8.4s  psnr_med=37.9dB  overall 8.4 fits/s
shard_k5_028928: 256 fits in 9.8s  psnr_med=37.1dB  overall 8.4 fits/s
shard_k5_029184: 256 fits in 8.7s  psnr_med=37.3dB  overall 8.4 fits/s
shard_k5_029440: 256 fits in 9.0s  psnr_med=37.6dB  overall 8.4 fits/s
shard_k5_029696: 256 fits in 8.2s  psnr_med=36.9dB  overall 8.4 fits/s
shard_k5_029952: 256 fits in 8.2s  psnr_med=37.4dB  overall 8.4 fits/s
shard_k5_030208: 256 fits in 8.2s  psnr_med=37.7dB  overall 8.4 fits/s
shard_k5_030464: 256 fits in 8.2s  psnr_med=37.0dB  overall 8.5 fits/s
shard_k5_030720: 256 fits in 8.0s  psnr_med=37.7dB  overall 8.5 fits/s
shard_k5_030976: 256 fits in 8.0s  psnr_med=37.6dB  overall 8.5 fits/s
shard_k5_031232: 256 fits in 8.1s  psnr_med=37.3dB  overall 8.5 fits/s
shard_k5_031488: 256 fits in 8.5s  psnr_med=37.0dB  overall 8.5 fits/s
shard_k5_031744: 256 fits in 9.4s  psnr_med=37.8dB  overall 8.5 fits/s
shard_k5_032000: 256 fits in 9.3s  psnr_med=37.5dB  overall 8.5 fits/s
shard_k5_032256: 256 fits in 8.0s  psnr_med=37.6dB  overall 8.5 fits/s
shard_k5_032512: 256 fits in 9.9s  psnr_med=37.5dB  overall 8.5 fits/s
shard_k5_032768: 256 fits in 10.6s  psnr_med=37.5dB  overall 8.5 fits/s
shard_k5_033024: 256 fits in 10.5s  psnr_med=37.4dB  overall 8.5 fits/s
shard_k5_033280: 256 fits in 10.4s  psnr_med=37.2dB  overall 8.5 fits/s
shard_k5_033536: 256 fits in 10.9s  psnr_med=37.2dB  overall 8.5 fits/s
shard_k5_033792: 256 fits in 10.9s  psnr_med=37.0dB  overall 8.5 fits/s
shard_k5_034048: 256 fits in 10.7s  psnr_med=37.4dB  overall 8.5 fits/s
shard_k5_034304: 256 fits in 10.6s  psnr_med=37.8dB  overall 8.5 fits/s
shard_k5_034560: 256 fits in 10.5s  psnr_med=37.2dB  overall 8.5 fits/s
shard_k5_034816: 256 fits in 10.5s  psnr_med=37.6dB  overall 8.5 fits/s
shard_k5_035072: 256 fits in 10.8s  psnr_med=37.4dB  overall 8.5 fits/s
shard_k5_035328: 256 fits in 10.6s  psnr_med=37.9dB  overall 8.5 fits/s
shard_k5_035584: 256 fits in 10.7s  psnr_med=37.3dB  overall 8.5 fits/s
shard_k5_035840: 256 fits in 11.0s  psnr_med=36.7dB  overall 8.6 fits/s
shard_k5_036096: 256 fits in 11.0s  psnr_med=38.3dB  overall 8.6 fits/s
shard_k5_036352: 256 fits in 10.8s  psnr_med=37.4dB  overall 8.6 fits/s
shard_k5_036608: 256 fits in 10.9s  psnr_med=38.0dB  overall 8.6 fits/s
shard_k5_036864: 256 fits in 10.5s  psnr_med=37.3dB  overall 8.6 fits/s
shard_k5_037120: 256 fits in 10.4s  psnr_med=37.8dB  overall 8.6 fits/s
shard_k5_037376: 256 fits in 8.5s  psnr_med=37.3dB  overall 8.6 fits/s
shard_k5_037632: 256 fits in 8.2s  psnr_med=37.8dB  overall 8.6 fits/s
shard_k5_037888: 256 fits in 8.1s  psnr_med=37.0dB  overall 8.6 fits/s
shard_k5_038144: 256 fits in 8.0s  psnr_med=37.4dB  overall 8.6 fits/s
shard_k5_038400: 256 fits in 8.0s  psnr_med=37.2dB  overall 8.6 fits/s
shard_k5_038656: 256 fits in 8.9s  psnr_med=37.6dB  overall 8.6 fits/s
shard_k5_038912: 256 fits in 8.0s  psnr_med=37.8dB  overall 8.6 fits/s
shard_k5_039168: 256 fits in 8.0s  psnr_med=37.4dB  overall 8.6 fits/s
shard_k5_039424: 256 fits in 7.9s  psnr_med=37.8dB  overall 8.6 fits/s
shard_k5_039680: 256 fits in 8.8s  psnr_med=37.0dB  overall 8.6 fits/s
shard_k5_039936: 256 fits in 7.9s  psnr_med=37.8dB  overall 8.6 fits/s
shard_k5_040192: 256 fits in 8.0s  psnr_med=37.1dB  overall 8.6 fits/s
shard_k5_040448: 256 fits in 9.5s  psnr_med=37.7dB  overall 8.6 fits/s
shard_k5_040704: 256 fits in 8.2s  psnr_med=37.8dB  overall 8.6 fits/s
shard_k5_040960: 256 fits in 8.7s  psnr_med=37.7dB  overall 8.7 fits/s
shard_k5_041216: 256 fits in 8.0s  psnr_med=37.2dB  overall 8.7 fits/s
shard_k5_041472: 256 fits in 9.0s  psnr_med=37.1dB  overall 8.7 fits/s
shard_k5_041728: 256 fits in 8.2s  psnr_med=36.8dB  overall 8.7 fits/s
shard_k5_041984: 256 fits in 8.0s  psnr_med=37.5dB  overall 8.7 fits/s
shard_k5_042240: 256 fits in 7.8s  psnr_med=37.7dB  overall 8.7 fits/s
shard_k5_042496: 256 fits in 8.0s  psnr_med=37.7dB  overall 8.7 fits/s
shard_k5_042752: 256 fits in 9.7s  psnr_med=37.7dB  overall 8.7 fits/s
shard_k5_043008: 256 fits in 8.4s  psnr_med=37.1dB  overall 8.7 fits/s
shard_k5_043264: 256 fits in 9.5s  psnr_med=37.5dB  overall 8.7 fits/s
shard_k5_043520: 256 fits in 9.4s  psnr_med=37.3dB  overall 8.7 fits/s
shard_k5_043776: 256 fits in 8.4s  psnr_med=37.1dB  overall 8.7 fits/s
shard_k5_044032: 256 fits in 8.9s  psnr_med=37.3dB  overall 8.7 fits/s
shard_k5_044288: 256 fits in 7.8s  psnr_med=37.4dB  overall 8.7 fits/s
shard_k5_044544: 256 fits in 8.7s  psnr_med=37.1dB  overall 8.7 fits/s
shard_k5_044800: 256 fits in 7.8s  psnr_med=37.4dB  overall 8.7 fits/s
shard_k5_045056: 256 fits in 7.9s  psnr_med=37.5dB  overall 8.7 fits/s
shard_k5_045312: 256 fits in 7.7s  psnr_med=37.1dB  overall 8.7 fits/s
shard_k5_045568: 256 fits in 8.7s  psnr_med=37.5dB  overall 8.7 fits/s
shard_k5_045824: 256 fits in 8.4s  psnr_med=36.9dB  overall 8.7 fits/s
shard_k5_046080: 256 fits in 8.1s  psnr_med=37.1dB  overall 8.8 fits/s
shard_k5_046336: 256 fits in 9.2s  psnr_med=37.5dB  overall 8.8 fits/s
shard_k5_046592: 256 fits in 8.4s  psnr_med=37.3dB  overall 8.8 fits/s
shard_k5_046848: 256 fits in 7.6s  psnr_med=37.7dB  overall 8.8 fits/s
shard_k5_047104: 256 fits in 7.6s  psnr_med=37.3dB  overall 8.8 fits/s
shard_k5_047360: 256 fits in 7.7s  psnr_med=37.2dB  overall 8.8 fits/s
shard_k5_047616: 256 fits in 8.5s  psnr_med=38.1dB  overall 8.8 fits/s
shard_k5_047872: 256 fits in 8.4s  psnr_med=37.6dB  overall 8.8 fits/s
shard_k5_048128: 256 fits in 7.6s  psnr_med=37.5dB  overall 8.8 fits/s
shard_k5_048384: 256 fits in 7.5s  psnr_med=37.7dB  overall 8.8 fits/s
shard_k5_048640: 256 fits in 8.9s  psnr_med=37.6dB  overall 8.8 fits/s
shard_k5_048896: 256 fits in 7.7s  psnr_med=37.2dB  overall 8.8 fits/s
shard_k5_049152: 256 fits in 7.4s  psnr_med=37.5dB  overall 8.8 fits/s
shard_k5_049408: 256 fits in 7.4s  psnr_med=37.3dB  overall 8.8 fits/s
shard_k5_049664: 256 fits in 7.4s  psnr_med=37.6dB  overall 8.8 fits/s
shard_k5_049920: 256 fits in 7.4s  psnr_med=37.2dB  overall 8.8 fits/s
shard_k5_050176: 256 fits in 7.3s  psnr_med=37.3dB  overall 8.8 fits/s
shard_k5_050432: 256 fits in 7.5s  psnr_med=37.4dB  overall 8.8 fits/s
shard_k5_050688: 256 fits in 8.2s  psnr_med=37.8dB  overall 8.8 fits/s
shard_k5_050944: 256 fits in 8.0s  psnr_med=37.4dB  overall 8.8 fits/s
shard_k5_051200: 256 fits in 8.2s  psnr_med=37.8dB  overall 8.9 fits/s
shard_k5_051456: 256 fits in 8.5s  psnr_med=37.7dB  overall 8.9 fits/s
shard_k5_051712: 256 fits in 8.4s  psnr_med=37.3dB  overall 8.9 fits/s
shard_k5_051968: 256 fits in 8.2s  psnr_med=37.2dB  overall 8.9 fits/s
shard_k5_052224: 256 fits in 8.1s  psnr_med=37.4dB  overall 8.9 fits/s
shard_k5_052480: 256 fits in 7.8s  psnr_med=37.6dB  overall 8.9 fits/s
shard_k5_052736: 256 fits in 8.2s  psnr_med=37.4dB  overall 8.9 fits/s
shard_k5_052992: 256 fits in 8.1s  psnr_med=37.5dB  overall 8.9 fits/s
shard_k5_053248: 256 fits in 7.3s  psnr_med=37.5dB  overall 8.9 fits/s
shard_k5_053504: 256 fits in 8.1s  psnr_med=37.6dB  overall 8.9 fits/s
shard_k5_053760: 256 fits in 8.0s  psnr_med=37.4dB  overall 8.9 fits/s
shard_k5_054016: 256 fits in 7.6s  psnr_med=37.3dB  overall 8.9 fits/s
shard_k5_054272: 256 fits in 7.7s  psnr_med=37.7dB  overall 8.9 fits/s
shard_k5_054528: 256 fits in 7.3s  psnr_med=37.7dB  overall 8.9 fits/s
shard_k5_054784: 216 fits in 6.1s  psnr_med=37.4dB  overall 8.9 fits/s
shard_k6_000000: 256 fits in 7.2s  psnr_med=37.5dB  overall 8.9 fits/s
shard_k6_000256: 256 fits in 7.1s  psnr_med=37.2dB  overall 8.9 fits/s
shard_k6_000512: 256 fits in 7.5s  psnr_med=37.6dB  overall 8.9 fits/s
shard_k6_000768: 256 fits in 8.1s  psnr_med=37.4dB  overall 8.9 fits/s
shard_k6_001024: 256 fits in 7.7s  psnr_med=37.3dB  overall 8.9 fits/s
shard_k6_001280: 256 fits in 7.3s  psnr_med=37.4dB  overall 9.0 fits/s
shard_k6_001536: 256 fits in 7.7s  psnr_med=36.8dB  overall 9.0 fits/s
shard_k6_001792: 256 fits in 8.0s  psnr_med=37.9dB  overall 9.0 fits/s
shard_k6_002048: 256 fits in 7.3s  psnr_med=37.7dB  overall 9.0 fits/s
shard_k6_002304: 256 fits in 7.3s  psnr_med=37.4dB  overall 9.0 fits/s
shard_k6_002560: 256 fits in 7.4s  psnr_med=37.6dB  overall 9.0 fits/s
shard_k6_002816: 256 fits in 7.2s  psnr_med=37.0dB  overall 9.0 fits/s
shard_k6_003072: 256 fits in 7.2s  psnr_med=37.4dB  overall 9.0 fits/s
shard_k6_003328: 256 fits in 7.3s  psnr_med=37.3dB  overall 9.0 fits/s
shard_k6_003584: 256 fits in 7.1s  psnr_med=37.3dB  overall 9.0 fits/s
shard_k6_003840: 256 fits in 7.2s  psnr_med=37.6dB  overall 9.0 fits/s
shard_k6_004096: 256 fits in 7.8s  psnr_med=37.4dB  overall 9.0 fits/s
shard_k6_004352: 256 fits in 7.2s  psnr_med=37.5dB  overall 9.0 fits/s
shard_k6_004608: 256 fits in 7.2s  psnr_med=37.8dB  overall 9.0 fits/s
shard_k6_004864: 256 fits in 8.1s  psnr_med=37.5dB  overall 9.0 fits/s
shard_k6_005120: 256 fits in 7.0s  psnr_med=37.6dB  overall 9.0 fits/s
shard_k6_005376: 256 fits in 7.2s  psnr_med=37.6dB  overall 9.0 fits/s
shard_k6_005632: 256 fits in 7.2s  psnr_med=37.6dB  overall 9.0 fits/s
shard_k6_005888: 256 fits in 8.0s  psnr_med=37.8dB  overall 9.0 fits/s
shard_k6_006144: 256 fits in 7.1s  psnr_med=38.0dB  overall 9.0 fits/s
shard_k6_006400: 256 fits in 8.0s  psnr_med=37.4dB  overall 9.1 fits/s
shard_k6_006656: 256 fits in 7.9s  psnr_med=37.2dB  overall 9.1 fits/s
shard_k6_006912: 256 fits in 7.5s  psnr_med=37.4dB  overall 9.1 fits/s
shard_k6_007168: 256 fits in 7.1s  psnr_med=36.8dB  overall 9.1 fits/s
shard_k6_007424: 256 fits in 7.2s  psnr_med=37.1dB  overall 9.1 fits/s
shard_k6_007680: 256 fits in 7.1s  psnr_med=37.7dB  overall 9.1 fits/s
shard_k6_007936: 256 fits in 7.1s  psnr_med=37.4dB  overall 9.1 fits/s
shard_k6_008192: 256 fits in 7.8s  psnr_med=37.0dB  overall 9.1 fits/s
shard_k6_008448: 256 fits in 7.1s  psnr_med=37.8dB  overall 9.1 fits/s
shard_k6_008704: 256 fits in 7.1s  psnr_med=37.3dB  overall 9.1 fits/s
shard_k6_008960: 256 fits in 7.1s  psnr_med=36.9dB  overall 9.1 fits/s
shard_k6_009216: 256 fits in 7.4s  psnr_med=37.6dB  overall 9.1 fits/s
shard_k6_009472: 256 fits in 7.9s  psnr_med=37.8dB  overall 9.1 fits/s
shard_k6_009728: 256 fits in 8.4s  psnr_med=37.9dB  overall 9.1 fits/s
shard_k6_009984: 256 fits in 7.8s  psnr_med=37.9dB  overall 9.1 fits/s
shard_k6_010240: 256 fits in 8.6s  psnr_med=38.2dB  overall 9.1 fits/s
shard_k6_010496: 256 fits in 7.9s  psnr_med=37.8dB  overall 9.1 fits/s
shard_k6_010752: 256 fits in 8.5s  psnr_med=37.9dB  overall 9.1 fits/s
shard_k6_011008: 256 fits in 7.8s  psnr_med=37.8dB  overall 9.1 fits/s
shard_k6_011264: 256 fits in 7.9s  psnr_med=37.1dB  overall 9.1 fits/s
shard_k6_011520: 256 fits in 8.3s  psnr_med=37.1dB  overall 9.2 fits/s
shard_k6_011776: 256 fits in 8.2s  psnr_med=37.8dB  overall 9.2 fits/s
shard_k6_012032: 256 fits in 7.7s  psnr_med=37.7dB  overall 9.2 fits/s
shard_k6_012288: 256 fits in 7.3s  psnr_med=37.1dB  overall 9.2 fits/s
shard_k6_012544: 256 fits in 9.1s  psnr_med=37.5dB  overall 9.2 fits/s
shard_k6_012800: 256 fits in 8.5s  psnr_med=37.4dB  overall 9.2 fits/s
shard_k6_013056: 256 fits in 8.0s  psnr_med=37.7dB  overall 9.2 fits/s
shard_k6_013312: 256 fits in 7.1s  psnr_med=37.8dB  overall 9.2 fits/s
shard_k6_013568: 256 fits in 7.9s  psnr_med=37.3dB  overall 9.2 fits/s
shard_k6_013824: 256 fits in 8.4s  psnr_med=37.5dB  overall 9.2 fits/s
shard_k6_014080: 256 fits in 7.3s  psnr_med=37.7dB  overall 9.2 fits/s
shard_k6_014336: 256 fits in 7.3s  psnr_med=37.3dB  overall 9.2 fits/s
shard_k6_014592: 256 fits in 8.3s  psnr_med=37.6dB  overall 9.2 fits/s
shard_k6_014848: 256 fits in 7.0s  psnr_med=37.6dB  overall 9.2 fits/s
shard_k6_015104: 256 fits in 8.2s  psnr_med=37.1dB  overall 9.2 fits/s
shard_k6_015360: 256 fits in 7.9s  psnr_med=37.3dB  overall 9.2 fits/s
shard_k6_015616: 256 fits in 6.6s  psnr_med=37.3dB  overall 9.2 fits/s
shard_k6_015872: 256 fits in 6.6s  psnr_med=37.6dB  overall 9.2 fits/s
shard_k6_016128: 256 fits in 6.6s  psnr_med=37.9dB  overall 9.2 fits/s
shard_k6_016384: 256 fits in 6.4s  psnr_med=37.2dB  overall 9.2 fits/s
shard_k6_016640: 256 fits in 6.5s  psnr_med=37.1dB  overall 9.3 fits/s
shard_k6_016896: 256 fits in 10.0s  psnr_med=37.1dB  overall 9.3 fits/s
shard_k6_017152: 256 fits in 8.3s  psnr_med=37.2dB  overall 9.3 fits/s
shard_k6_017408: 256 fits in 6.9s  psnr_med=36.7dB  overall 9.3 fits/s
shard_k6_017664: 256 fits in 7.4s  psnr_med=37.2dB  overall 9.3 fits/s
shard_k6_017920: 256 fits in 8.4s  psnr_med=37.6dB  overall 9.3 fits/s
shard_k6_018176: 256 fits in 7.4s  psnr_med=37.5dB  overall 9.3 fits/s
shard_k6_018432: 256 fits in 6.7s  psnr_med=37.3dB  overall 9.3 fits/s
shard_k6_018688: 256 fits in 7.5s  psnr_med=37.4dB  overall 9.3 fits/s
shard_k6_018944: 256 fits in 7.1s  psnr_med=37.3dB  overall 9.3 fits/s
shard_k6_019200: 256 fits in 7.2s  psnr_med=38.1dB  overall 9.3 fits/s
shard_k6_019456: 256 fits in 7.9s  psnr_med=37.4dB  overall 9.3 fits/s
shard_k6_019712: 256 fits in 6.8s  psnr_med=38.1dB  overall 9.3 fits/s
shard_k6_019968: 256 fits in 6.9s  psnr_med=37.7dB  overall 9.3 fits/s
shard_k6_020224: 256 fits in 7.6s  psnr_med=37.5dB  overall 9.3 fits/s
shard_k6_020480: 256 fits in 6.9s  psnr_med=37.6dB  overall 9.3 fits/s
shard_k6_020736: 256 fits in 6.7s  psnr_med=37.6dB  overall 9.3 fits/s
shard_k6_020992: 256 fits in 6.9s  psnr_med=37.6dB  overall 9.3 fits/s
shard_k6_021248: 256 fits in 8.1s  psnr_med=37.6dB  overall 9.3 fits/s
shard_k6_021504: 256 fits in 6.5s  psnr_med=37.4dB  overall 9.3 fits/s
shard_k6_021760: 256 fits in 7.0s  psnr_med=37.9dB  overall 9.4 fits/s
shard_k6_022016: 256 fits in 7.0s  psnr_med=37.5dB  overall 9.4 fits/s
shard_k6_022272: 256 fits in 8.4s  psnr_med=37.0dB  overall 9.4 fits/s
shard_k6_022528: 256 fits in 7.8s  psnr_med=37.7dB  overall 9.4 fits/s
shard_k6_022784: 256 fits in 7.1s  psnr_med=37.6dB  overall 9.4 fits/s
shard_k6_023040: 256 fits in 8.4s  psnr_med=37.7dB  overall 9.4 fits/s
shard_k6_023296: 256 fits in 8.3s  psnr_med=37.6dB  overall 9.4 fits/s
shard_k6_023552: 256 fits in 8.0s  psnr_med=37.0dB  overall 9.4 fits/s
shard_k6_023808: 256 fits in 7.2s  psnr_med=37.7dB  overall 9.4 fits/s
shard_k6_024064: 256 fits in 7.9s  psnr_med=37.4dB  overall 9.4 fits/s
shard_k6_024320: 256 fits in 7.7s  psnr_med=37.7dB  overall 9.4 fits/s
shard_k6_024576: 256 fits in 7.4s  psnr_med=37.7dB  overall 9.4 fits/s
shard_k6_024832: 256 fits in 6.7s  psnr_med=37.3dB  overall 9.4 fits/s
shard_k6_025088: 256 fits in 6.7s  psnr_med=37.3dB  overall 9.4 fits/s
shard_k6_025344: 256 fits in 6.7s  psnr_med=37.7dB  overall 9.4 fits/s
shard_k6_025600: 256 fits in 6.6s  psnr_med=37.2dB  overall 9.4 fits/s
shard_k6_025856: 256 fits in 6.7s  psnr_med=37.0dB  overall 9.4 fits/s
shard_k6_026112: 256 fits in 7.6s  psnr_med=37.2dB  overall 9.4 fits/s
shard_k6_026368: 256 fits in 7.4s  psnr_med=36.8dB  overall 9.4 fits/s
shard_k6_026624: 256 fits in 7.5s  psnr_med=37.7dB  overall 9.4 fits/s
shard_k6_026880: 256 fits in 7.5s  psnr_med=37.6dB  overall 9.5 fits/s
shard_k6_027136: 256 fits in 6.6s  psnr_med=37.4dB  overall 9.5 fits/s
shard_k6_027392: 256 fits in 7.6s  psnr_med=37.3dB  overall 9.5 fits/s
shard_k6_027648: 256 fits in 7.2s  psnr_med=37.3dB  overall 9.5 fits/s
shard_k6_027904: 256 fits in 7.1s  psnr_med=37.8dB  overall 9.5 fits/s
shard_k6_028160: 256 fits in 7.1s  psnr_med=37.9dB  overall 9.5 fits/s
shard_k6_028416: 256 fits in 7.7s  psnr_med=37.4dB  overall 9.5 fits/s
shard_k6_028672: 256 fits in 6.6s  psnr_med=37.8dB  overall 9.5 fits/s
shard_k6_028928: 256 fits in 6.7s  psnr_med=37.5dB  overall 9.5 fits/s
shard_k6_029184: 256 fits in 6.7s  psnr_med=37.7dB  overall 9.5 fits/s
shard_k6_029440: 256 fits in 6.6s  psnr_med=37.5dB  overall 9.5 fits/s
shard_k6_029696: 256 fits in 7.9s  psnr_med=36.6dB  overall 9.5 fits/s
shard_k6_029952: 256 fits in 17.5s  psnr_med=36.8dB  overall 9.5 fits/s
shard_k6_030208: 256 fits in 1069.0s  psnr_med=37.5dB  overall 9.3 fits/s
shard_k6_030464: 256 fits in 63.1s  psnr_med=37.3dB  overall 9.2 fits/s
shard_k6_030720: 256 fits in 4.8s  psnr_med=37.7dB  overall 9.3 fits/s
shard_k6_030976: 256 fits in 4.6s  psnr_med=37.2dB  overall 9.3 fits/s
shard_k6_031232: 256 fits in 995.9s  psnr_med=37.1dB  overall 9.0 fits/s
shard_k6_031488: 256 fits in 941.5s  psnr_med=36.8dB  overall 8.8 fits/s
shard_k6_031744: 256 fits in 2097.8s  psnr_med=37.4dB  overall 8.4 fits/s
shard_k6_032000: 256 fits in 2000.9s  psnr_med=37.7dB  overall 8.0 fits/s
shard_k6_032256: 256 fits in 2273.8s  psnr_med=37.6dB  overall 7.7 fits/s
shard_k6_032512: 256 fits in 34.2s  psnr_med=37.1dB  overall 7.7 fits/s
shard_k6_032768: 256 fits in 951.6s  psnr_med=37.9dB  overall 7.5 fits/s
shard_k6_033024: 256 fits in 10.9s  psnr_med=37.7dB  overall 7.5 fits/s
shard_k6_033280: 256 fits in 11.7s  psnr_med=37.8dB  overall 7.5 fits/s
shard_k6_033536: 256 fits in 10.2s  psnr_med=37.6dB  overall 7.5 fits/s
shard_k6_033792: 256 fits in 981.7s  psnr_med=37.5dB  overall 7.4 fits/s
shard_k6_034048: 256 fits in 13.8s  psnr_med=37.5dB  overall 7.4 fits/s
shard_k6_034304: 256 fits in 10.3s  psnr_med=38.0dB  overall 7.4 fits/s
shard_k6_034560: 256 fits in 10.4s  psnr_med=37.5dB  overall 7.4 fits/s
shard_k6_034816: 256 fits in 574.4s  psnr_med=37.8dB  overall 7.3 fits/s
shard_k6_035072: 256 fits in 11.2s  psnr_med=36.9dB  overall 7.3 fits/s
shard_k6_035328: 256 fits in 10.3s  psnr_med=37.2dB  overall 7.3 fits/s
shard_k6_035584: 256 fits in 10.7s  psnr_med=37.4dB  overall 7.3 fits/s
shard_k6_035840: 256 fits in 11.4s  psnr_med=36.7dB  overall 7.3 fits/s
shard_k6_036096: 256 fits in 10.5s  psnr_med=38.1dB  overall 7.3 fits/s
shard_k6_036352: 256 fits in 10.6s  psnr_med=37.4dB  overall 7.3 fits/s
shard_k6_036608: 256 fits in 10.4s  psnr_med=37.7dB  overall 7.3 fits/s
shard_k6_036864: 256 fits in 12.5s  psnr_med=37.7dB  overall 7.3 fits/s
shard_k6_037120: 256 fits in 10.2s  psnr_med=38.2dB  overall 7.3 fits/s
shard_k6_037376: 256 fits in 10.8s  psnr_med=37.1dB  overall 7.3 fits/s
shard_k6_037632: 256 fits in 11.0s  psnr_med=37.6dB  overall 7.3 fits/s
shard_k6_037888: 256 fits in 11.3s  psnr_med=37.4dB  overall 7.4 fits/s
shard_k6_038144: 256 fits in 10.8s  psnr_med=37.2dB  overall 7.4 fits/s
shard_k6_038400: 256 fits in 10.8s  psnr_med=37.3dB  overall 7.4 fits/s
shard_k6_038656: 256 fits in 10.7s  psnr_med=37.3dB  overall 7.4 fits/s
shard_k6_038912: 256 fits in 10.4s  psnr_med=37.8dB  overall 7.4 fits/s
shard_k6_039168: 256 fits in 10.5s  psnr_med=37.4dB  overall 7.4 fits/s
shard_k6_039424: 256 fits in 10.4s  psnr_med=37.8dB  overall 7.4 fits/s
shard_k6_039680: 256 fits in 10.5s  psnr_med=37.0dB  overall 7.4 fits/s
shard_k6_039936: 256 fits in 10.5s  psnr_med=37.7dB  overall 7.4 fits/s
shard_k6_040192: 256 fits in 10.4s  psnr_med=37.6dB  overall 7.4 fits/s
shard_k6_040448: 256 fits in 10.4s  psnr_med=37.4dB  overall 7.4 fits/s
shard_k6_040704: 256 fits in 10.6s  psnr_med=37.3dB  overall 7.4 fits/s
shard_k6_040960: 256 fits in 10.5s  psnr_med=37.4dB  overall 7.4 fits/s
shard_k6_041216: 256 fits in 10.5s  psnr_med=37.5dB  overall 7.4 fits/s
shard_k6_041472: 256 fits in 10.5s  psnr_med=37.1dB  overall 7.4 fits/s
shard_k6_041728: 256 fits in 10.5s  psnr_med=37.0dB  overall 7.4 fits/s
shard_k6_041984: 256 fits in 10.7s  psnr_med=37.3dB  overall 7.4 fits/s
shard_k6_042240: 256 fits in 919.9s  psnr_med=37.4dB  overall 7.3 fits/s
shard_k6_042496: 256 fits in 10.2s  psnr_med=37.4dB  overall 7.3 fits/s
shard_k6_042752: 256 fits in 10.3s  psnr_med=37.6dB  overall 7.3 fits/s
shard_k6_043008: 256 fits in 10.2s  psnr_med=37.4dB  overall 7.3 fits/s
shard_k6_043264: 256 fits in 266.4s  psnr_med=37.8dB  overall 7.3 fits/s
shard_k6_043520: 256 fits in 10.3s  psnr_med=37.5dB  overall 7.3 fits/s
shard_k6_043776: 256 fits in 10.7s  psnr_med=37.0dB  overall 7.3 fits/s
shard_k6_044032: 256 fits in 10.3s  psnr_med=37.1dB  overall 7.3 fits/s
shard_k6_044288: 256 fits in 911.1s  psnr_med=37.5dB  overall 7.1 fits/s
shard_k6_044544: 256 fits in 11.7s  psnr_med=37.6dB  overall 7.2 fits/s
shard_k6_044800: 256 fits in 10.4s  psnr_med=37.2dB  overall 7.2 fits/s
shard_k6_045056: 256 fits in 10.1s  psnr_med=37.5dB  overall 7.2 fits/s
shard_k6_045312: 256 fits in 10.1s  psnr_med=37.5dB  overall 7.2 fits/s
shard_k6_045568: 256 fits in 1031.8s  psnr_med=37.5dB  overall 7.0 fits/s
shard_k6_045824: 256 fits in 10.0s  psnr_med=36.6dB  overall 7.0 fits/s
shard_k6_046080: 256 fits in 10.1s  psnr_med=37.1dB  overall 7.0 fits/s
shard_k6_046336: 256 fits in 10.1s  psnr_med=37.5dB  overall 7.0 fits/s
shard_k6_046592: 256 fits in 101.2s  psnr_med=37.9dB  overall 7.0 fits/s
shard_k6_046848: 256 fits in 10.1s  psnr_med=37.6dB  overall 7.0 fits/s
shard_k6_047104: 256 fits in 10.2s  psnr_med=37.2dB  overall 7.0 fits/s
shard_k6_047360: 256 fits in 10.0s  psnr_med=37.4dB  overall 7.0 fits/s
shard_k6_047616: 256 fits in 10.1s  psnr_med=38.0dB  overall 7.0 fits/s
shard_k6_047872: 256 fits in 921.4s  psnr_med=37.9dB  overall 6.9 fits/s
shard_k6_048128: 256 fits in 10.5s  psnr_med=37.7dB  overall 6.9 fits/s
shard_k6_048384: 256 fits in 10.1s  psnr_med=37.8dB  overall 6.9 fits/s
shard_k6_048640: 256 fits in 10.1s  psnr_med=37.5dB  overall 6.9 fits/s
shard_k6_048896: 256 fits in 1064.6s  psnr_med=36.9dB  overall 6.8 fits/s
shard_k6_049152: 256 fits in 10.1s  psnr_med=37.3dB  overall 6.8 fits/s
shard_k6_049408: 256 fits in 10.1s  psnr_med=37.3dB  overall 6.8 fits/s
shard_k6_049664: 256 fits in 10.1s  psnr_med=37.7dB  overall 6.8 fits/s
shard_k6_049920: 256 fits in 914.2s  psnr_med=37.2dB  overall 6.7 fits/s
shard_k6_050176: 256 fits in 10.0s  psnr_med=37.3dB  overall 6.7 fits/s
shard_k6_050432: 256 fits in 10.2s  psnr_med=37.3dB  overall 6.7 fits/s
shard_k6_050688: 256 fits in 10.1s  psnr_med=37.3dB  overall 6.7 fits/s
shard_k6_050944: 256 fits in 10.1s  psnr_med=37.4dB  overall 6.7 fits/s
shard_k6_051200: 256 fits in 623.4s  psnr_med=37.5dB  overall 6.7 fits/s
shard_k6_051456: 256 fits in 10.2s  psnr_med=37.3dB  overall 6.7 fits/s
shard_k6_051712: 256 fits in 10.1s  psnr_med=37.4dB  overall 6.7 fits/s
shard_k6_051968: 256 fits in 10.3s  psnr_med=37.3dB  overall 6.7 fits/s
shard_k6_052224: 256 fits in 1028.9s  psnr_med=37.4dB  overall 6.6 fits/s
shard_k6_052480: 256 fits in 10.0s  psnr_med=37.7dB  overall 6.6 fits/s
shard_k6_052736: 256 fits in 10.2s  psnr_med=37.2dB  overall 6.6 fits/s
shard_k6_052992: 256 fits in 10.2s  psnr_med=37.2dB  overall 6.6 fits/s
shard_k6_053248: 256 fits in 10.1s  psnr_med=37.2dB  overall 6.6 fits/s
shard_k6_053504: 256 fits in 1001.1s  psnr_med=38.2dB  overall 6.5 fits/s
shard_k6_053760: 256 fits in 10.2s  psnr_med=37.4dB  overall 6.5 fits/s
shard_k6_054016: 256 fits in 10.1s  psnr_med=37.2dB  overall 6.5 fits/s
shard_k6_054272: 256 fits in 10.5s  psnr_med=37.4dB  overall 6.5 fits/s
shard_k6_054528: 256 fits in 955.0s  psnr_med=37.3dB  overall 6.4 fits/s
shard_k6_054784: 216 fits in 8.5s  psnr_med=37.5dB  overall 6.4 fits/s
shard_k7_000000: 256 fits in 10.0s  psnr_med=37.4dB  overall 6.4 fits/s
shard_k7_000256: 256 fits in 10.1s  psnr_med=37.1dB  overall 6.4 fits/s
shard_k7_000512: 256 fits in 538.2s  psnr_med=37.1dB  overall 6.3 fits/s
shard_k7_000768: 256 fits in 10.3s  psnr_med=37.5dB  overall 6.3 fits/s
shard_k7_001024: 256 fits in 10.4s  psnr_med=37.1dB  overall 6.3 fits/s
shard_k7_001280: 256 fits in 10.1s  psnr_med=37.6dB  overall 6.3 fits/s
shard_k7_001536: 256 fits in 10.2s  psnr_med=37.2dB  overall 6.3 fits/s
shard_k7_001792: 256 fits in 920.7s  psnr_med=37.3dB  overall 6.3 fits/s
shard_k7_002048: 256 fits in 10.4s  psnr_med=37.7dB  overall 6.3 fits/s
shard_k7_002304: 256 fits in 10.3s  psnr_med=37.5dB  overall 6.3 fits/s
shard_k7_002560: 256 fits in 10.5s  psnr_med=37.9dB  overall 6.3 fits/s
shard_k7_002816: 256 fits in 10.6s  psnr_med=37.4dB  overall 6.3 fits/s
shard_k7_003072: 256 fits in 963.6s  psnr_med=37.3dB  overall 6.2 fits/s
shard_k7_003328: 256 fits in 10.0s  psnr_med=37.6dB  overall 6.2 fits/s
shard_k7_003584: 256 fits in 10.1s  psnr_med=37.5dB  overall 6.2 fits/s
shard_k7_003840: 256 fits in 10.1s  psnr_med=37.4dB  overall 6.2 fits/s
shard_k7_004096: 256 fits in 910.7s  psnr_med=37.8dB  overall 6.1 fits/s
shard_k7_004352: 256 fits in 11.1s  psnr_med=37.2dB  overall 6.1 fits/s
shard_k7_004608: 256 fits in 10.1s  psnr_med=37.6dB  overall 6.1 fits/s
shard_k7_004864: 256 fits in 10.1s  psnr_med=37.3dB  overall 6.1 fits/s
shard_k7_005120: 256 fits in 10.2s  psnr_med=37.9dB  overall 6.1 fits/s
shard_k7_005376: 256 fits in 717.2s  psnr_med=37.6dB  overall 6.0 fits/s
shard_k7_005632: 256 fits in 10.1s  psnr_med=37.6dB  overall 6.1 fits/s
shard_k7_005888: 256 fits in 10.6s  psnr_med=37.6dB  overall 6.1 fits/s
shard_k7_006144: 256 fits in 10.0s  psnr_med=38.0dB  overall 6.1 fits/s
shard_k7_006400: 256 fits in 913.4s  psnr_med=37.5dB  overall 6.0 fits/s
shard_k7_006656: 256 fits in 10.2s  psnr_med=37.2dB  overall 6.0 fits/s
shard_k7_006912: 256 fits in 10.1s  psnr_med=37.3dB  overall 6.0 fits/s
shard_k7_007168: 256 fits in 10.1s  psnr_med=36.8dB  overall 6.0 fits/s
shard_k7_007424: 256 fits in 10.0s  psnr_med=37.1dB  overall 6.0 fits/s
shard_k7_007680: 256 fits in 848.8s  psnr_med=37.3dB  overall 5.9 fits/s
shard_k7_007936: 256 fits in 10.5s  psnr_med=37.1dB  overall 5.9 fits/s
shard_k7_008192: 256 fits in 10.6s  psnr_med=37.5dB  overall 5.9 fits/s
shard_k7_008448: 256 fits in 10.2s  psnr_med=37.8dB  overall 5.9 fits/s
shard_k7_008704: 256 fits in 931.6s  psnr_med=37.3dB  overall 5.8 fits/s
shard_k7_008960: 256 fits in 11.2s  psnr_med=37.1dB  overall 5.8 fits/s
shard_k7_009216: 256 fits in 10.2s  psnr_med=37.7dB  overall 5.9 fits/s
shard_k7_009472: 256 fits in 11.0s  psnr_med=37.7dB  overall 5.9 fits/s
shard_k7_009728: 256 fits in 13.5s  psnr_med=37.8dB  overall 5.9 fits/s
shard_k7_009984: 256 fits in 10.8s  psnr_med=37.4dB  overall 5.9 fits/s
shard_k7_010240: 256 fits in 10.4s  psnr_med=38.4dB  overall 5.9 fits/s
shard_k7_010496: 256 fits in 10.6s  psnr_med=37.5dB  overall 5.9 fits/s
shard_k7_010752: 256 fits in 10.6s  psnr_med=38.0dB  overall 5.9 fits/s
shard_k7_011008: 256 fits in 11.6s  psnr_med=37.5dB  overall 5.9 fits/s
shard_k7_011264: 256 fits in 10.6s  psnr_med=37.1dB  overall 5.9 fits/s
shard_k7_011520: 256 fits in 10.7s  psnr_med=37.1dB  overall 5.9 fits/s
shard_k7_011776: 256 fits in 10.9s  psnr_med=37.9dB  overall 5.9 fits/s
shard_k7_012032: 256 fits in 11.3s  psnr_med=37.5dB  overall 5.9 fits/s
shard_k7_012288: 256 fits in 11.2s  psnr_med=37.5dB  overall 5.9 fits/s
shard_k7_012544: 256 fits in 10.4s  psnr_med=37.6dB  overall 5.9 fits/s
shard_k7_012800: 256 fits in 10.8s  psnr_med=37.2dB  overall 5.9 fits/s
shard_k7_013056: 256 fits in 10.5s  psnr_med=37.4dB  overall 5.9 fits/s
shard_k7_013312: 256 fits in 10.6s  psnr_med=37.6dB  overall 5.9 fits/s
shard_k7_013568: 256 fits in 11.2s  psnr_med=36.8dB  overall 5.9 fits/s
shard_k7_013824: 256 fits in 11.1s  psnr_med=37.4dB  overall 5.9 fits/s
shard_k7_014080: 256 fits in 11.3s  psnr_med=37.9dB  overall 5.9 fits/s
shard_k7_014336: 256 fits in 11.1s  psnr_med=37.4dB  overall 5.9 fits/s
shard_k7_014592: 256 fits in 11.1s  psnr_med=37.8dB  overall 5.9 fits/s
shard_k7_014848: 256 fits in 11.2s  psnr_med=37.2dB  overall 5.9 fits/s
shard_k7_015104: 256 fits in 10.9s  psnr_med=37.2dB  overall 5.9 fits/s
shard_k7_015360: 256 fits in 10.9s  psnr_med=37.3dB  overall 5.9 fits/s
shard_k7_015616: 256 fits in 11.1s  psnr_med=37.5dB  overall 5.9 fits/s
shard_k7_015872: 256 fits in 10.8s  psnr_med=37.1dB  overall 5.9 fits/s
shard_k7_016128: 256 fits in 10.6s  psnr_med=37.6dB  overall 5.9 fits/s
shard_k7_016384: 256 fits in 10.4s  psnr_med=37.4dB  overall 5.9 fits/s
shard_k7_016640: 256 fits in 10.4s  psnr_med=37.4dB  overall 5.9 fits/s
shard_k7_016896: 256 fits in 10.3s  psnr_med=37.3dB  overall 5.9 fits/s
shard_k7_017152: 256 fits in 10.9s  psnr_med=37.7dB  overall 5.9 fits/s
shard_k7_017408: 256 fits in 10.8s  psnr_med=37.2dB  overall 5.9 fits/s
shard_k7_017664: 256 fits in 10.8s  psnr_med=37.1dB  overall 5.9 fits/s
shard_k7_017920: 256 fits in 10.9s  psnr_med=37.5dB  overall 5.9 fits/s
shard_k7_018176: 256 fits in 11.0s  psnr_med=37.5dB  overall 6.0 fits/s
shard_k7_018432: 256 fits in 11.3s  psnr_med=37.1dB  overall 6.0 fits/s
shard_k7_018688: 256 fits in 11.0s  psnr_med=37.2dB  overall 6.0 fits/s
shard_k7_018944: 256 fits in 11.0s  psnr_med=37.0dB  overall 6.0 fits/s
shard_k7_019200: 256 fits in 10.6s  psnr_med=37.6dB  overall 6.0 fits/s
shard_k7_019456: 256 fits in 411.7s  psnr_med=38.1dB  overall 5.9 fits/s
shard_k7_019712: 256 fits in 9.9s  psnr_med=38.1dB  overall 5.9 fits/s
shard_k7_019968: 256 fits in 10.2s  psnr_med=38.1dB  overall 5.9 fits/s
shard_k7_020224: 256 fits in 10.1s  psnr_med=37.3dB  overall 5.9 fits/s
shard_k7_020480: 256 fits in 10.3s  psnr_med=37.8dB  overall 5.9 fits/s
shard_k7_020736: 256 fits in 961.3s  psnr_med=38.0dB  overall 5.9 fits/s
shard_k7_020992: 256 fits in 10.3s  psnr_med=37.6dB  overall 5.9 fits/s
shard_k7_021248: 256 fits in 10.2s  psnr_med=38.0dB  overall 5.9 fits/s
shard_k7_021504: 256 fits in 10.2s  psnr_med=37.4dB  overall 5.9 fits/s
shard_k7_021760: 256 fits in 919.8s  psnr_med=38.1dB  overall 5.8 fits/s
shard_k7_022016: 256 fits in 10.5s  psnr_med=37.4dB  overall 5.8 fits/s
shard_k7_022272: 256 fits in 10.5s  psnr_med=37.1dB  overall 5.8 fits/s
shard_k7_022528: 256 fits in 10.5s  psnr_med=37.5dB  overall 5.8 fits/s
shard_k7_022784: 256 fits in 10.5s  psnr_med=38.0dB  overall 5.8 fits/s
shard_k7_023040: 256 fits in 10.4s  psnr_med=37.7dB  overall 5.8 fits/s
shard_k7_023296: 256 fits in 10.9s  psnr_med=37.6dB  overall 5.8 fits/s
shard_k7_023552: 256 fits in 10.5s  psnr_med=37.6dB  overall 5.8 fits/s
shard_k7_023808: 256 fits in 10.8s  psnr_med=37.0dB  overall 5.8 fits/s
shard_k7_024064: 256 fits in 10.4s  psnr_med=37.4dB  overall 5.8 fits/s
shard_k7_024320: 256 fits in 10.6s  psnr_med=37.5dB  overall 5.8 fits/s
shard_k7_024576: 256 fits in 10.7s  psnr_med=37.7dB  overall 5.8 fits/s
shard_k7_024832: 256 fits in 10.7s  psnr_med=37.4dB  overall 5.8 fits/s
shard_k7_025088: 256 fits in 10.7s  psnr_med=37.5dB  overall 5.8 fits/s
shard_k7_025344: 256 fits in 10.3s  psnr_med=37.9dB  overall 5.8 fits/s
shard_k7_025600: 256 fits in 10.7s  psnr_med=37.5dB  overall 5.8 fits/s
shard_k7_025856: 256 fits in 11.5s  psnr_med=37.5dB  overall 5.8 fits/s
shard_k7_026112: 256 fits in 11.6s  psnr_med=37.3dB  overall 5.8 fits/s
shard_k7_026368: 256 fits in 11.1s  psnr_med=36.9dB  overall 5.8 fits/s
shard_k7_026624: 256 fits in 11.5s  psnr_med=37.5dB  overall 5.9 fits/s
shard_k7_026880: 256 fits in 11.8s  psnr_med=37.7dB  overall 5.9 fits/s
shard_k7_027136: 256 fits in 10.7s  psnr_med=37.1dB  overall 5.9 fits/s
shard_k7_027392: 256 fits in 11.3s  psnr_med=37.2dB  overall 5.9 fits/s
shard_k7_027648: 256 fits in 11.8s  psnr_med=37.2dB  overall 5.9 fits/s
shard_k7_027904: 256 fits in 10.8s  psnr_med=37.9dB  overall 5.9 fits/s
shard_k7_028160: 256 fits in 10.5s  psnr_med=37.4dB  overall 5.9 fits/s
shard_k7_028416: 256 fits in 10.8s  psnr_med=37.4dB  overall 5.9 fits/s
shard_k7_028672: 256 fits in 10.4s  psnr_med=37.5dB  overall 5.9 fits/s
shard_k7_028928: 256 fits in 11.6s  psnr_med=36.9dB  overall 5.9 fits/s
shard_k7_029184: 256 fits in 11.0s  psnr_med=37.6dB  overall 5.9 fits/s
shard_k7_029440: 256 fits in 11.2s  psnr_med=37.7dB  overall 5.9 fits/s
shard_k7_029696: 256 fits in 11.0s  psnr_med=37.0dB  overall 5.9 fits/s
shard_k7_029952: 256 fits in 10.8s  psnr_med=37.2dB  overall 5.9 fits/s
shard_k7_030208: 256 fits in 11.3s  psnr_med=37.4dB  overall 5.9 fits/s
shard_k7_030464: 256 fits in 11.0s  psnr_med=37.3dB  overall 5.9 fits/s
shard_k7_030720: 256 fits in 11.0s  psnr_med=37.0dB  overall 5.9 fits/s
shard_k7_030976: 256 fits in 10.7s  psnr_med=37.3dB  overall 5.9 fits/s
shard_k7_031232: 256 fits in 1028.7s  psnr_med=37.0dB  overall 5.8 fits/s
shard_k7_031488: 256 fits in 10.6s  psnr_med=36.9dB  overall 5.8 fits/s
shard_k7_031744: 256 fits in 10.0s  psnr_med=37.6dB  overall 5.8 fits/s
shard_k7_032000: 256 fits in 10.1s  psnr_med=37.3dB  overall 5.8 fits/s
shard_k7_032256: 256 fits in 10.3s  psnr_med=37.5dB  overall 5.8 fits/s
shard_k7_032512: 256 fits in 254.2s  psnr_med=37.2dB  overall 5.8 fits/s
shard_k7_032768: 256 fits in 10.1s  psnr_med=37.8dB  overall 5.8 fits/s
shard_k7_033024: 256 fits in 10.4s  psnr_med=37.6dB  overall 5.8 fits/s
shard_k7_033280: 256 fits in 10.2s  psnr_med=36.9dB  overall 5.8 fits/s
shard_k7_033536: 256 fits in 1032.9s  psnr_med=37.2dB  overall 5.7 fits/s
shard_k7_033792: 256 fits in 10.1s  psnr_med=37.1dB  overall 5.7 fits/s
shard_k7_034048: 256 fits in 10.1s  psnr_med=37.5dB  overall 5.7 fits/s
shard_k7_034304: 256 fits in 10.1s  psnr_med=37.9dB  overall 5.7 fits/s
shard_k7_034560: 256 fits in 958.2s  psnr_med=37.2dB  overall 5.7 fits/s
shard_k7_034816: 256 fits in 9.8s  psnr_med=37.4dB  overall 5.7 fits/s
shard_k7_035072: 256 fits in 10.4s  psnr_med=37.0dB  overall 5.7 fits/s
shard_k7_035328: 256 fits in 10.2s  psnr_med=37.6dB  overall 5.7 fits/s
shard_k7_035584: 256 fits in 10.1s  psnr_med=37.4dB  overall 5.7 fits/s
shard_k7_035840: 256 fits in 978.6s  psnr_med=36.9dB  overall 5.6 fits/s
shard_k7_036096: 256 fits in 10.1s  psnr_med=37.7dB  overall 5.6 fits/s
shard_k7_036352: 256 fits in 10.1s  psnr_med=37.5dB  overall 5.6 fits/s
shard_k7_036608: 256 fits in 10.1s  psnr_med=37.5dB  overall 5.6 fits/s
shard_k7_036864: 256 fits in 554.6s  psnr_med=37.7dB  overall 5.6 fits/s
shard_k7_037120: 256 fits in 10.0s  psnr_med=37.9dB  overall 5.6 fits/s
shard_k7_037376: 256 fits in 10.5s  psnr_med=37.3dB  overall 5.6 fits/s
shard_k7_037632: 256 fits in 10.0s  psnr_med=37.6dB  overall 5.6 fits/s
shard_k7_037888: 256 fits in 1052.0s  psnr_med=37.7dB  overall 5.5 fits/s
shard_k7_038144: 256 fits in 11.1s  psnr_med=37.3dB  overall 5.5 fits/s
shard_k7_038400: 256 fits in 10.0s  psnr_med=37.8dB  overall 5.5 fits/s
shard_k7_038656: 256 fits in 10.1s  psnr_med=37.3dB  overall 5.5 fits/s
shard_k7_038912: 256 fits in 10.1s  psnr_med=37.7dB  overall 5.5 fits/s
shard_k7_039168: 256 fits in 990.0s  psnr_med=37.4dB  overall 5.5 fits/s
shard_k7_039424: 256 fits in 10.6s  psnr_med=37.7dB  overall 5.5 fits/s
shard_k7_039680: 256 fits in 11.2s  psnr_med=36.8dB  overall 5.5 fits/s
shard_k7_039936: 256 fits in 10.0s  psnr_med=37.3dB  overall 5.5 fits/s
shard_k7_040192: 256 fits in 1046.3s  psnr_med=37.6dB  overall 5.4 fits/s
shard_k7_040448: 256 fits in 9.9s  psnr_med=37.3dB  overall 5.4 fits/s
shard_k7_040704: 256 fits in 10.4s  psnr_med=37.1dB  overall 5.4 fits/s
shard_k7_040960: 256 fits in 10.2s  psnr_med=37.5dB  overall 5.4 fits/s
shard_k7_041216: 256 fits in 433.6s  psnr_med=37.3dB  overall 5.4 fits/s
shard_k7_041472: 256 fits in 11.6s  psnr_med=37.4dB  overall 5.4 fits/s
shard_k7_041728: 256 fits in 10.2s  psnr_med=36.9dB  overall 5.4 fits/s
shard_k7_041984: 256 fits in 10.4s  psnr_med=37.7dB  overall 5.4 fits/s
shard_k7_042240: 256 fits in 10.2s  psnr_med=37.5dB  overall 5.4 fits/s
shard_k7_042496: 256 fits in 948.5s  psnr_med=37.4dB  overall 5.3 fits/s
shard_k7_042752: 256 fits in 10.2s  psnr_med=37.4dB  overall 5.3 fits/s
shard_k7_043008: 256 fits in 10.0s  psnr_med=37.8dB  overall 5.3 fits/s
shard_k7_043264: 256 fits in 10.0s  psnr_med=37.5dB  overall 5.3 fits/s
shard_k7_043520: 256 fits in 965.6s  psnr_med=37.4dB  overall 5.3 fits/s
shard_k7_043776: 256 fits in 10.0s  psnr_med=37.7dB  overall 5.3 fits/s
shard_k7_044032: 256 fits in 10.2s  psnr_med=37.3dB  overall 5.3 fits/s
shard_k7_044288: 256 fits in 10.0s  psnr_med=37.2dB  overall 5.3 fits/s
shard_k7_044544: 256 fits in 10.0s  psnr_med=37.5dB  overall 5.3 fits/s
shard_k7_044800: 256 fits in 934.5s  psnr_med=37.1dB  overall 5.2 fits/s
shard_k7_045056: 256 fits in 10.2s  psnr_med=37.4dB  overall 5.2 fits/s
shard_k7_045312: 256 fits in 10.1s  psnr_med=37.1dB  overall 5.2 fits/s
shard_k7_045568: 256 fits in 10.1s  psnr_med=37.2dB  overall 5.2 fits/s
shard_k7_045824: 256 fits in 675.4s  psnr_med=36.9dB  overall 5.2 fits/s
shard_k7_046080: 256 fits in 10.0s  psnr_med=36.9dB  overall 5.2 fits/s
shard_k7_046336: 256 fits in 10.7s  psnr_med=37.7dB  overall 5.2 fits/s
shard_k7_046592: 256 fits in 10.0s  psnr_med=38.0dB  overall 5.2 fits/s
shard_k7_046848: 256 fits in 965.1s  psnr_med=37.3dB  overall 5.2 fits/s
shard_k7_047104: 256 fits in 10.5s  psnr_med=37.2dB  overall 5.2 fits/s
shard_k7_047360: 256 fits in 10.1s  psnr_med=37.5dB  overall 5.2 fits/s
shard_k7_047616: 256 fits in 10.2s  psnr_med=37.9dB  overall 5.2 fits/s
shard_k7_047872: 256 fits in 10.2s  psnr_med=37.8dB  overall 5.2 fits/s
shard_k7_048128: 256 fits in 961.6s  psnr_med=37.5dB  overall 5.1 fits/s
shard_k7_048384: 256 fits in 10.2s  psnr_med=37.2dB  overall 5.1 fits/s
shard_k7_048640: 256 fits in 10.1s  psnr_med=37.8dB  overall 5.1 fits/s
shard_k7_048896: 256 fits in 10.1s  psnr_med=36.8dB  overall 5.1 fits/s
shard_k7_049152: 256 fits in 936.6s  psnr_med=37.1dB  overall 5.1 fits/s
shard_k7_049408: 256 fits in 9.9s  psnr_med=37.6dB  overall 5.1 fits/s
shard_k7_049664: 256 fits in 10.3s  psnr_med=37.3dB  overall 5.1 fits/s
shard_k7_049920: 256 fits in 10.0s  psnr_med=37.7dB  overall 5.1 fits/s
shard_k7_050176: 256 fits in 662.3s  psnr_med=37.4dB  overall 5.0 fits/s
shard_k7_050432: 256 fits in 10.2s  psnr_med=37.5dB  overall 5.0 fits/s
shard_k7_050688: 256 fits in 10.2s  psnr_med=37.4dB  overall 5.0 fits/s
shard_k7_050944: 256 fits in 10.3s  psnr_med=37.3dB  overall 5.0 fits/s
shard_k7_051200: 256 fits in 10.1s  psnr_med=37.5dB  overall 5.0 fits/s
shard_k7_051456: 256 fits in 971.4s  psnr_med=37.7dB  overall 5.0 fits/s
shard_k7_051712: 256 fits in 10.0s  psnr_med=37.4dB  overall 5.0 fits/s
shard_k7_051968: 256 fits in 10.2s  psnr_med=36.9dB  overall 5.0 fits/s
shard_k7_052224: 256 fits in 10.1s  psnr_med=37.4dB  overall 5.0 fits/s
shard_k7_052480: 256 fits in 963.6s  psnr_med=37.2dB  overall 4.9 fits/s
shard_k7_052736: 256 fits in 10.4s  psnr_med=37.6dB  overall 4.9 fits/s
shard_k7_052992: 256 fits in 10.3s  psnr_med=37.4dB  overall 4.9 fits/s
shard_k7_053248: 256 fits in 10.1s  psnr_med=37.2dB  overall 4.9 fits/s
shard_k7_053504: 256 fits in 10.1s  psnr_med=37.4dB  overall 5.0 fits/s
shard_k7_053760: 256 fits in 922.6s  psnr_med=37.3dB  overall 4.9 fits/s
shard_k7_054016: 256 fits in 10.1s  psnr_med=37.3dB  overall 4.9 fits/s
shard_k7_054272: 256 fits in 10.1s  psnr_med=37.4dB  overall 4.9 fits/s
shard_k7_054528: 256 fits in 10.0s  psnr_med=37.6dB  overall 4.9 fits/s
shard_k7_054784: 216 fits in 659.7s  psnr_med=37.3dB  overall 4.9 fits/s
{
  "n_inrs": 440000,
  "psnr_median": 37.46613693237305,
  "psnr_q05": 33.60302257537842,
  "corr_psnr_label": -0.00406775175811103,
  "wallclock_total_s": 90217.21356415749
}
RANDOM-K DONE Sun Jul 19 01:06:48 CEST 2026
=== night chain complete Sun Jul 19 01:06:48 CEST 2026 ===
=== fmnist chain start Sun Jul 19 01:24:09 CEST 2026 ===
shard_000000: 256 fits in 11.4s  psnr_med=43.4dB  overall 22.3 fits/s
shard_000256: 256 fits in 11.3s  psnr_med=43.3dB  overall 22.5 fits/s
shard_000512: 256 fits in 10.5s  psnr_med=43.1dB  overall 23.1 fits/s
shard_000768: 256 fits in 996.2s  psnr_med=43.1dB  overall 1.0 fits/s
shard_001024: 256 fits in 11.0s  psnr_med=43.6dB  overall 1.2 fits/s
shard_001280: 256 fits in 10.1s  psnr_med=42.8dB  overall 1.5 fits/s
shard_001536: 256 fits in 10.5s  psnr_med=43.8dB  overall 1.7 fits/s
shard_001792: 256 fits in 969.1s  psnr_med=43.4dB  overall 1.0 fits/s
shard_002048: 256 fits in 10.7s  psnr_med=43.2dB  overall 1.1 fits/s
shard_002304: 256 fits in 10.5s  psnr_med=43.3dB  overall 1.2 fits/s
shard_002560: 256 fits in 10.6s  psnr_med=42.9dB  overall 1.4 fits/s
shard_002816: 256 fits in 10.5s  psnr_med=43.2dB  overall 1.5 fits/s
shard_003072: 256 fits in 11.3s  psnr_med=43.4dB  overall 1.6 fits/s
shard_003328: 256 fits in 10.5s  psnr_med=43.4dB  overall 1.7 fits/s
shard_003584: 256 fits in 10.4s  psnr_med=43.3dB  overall 1.8 fits/s
shard_003840: 256 fits in 11.3s  psnr_med=43.2dB  overall 1.9 fits/s
shard_004096: 256 fits in 10.5s  psnr_med=43.2dB  overall 2.0 fits/s
shard_004352: 256 fits in 1004.6s  psnr_med=43.2dB  overall 1.5 fits/s
shard_004608: 256 fits in 11.0s  psnr_med=43.7dB  overall 1.5 fits/s
shard_004864: 256 fits in 10.6s  psnr_med=43.6dB  overall 1.6 fits/s
shard_005120: 256 fits in 10.4s  psnr_med=43.8dB  overall 1.7 fits/s
shard_005376: 256 fits in 10.5s  psnr_med=43.3dB  overall 1.8 fits/s
shard_005632: 256 fits in 10.3s  psnr_med=43.4dB  overall 1.8 fits/s
shard_005888: 256 fits in 10.8s  psnr_med=43.2dB  overall 1.9 fits/s
shard_006144: 256 fits in 10.3s  psnr_med=43.5dB  overall 2.0 fits/s
shard_006400: 256 fits in 10.4s  psnr_med=43.1dB  overall 2.1 fits/s
shard_006656: 256 fits in 10.4s  psnr_med=43.2dB  overall 2.1 fits/s
shard_006912: 256 fits in 10.5s  psnr_med=43.1dB  overall 2.2 fits/s
shard_007168: 256 fits in 10.5s  psnr_med=43.6dB  overall 2.3 fits/s
shard_007424: 256 fits in 10.7s  psnr_med=43.1dB  overall 2.4 fits/s
shard_007680: 256 fits in 10.4s  psnr_med=43.5dB  overall 2.4 fits/s
shard_007936: 256 fits in 10.4s  psnr_med=43.3dB  overall 2.5 fits/s
shard_008192: 256 fits in 10.5s  psnr_med=43.6dB  overall 2.6 fits/s
shard_008448: 256 fits in 10.5s  psnr_med=43.6dB  overall 2.6 fits/s
shard_008704: 256 fits in 10.4s  psnr_med=43.3dB  overall 2.7 fits/s
shard_008960: 256 fits in 10.7s  psnr_med=43.1dB  overall 2.8 fits/s
shard_009216: 256 fits in 951.6s  psnr_med=43.4dB  overall 2.2 fits/s
shard_009472: 256 fits in 10.3s  psnr_med=42.8dB  overall 2.3 fits/s
shard_009728: 256 fits in 10.3s  psnr_med=43.0dB  overall 2.3 fits/s
shard_009984: 256 fits in 10.1s  psnr_med=43.8dB  overall 2.4 fits/s
shard_010240: 256 fits in 10.2s  psnr_med=43.0dB  overall 2.4 fits/s
shard_010496: 256 fits in 432.1s  psnr_med=43.4dB  overall 2.3 fits/s
shard_010752: 256 fits in 10.6s  psnr_med=43.2dB  overall 2.3 fits/s
shard_011008: 256 fits in 10.1s  psnr_med=43.0dB  overall 2.4 fits/s
shard_011264: 256 fits in 10.1s  psnr_med=43.2dB  overall 2.4 fits/s
shard_011520: 256 fits in 913.5s  psnr_med=44.0dB  overall 2.1 fits/s
shard_011776: 256 fits in 10.0s  psnr_med=43.4dB  overall 2.1 fits/s
shard_012032: 256 fits in 10.4s  psnr_med=43.9dB  overall 2.2 fits/s
shard_012288: 256 fits in 10.2s  psnr_med=43.2dB  overall 2.2 fits/s
shard_012544: 256 fits in 10.2s  psnr_med=43.5dB  overall 2.2 fits/s
shard_012800: 256 fits in 1041.4s  psnr_med=43.1dB  overall 1.9 fits/s
shard_013056: 256 fits in 10.2s  psnr_med=42.9dB  overall 2.0 fits/s
shard_013312: 256 fits in 10.2s  psnr_med=43.1dB  overall 2.0 fits/s
shard_013568: 256 fits in 10.2s  psnr_med=43.2dB  overall 2.0 fits/s
shard_013824: 256 fits in 942.4s  psnr_med=43.1dB  overall 1.8 fits/s
shard_014080: 256 fits in 10.2s  psnr_med=43.3dB  overall 1.8 fits/s
shard_014336: 256 fits in 10.1s  psnr_med=43.4dB  overall 1.9 fits/s
shard_014592: 256 fits in 10.3s  psnr_med=43.9dB  overall 1.9 fits/s
shard_014848: 256 fits in 959.0s  psnr_med=43.6dB  overall 1.7 fits/s
shard_015104: 256 fits in 10.0s  psnr_med=43.6dB  overall 1.8 fits/s
shard_015360: 256 fits in 10.2s  psnr_med=43.3dB  overall 1.8 fits/s
shard_015616: 256 fits in 10.3s  psnr_med=43.5dB  overall 1.8 fits/s
shard_015872: 256 fits in 10.2s  psnr_med=43.4dB  overall 1.8 fits/s
shard_016128: 256 fits in 955.2s  psnr_med=43.1dB  overall 1.7 fits/s
shard_016384: 256 fits in 10.2s  psnr_med=43.0dB  overall 1.7 fits/s
shard_016640: 256 fits in 10.5s  psnr_med=43.6dB  overall 1.7 fits/s
shard_016896: 256 fits in 10.1s  psnr_med=44.2dB  overall 1.8 fits/s
shard_017152: 256 fits in 968.8s  psnr_med=43.1dB  overall 1.6 fits/s
shard_017408: 256 fits in 10.2s  psnr_med=43.5dB  overall 1.6 fits/s
shard_017664: 256 fits in 10.2s  psnr_med=43.2dB  overall 1.7 fits/s
shard_017920: 256 fits in 10.2s  psnr_med=43.3dB  overall 1.7 fits/s
shard_018176: 256 fits in 10.1s  psnr_med=43.2dB  overall 1.7 fits/s
shard_018432: 256 fits in 924.5s  psnr_med=43.0dB  overall 1.6 fits/s
shard_018688: 256 fits in 10.4s  psnr_med=43.3dB  overall 1.6 fits/s
shard_018944: 256 fits in 10.1s  psnr_med=43.1dB  overall 1.6 fits/s
shard_019200: 256 fits in 10.2s  psnr_med=43.8dB  overall 1.7 fits/s
shard_019456: 256 fits in 1004.1s  psnr_med=43.4dB  overall 1.5 fits/s
shard_019712: 256 fits in 10.0s  psnr_med=43.8dB  overall 1.6 fits/s
shard_019968: 256 fits in 10.6s  psnr_med=43.2dB  overall 1.6 fits/s
shard_020224: 256 fits in 10.6s  psnr_med=43.8dB  overall 1.6 fits/s
shard_020480: 256 fits in 10.3s  psnr_med=43.1dB  overall 1.6 fits/s
shard_020736: 256 fits in 10.6s  psnr_med=43.1dB  overall 1.6 fits/s
shard_020992: 256 fits in 10.6s  psnr_med=43.3dB  overall 1.7 fits/s
shard_021248: 256 fits in 10.5s  psnr_med=43.6dB  overall 1.7 fits/s
shard_021504: 256 fits in 10.3s  psnr_med=43.1dB  overall 1.7 fits/s
shard_021760: 256 fits in 10.2s  psnr_med=43.5dB  overall 1.7 fits/s
shard_022016: 256 fits in 10.2s  psnr_med=43.2dB  overall 1.7 fits/s
shard_022272: 256 fits in 10.3s  psnr_med=43.7dB  overall 1.8 fits/s
shard_022528: 256 fits in 10.2s  psnr_med=43.6dB  overall 1.8 fits/s
shard_022784: 256 fits in 10.2s  psnr_med=43.1dB  overall 1.8 fits/s
shard_023040: 256 fits in 10.1s  psnr_med=43.5dB  overall 1.8 fits/s
shard_023296: 256 fits in 10.2s  psnr_med=43.5dB  overall 1.8 fits/s
shard_023552: 256 fits in 10.2s  psnr_med=43.4dB  overall 1.8 fits/s
shard_023808: 256 fits in 1036.0s  psnr_med=43.5dB  overall 1.7 fits/s
shard_024064: 256 fits in 10.0s  psnr_med=43.3dB  overall 1.7 fits/s
shard_024320: 256 fits in 10.1s  psnr_med=43.5dB  overall 1.8 fits/s
shard_024576: 256 fits in 10.1s  psnr_med=43.5dB  overall 1.8 fits/s
shard_024832: 256 fits in 10.3s  psnr_med=43.6dB  overall 1.8 fits/s
shard_025088: 256 fits in 980.0s  psnr_med=43.0dB  overall 1.7 fits/s
shard_025344: 256 fits in 10.3s  psnr_med=43.4dB  overall 1.7 fits/s
shard_025600: 256 fits in 10.2s  psnr_med=43.2dB  overall 1.7 fits/s
shard_025856: 256 fits in 10.2s  psnr_med=43.3dB  overall 1.7 fits/s
shard_026112: 256 fits in 1004.6s  psnr_med=43.4dB  overall 1.6 fits/s
shard_026368: 256 fits in 10.1s  psnr_med=43.1dB  overall 1.7 fits/s
shard_026624: 256 fits in 10.5s  psnr_med=43.3dB  overall 1.7 fits/s
shard_026880: 256 fits in 10.2s  psnr_med=43.1dB  overall 1.7 fits/s
shard_027136: 256 fits in 916.7s  psnr_med=43.8dB  overall 1.6 fits/s
shard_027392: 256 fits in 10.4s  psnr_med=43.6dB  overall 1.6 fits/s
shard_027648: 256 fits in 10.4s  psnr_med=43.4dB  overall 1.6 fits/s
shard_027904: 256 fits in 10.2s  psnr_med=43.2dB  overall 1.7 fits/s
shard_028160: 256 fits in 10.1s  psnr_med=43.4dB  overall 1.7 fits/s
shard_028416: 256 fits in 933.7s  psnr_med=43.5dB  overall 1.6 fits/s
shard_028672: 256 fits in 10.1s  psnr_med=43.3dB  overall 1.6 fits/s
shard_028928: 256 fits in 10.3s  psnr_med=43.4dB  overall 1.6 fits/s
shard_029184: 256 fits in 10.3s  psnr_med=43.6dB  overall 1.6 fits/s
shard_029440: 256 fits in 949.8s  psnr_med=43.2dB  overall 1.6 fits/s
shard_029696: 256 fits in 10.1s  psnr_med=43.5dB  overall 1.6 fits/s
shard_029952: 256 fits in 10.4s  psnr_med=43.3dB  overall 1.6 fits/s
shard_030208: 256 fits in 10.4s  psnr_med=43.5dB  overall 1.6 fits/s
shard_030464: 256 fits in 974.2s  psnr_med=43.6dB  overall 1.5 fits/s
shard_030720: 256 fits in 10.8s  psnr_med=43.2dB  overall 1.6 fits/s
shard_030976: 256 fits in 10.3s  psnr_med=43.3dB  overall 1.6 fits/s
shard_031232: 256 fits in 10.1s  psnr_med=43.0dB  overall 1.6 fits/s
shard_031488: 256 fits in 10.1s  psnr_med=43.2dB  overall 1.6 fits/s
shard_031744: 256 fits in 95.0s  psnr_med=43.3dB  overall 1.6 fits/s
shard_032000: 256 fits in 10.1s  psnr_med=43.3dB  overall 1.6 fits/s
shard_032256: 256 fits in 10.1s  psnr_med=43.5dB  overall 1.6 fits/s
shard_032512: 256 fits in 10.2s  psnr_med=43.5dB  overall 1.6 fits/s
shard_032768: 256 fits in 984.0s  psnr_med=43.5dB  overall 1.6 fits/s
shard_033024: 256 fits in 10.0s  psnr_med=43.3dB  overall 1.6 fits/s
shard_033280: 256 fits in 10.2s  psnr_med=43.4dB  overall 1.6 fits/s
shard_033536: 256 fits in 10.2s  psnr_med=43.3dB  overall 1.6 fits/s
shard_033792: 256 fits in 10.3s  psnr_med=43.5dB  overall 1.6 fits/s
shard_034048: 256 fits in 945.0s  psnr_med=43.4dB  overall 1.6 fits/s
shard_034304: 256 fits in 11.4s  psnr_med=43.4dB  overall 1.6 fits/s
shard_034560: 256 fits in 10.3s  psnr_med=43.7dB  overall 1.6 fits/s
shard_034816: 256 fits in 10.2s  psnr_med=43.6dB  overall 1.6 fits/s
shard_035072: 256 fits in 929.0s  psnr_med=43.8dB  overall 1.5 fits/s
shard_035328: 256 fits in 10.2s  psnr_med=43.4dB  overall 1.5 fits/s
shard_035584: 256 fits in 10.1s  psnr_med=43.3dB  overall 1.6 fits/s
shard_035840: 256 fits in 10.1s  psnr_med=43.0dB  overall 1.6 fits/s
shard_036096: 256 fits in 666.7s  psnr_med=43.5dB  overall 1.5 fits/s
shard_036352: 256 fits in 10.0s  psnr_med=43.4dB  overall 1.5 fits/s
shard_036608: 256 fits in 10.2s  psnr_med=43.1dB  overall 1.6 fits/s
shard_036864: 256 fits in 10.1s  psnr_med=43.4dB  overall 1.6 fits/s
shard_037120: 256 fits in 10.0s  psnr_med=43.3dB  overall 1.6 fits/s
shard_037376: 256 fits in 1037.7s  psnr_med=42.9dB  overall 1.5 fits/s
shard_037632: 256 fits in 10.1s  psnr_med=42.9dB  overall 1.5 fits/s
shard_037888: 256 fits in 10.1s  psnr_med=43.1dB  overall 1.5 fits/s
shard_038144: 256 fits in 10.2s  psnr_med=43.3dB  overall 1.5 fits/s
shard_038400: 256 fits in 913.4s  psnr_med=43.3dB  overall 1.5 fits/s
shard_038656: 256 fits in 10.1s  psnr_med=43.8dB  overall 1.5 fits/s
shard_038912: 256 fits in 10.2s  psnr_med=43.3dB  overall 1.5 fits/s
shard_039168: 256 fits in 10.4s  psnr_med=43.0dB  overall 1.5 fits/s
shard_039424: 256 fits in 921.2s  psnr_med=43.0dB  overall 1.5 fits/s
shard_039680: 256 fits in 9.9s  psnr_med=43.4dB  overall 1.5 fits/s
shard_039936: 256 fits in 10.2s  psnr_med=43.6dB  overall 1.5 fits/s
shard_040192: 256 fits in 10.5s  psnr_med=43.4dB  overall 1.5 fits/s
shard_040448: 256 fits in 10.3s  psnr_med=43.0dB  overall 1.5 fits/s
shard_040704: 256 fits in 651.7s  psnr_med=43.1dB  overall 1.5 fits/s
shard_040960: 256 fits in 10.1s  psnr_med=43.6dB  overall 1.5 fits/s
shard_041216: 256 fits in 10.1s  psnr_med=43.8dB  overall 1.5 fits/s
shard_041472: 256 fits in 10.0s  psnr_med=43.2dB  overall 1.5 fits/s
shard_041728: 256 fits in 1002.7s  psnr_med=43.3dB  overall 1.5 fits/s
shard_041984: 256 fits in 10.2s  psnr_med=43.2dB  overall 1.5 fits/s
shard_042240: 256 fits in 10.2s  psnr_med=43.7dB  overall 1.5 fits/s
shard_042496: 256 fits in 10.2s  psnr_med=43.4dB  overall 1.5 fits/s
shard_042752: 256 fits in 972.2s  psnr_med=43.5dB  overall 1.5 fits/s
shard_043008: 256 fits in 10.8s  psnr_med=44.0dB  overall 1.5 fits/s
shard_043264: 256 fits in 10.2s  psnr_med=43.7dB  overall 1.5 fits/s
shard_043520: 256 fits in 10.1s  psnr_med=43.1dB  overall 1.5 fits/s
shard_043776: 256 fits in 11.0s  psnr_med=43.7dB  overall 1.5 fits/s
shard_044032: 256 fits in 931.0s  psnr_med=43.2dB  overall 1.5 fits/s
shard_044288: 256 fits in 10.4s  psnr_med=42.8dB  overall 1.5 fits/s
shard_044544: 256 fits in 10.0s  psnr_med=43.7dB  overall 1.5 fits/s
shard_044800: 256 fits in 10.1s  psnr_med=43.2dB  overall 1.5 fits/s
shard_045056: 256 fits in 617.3s  psnr_med=43.2dB  overall 1.5 fits/s
shard_045312: 256 fits in 10.1s  psnr_med=43.2dB  overall 1.5 fits/s
shard_045568: 256 fits in 10.3s  psnr_med=43.1dB  overall 1.5 fits/s
shard_045824: 256 fits in 10.0s  psnr_med=43.1dB  overall 1.5 fits/s
shard_046080: 256 fits in 921.8s  psnr_med=43.0dB  overall 1.4 fits/s
shard_046336: 256 fits in 10.3s  psnr_med=43.3dB  overall 1.5 fits/s
shard_046592: 256 fits in 10.1s  psnr_med=43.4dB  overall 1.5 fits/s
shard_046848: 256 fits in 10.9s  psnr_med=43.3dB  overall 1.5 fits/s
shard_047104: 256 fits in 10.2s  psnr_med=43.7dB  overall 1.5 fits/s
shard_047360: 256 fits in 971.6s  psnr_med=43.4dB  overall 1.4 fits/s
shard_047616: 256 fits in 10.1s  psnr_med=43.1dB  overall 1.5 fits/s
shard_047872: 256 fits in 10.1s  psnr_med=43.5dB  overall 1.5 fits/s
shard_048128: 256 fits in 10.0s  psnr_med=43.5dB  overall 1.5 fits/s
shard_048384: 256 fits in 952.7s  psnr_med=43.5dB  overall 1.4 fits/s
shard_048640: 256 fits in 9.9s  psnr_med=43.4dB  overall 1.4 fits/s
shard_048896: 256 fits in 10.3s  psnr_med=43.7dB  overall 1.4 fits/s
shard_049152: 256 fits in 10.1s  psnr_med=43.0dB  overall 1.5 fits/s
shard_049408: 256 fits in 10.1s  psnr_med=43.6dB  overall 1.5 fits/s
shard_049664: 256 fits in 169.4s  psnr_med=43.6dB  overall 1.5 fits/s
shard_049920: 256 fits in 10.1s  psnr_med=43.5dB  overall 1.5 fits/s
shard_050176: 256 fits in 10.1s  psnr_med=43.3dB  overall 1.5 fits/s
shard_050432: 256 fits in 10.2s  psnr_med=43.2dB  overall 1.5 fits/s
shard_050688: 256 fits in 122.2s  psnr_med=43.2dB  overall 1.5 fits/s
shard_050944: 256 fits in 10.3s  psnr_med=43.5dB  overall 1.5 fits/s
shard_051200: 256 fits in 10.3s  psnr_med=43.5dB  overall 1.5 fits/s
shard_051456: 256 fits in 10.1s  psnr_med=43.4dB  overall 1.5 fits/s
shard_051712: 256 fits in 314.3s  psnr_med=43.6dB  overall 1.5 fits/s
shard_051968: 256 fits in 10.6s  psnr_med=42.9dB  overall 1.5 fits/s
shard_052224: 256 fits in 10.1s  psnr_med=43.1dB  overall 1.5 fits/s
shard_052480: 256 fits in 10.1s  psnr_med=43.3dB  overall 1.5 fits/s
shard_052736: 256 fits in 10.2s  psnr_med=43.1dB  overall 1.5 fits/s
shard_052992: 256 fits in 964.7s  psnr_med=43.3dB  overall 1.5 fits/s
shard_053248: 256 fits in 10.1s  psnr_med=43.6dB  overall 1.5 fits/s
shard_053504: 256 fits in 10.2s  psnr_med=43.4dB  overall 1.5 fits/s
shard_053760: 256 fits in 10.1s  psnr_med=43.6dB  overall 1.5 fits/s
shard_054016: 256 fits in 985.6s  psnr_med=43.6dB  overall 1.5 fits/s
shard_054272: 256 fits in 10.0s  psnr_med=43.8dB  overall 1.5 fits/s
shard_054528: 256 fits in 10.1s  psnr_med=43.1dB  overall 1.5 fits/s
shard_054784: 256 fits in 10.5s  psnr_med=43.3dB  overall 1.5 fits/s
shard_055040: 256 fits in 10.2s  psnr_med=43.6dB  overall 1.5 fits/s
shard_055296: 256 fits in 951.0s  psnr_med=43.6dB  overall 1.5 fits/s
shard_055552: 256 fits in 10.1s  psnr_med=43.6dB  overall 1.5 fits/s
shard_055808: 256 fits in 10.1s  psnr_med=43.2dB  overall 1.5 fits/s
shard_056064: 256 fits in 10.1s  psnr_med=43.6dB  overall 1.5 fits/s
shard_056320: 256 fits in 621.3s  psnr_med=43.1dB  overall 1.5 fits/s
shard_056576: 256 fits in 10.1s  psnr_med=43.2dB  overall 1.5 fits/s
shard_056832: 256 fits in 10.1s  psnr_med=43.7dB  overall 1.5 fits/s
shard_057088: 256 fits in 10.3s  psnr_med=43.0dB  overall 1.5 fits/s
shard_057344: 256 fits in 1004.6s  psnr_med=43.0dB  overall 1.5 fits/s
shard_057600: 256 fits in 11.3s  psnr_med=43.4dB  overall 1.5 fits/s
shard_057856: 256 fits in 10.1s  psnr_med=43.4dB  overall 1.5 fits/s
shard_058112: 256 fits in 10.2s  psnr_med=43.6dB  overall 1.5 fits/s
shard_058368: 256 fits in 10.1s  psnr_med=43.4dB  overall 1.5 fits/s
shard_058624: 256 fits in 1054.0s  psnr_med=43.8dB  overall 1.5 fits/s
shard_058880: 256 fits in 10.3s  psnr_med=43.3dB  overall 1.5 fits/s
shard_059136: 256 fits in 10.0s  psnr_med=43.4dB  overall 1.5 fits/s
shard_059392: 256 fits in 10.7s  psnr_med=43.5dB  overall 1.5 fits/s
shard_059648: 256 fits in 916.9s  psnr_med=43.3dB  overall 1.4 fits/s
shard_059904: 256 fits in 9.9s  psnr_med=43.4dB  overall 1.5 fits/s
shard_060160: 256 fits in 10.2s  psnr_med=43.3dB  overall 1.5 fits/s
shard_060416: 256 fits in 10.1s  psnr_med=43.9dB  overall 1.5 fits/s
shard_060672: 256 fits in 10.2s  psnr_med=43.0dB  overall 1.5 fits/s
shard_060928: 256 fits in 10.7s  psnr_med=43.8dB  overall 1.5 fits/s
shard_061184: 256 fits in 10.2s  psnr_med=43.2dB  overall 1.5 fits/s
shard_061440: 256 fits in 10.1s  psnr_med=43.2dB  overall 1.5 fits/s
shard_061696: 256 fits in 10.1s  psnr_med=43.7dB  overall 1.5 fits/s
shard_061952: 256 fits in 928.5s  psnr_med=43.1dB  overall 1.4 fits/s
shard_062208: 256 fits in 10.0s  psnr_med=43.4dB  overall 1.5 fits/s
shard_062464: 256 fits in 10.6s  psnr_med=43.5dB  overall 1.5 fits/s
shard_062720: 256 fits in 10.1s  psnr_med=43.9dB  overall 1.5 fits/s
shard_062976: 256 fits in 1047.8s  psnr_med=43.6dB  overall 1.4 fits/s
shard_063232: 256 fits in 10.6s  psnr_med=43.4dB  overall 1.4 fits/s
shard_063488: 256 fits in 11.5s  psnr_med=43.3dB  overall 1.4 fits/s
shard_063744: 256 fits in 10.1s  psnr_med=43.3dB  overall 1.5 fits/s
shard_064000: 256 fits in 913.9s  psnr_med=43.3dB  overall 1.4 fits/s
shard_064256: 256 fits in 10.1s  psnr_med=43.4dB  overall 1.4 fits/s
shard_064512: 256 fits in 10.9s  psnr_med=43.6dB  overall 1.4 fits/s
shard_064768: 256 fits in 10.4s  psnr_med=43.2dB  overall 1.4 fits/s
shard_065024: 256 fits in 11.2s  psnr_med=43.1dB  overall 1.4 fits/s
shard_065280: 256 fits in 634.7s  psnr_med=43.4dB  overall 1.4 fits/s
shard_065536: 256 fits in 10.7s  psnr_med=43.2dB  overall 1.4 fits/s
shard_065792: 256 fits in 10.0s  psnr_med=43.2dB  overall 1.4 fits/s
shard_066048: 256 fits in 12.0s  psnr_med=43.6dB  overall 1.5 fits/s
shard_066304: 256 fits in 12.9s  psnr_med=43.2dB  overall 1.5 fits/s
shard_066560: 256 fits in 986.4s  psnr_med=43.1dB  overall 1.4 fits/s
shard_066816: 256 fits in 10.4s  psnr_med=43.8dB  overall 1.4 fits/s
shard_067072: 256 fits in 10.9s  psnr_med=43.7dB  overall 1.4 fits/s
shard_067328: 256 fits in 10.9s  psnr_med=43.5dB  overall 1.4 fits/s
shard_067584: 256 fits in 10.6s  psnr_med=43.2dB  overall 1.5 fits/s
shard_067840: 256 fits in 10.6s  psnr_med=43.6dB  overall 1.5 fits/s
shard_068096: 256 fits in 998.1s  psnr_med=43.5dB  overall 1.4 fits/s
shard_068352: 256 fits in 10.7s  psnr_med=43.4dB  overall 1.4 fits/s
shard_068608: 256 fits in 10.7s  psnr_med=43.5dB  overall 1.4 fits/s
shard_068864: 256 fits in 10.4s  psnr_med=43.5dB  overall 1.4 fits/s
shard_069120: 256 fits in 12.0s  psnr_med=43.4dB  overall 1.5 fits/s
shard_069376: 256 fits in 10.8s  psnr_med=43.3dB  overall 1.5 fits/s
shard_069632: 256 fits in 10.9s  psnr_med=43.5dB  overall 1.5 fits/s
shard_069888: 112 fits in 4.7s  psnr_med=44.0dB  overall 1.5 fits/s
{
  "n_inrs": 70000,
  "psnr_median": 43.371002197265625,
  "psnr_q05": 39.051693534851076,
  "corr_psnr_label": -0.06358271909543987,
  "wallclock_total_s": 47815.45004105568
}
FMNIST DET DONE Sun Jul 19 14:41:06 CEST 2026
shard_000000: 256 fits in 11.0s  psnr_med=43.0dB  overall 23.2 fits/s
shard_000256: 256 fits in 10.8s  psnr_med=42.0dB  overall 23.5 fits/s
shard_000512: 256 fits in 10.9s  psnr_med=42.5dB  overall 23.4 fits/s
shard_000768: 256 fits in 10.8s  psnr_med=42.4dB  overall 23.5 fits/s
shard_001024: 256 fits in 10.7s  psnr_med=42.7dB  overall 23.6 fits/s
shard_001280: 256 fits in 10.6s  psnr_med=42.0dB  overall 23.7 fits/s
shard_001536: 256 fits in 10.9s  psnr_med=42.5dB  overall 23.6 fits/s
shard_001792: 256 fits in 10.8s  psnr_med=42.2dB  overall 23.6 fits/s
shard_002048: 256 fits in 10.9s  psnr_med=43.0dB  overall 23.6 fits/s
shard_002304: 256 fits in 11.1s  psnr_med=42.0dB  overall 23.6 fits/s
shard_002560: 256 fits in 10.9s  psnr_med=42.7dB  overall 23.5 fits/s
shard_002816: 256 fits in 10.8s  psnr_med=41.9dB  overall 23.6 fits/s
shard_003072: 256 fits in 10.9s  psnr_med=42.8dB  overall 23.5 fits/s
shard_003328: 256 fits in 11.0s  psnr_med=42.8dB  overall 23.5 fits/s
shard_003584: 256 fits in 11.0s  psnr_med=42.4dB  overall 23.5 fits/s
shard_003840: 256 fits in 11.1s  psnr_med=42.9dB  overall 23.5 fits/s
shard_004096: 256 fits in 11.2s  psnr_med=42.5dB  overall 23.4 fits/s
shard_004352: 256 fits in 11.0s  psnr_med=42.0dB  overall 23.4 fits/s
shard_004608: 256 fits in 11.0s  psnr_med=42.5dB  overall 23.4 fits/s
shard_004864: 256 fits in 11.0s  psnr_med=42.3dB  overall 23.4 fits/s
shard_005120: 256 fits in 11.2s  psnr_med=42.7dB  overall 23.4 fits/s
shard_005376: 256 fits in 11.1s  psnr_med=42.4dB  overall 23.4 fits/s
shard_005632: 256 fits in 11.2s  psnr_med=42.3dB  overall 23.3 fits/s
shard_005888: 256 fits in 11.1s  psnr_med=42.4dB  overall 23.3 fits/s
shard_006144: 256 fits in 11.3s  psnr_med=42.2dB  overall 23.3 fits/s
shard_006400: 256 fits in 11.1s  psnr_med=42.5dB  overall 23.3 fits/s
shard_006656: 256 fits in 11.4s  psnr_med=43.0dB  overall 23.3 fits/s
shard_006912: 256 fits in 11.1s  psnr_med=42.5dB  overall 23.3 fits/s
shard_007168: 256 fits in 10.8s  psnr_med=42.5dB  overall 23.3 fits/s
shard_007424: 256 fits in 10.9s  psnr_med=42.6dB  overall 23.3 fits/s
shard_007680: 256 fits in 10.8s  psnr_med=42.8dB  overall 23.3 fits/s
shard_007936: 256 fits in 10.8s  psnr_med=42.7dB  overall 23.3 fits/s
shard_008192: 256 fits in 10.4s  psnr_med=42.6dB  overall 23.3 fits/s
shard_008448: 256 fits in 10.4s  psnr_med=42.1dB  overall 23.4 fits/s
shard_008704: 256 fits in 10.3s  psnr_med=42.3dB  overall 23.4 fits/s
shard_008960: 256 fits in 10.7s  psnr_med=42.2dB  overall 23.4 fits/s
shard_009216: 256 fits in 10.6s  psnr_med=42.6dB  overall 23.4 fits/s
shard_009472: 256 fits in 11.2s  psnr_med=42.7dB  overall 23.4 fits/s
shard_009728: 256 fits in 11.0s  psnr_med=42.4dB  overall 23.4 fits/s
shard_009984: 256 fits in 10.8s  psnr_med=41.9dB  overall 23.4 fits/s
shard_010240: 256 fits in 11.0s  psnr_med=42.4dB  overall 23.4 fits/s
shard_010496: 256 fits in 11.1s  psnr_med=42.7dB  overall 23.4 fits/s
shard_010752: 256 fits in 11.0s  psnr_med=42.3dB  overall 23.4 fits/s
shard_011008: 256 fits in 10.9s  psnr_med=42.1dB  overall 23.4 fits/s
shard_011264: 256 fits in 10.6s  psnr_med=42.7dB  overall 23.4 fits/s
shard_011520: 256 fits in 953.0s  psnr_med=43.3dB  overall 8.2 fits/s
shard_011776: 256 fits in 10.1s  psnr_med=42.2dB  overall 8.3 fits/s
shard_012032: 256 fits in 10.1s  psnr_med=42.7dB  overall 8.4 fits/s
shard_012288: 256 fits in 10.1s  psnr_med=42.7dB  overall 8.5 fits/s
shard_012544: 256 fits in 1009.8s  psnr_med=43.2dB  overall 5.2 fits/s
shard_012800: 256 fits in 10.3s  psnr_med=43.1dB  overall 5.2 fits/s
shard_013056: 256 fits in 10.4s  psnr_med=42.6dB  overall 5.3 fits/s
shard_013312: 256 fits in 10.3s  psnr_med=42.1dB  overall 5.4 fits/s
shard_013568: 256 fits in 10.2s  psnr_med=42.6dB  overall 5.5 fits/s
shard_013824: 256 fits in 940.5s  psnr_med=42.6dB  overall 4.1 fits/s
shard_014080: 256 fits in 10.2s  psnr_med=42.5dB  overall 4.1 fits/s
shard_014336: 256 fits in 10.0s  psnr_med=42.4dB  overall 4.2 fits/s
shard_014592: 256 fits in 10.6s  psnr_med=43.2dB  overall 4.2 fits/s
shard_014848: 256 fits in 985.1s  psnr_med=42.6dB  overall 3.4 fits/s
shard_015104: 256 fits in 10.3s  psnr_med=41.8dB  overall 3.4 fits/s
shard_015360: 256 fits in 10.4s  psnr_med=42.1dB  overall 3.5 fits/s
shard_015616: 256 fits in 10.6s  psnr_med=42.3dB  overall 3.5 fits/s
shard_015872: 256 fits in 10.5s  psnr_med=42.2dB  overall 3.6 fits/s
shard_016128: 256 fits in 10.9s  psnr_med=41.8dB  overall 3.6 fits/s
shard_016384: 256 fits in 10.8s  psnr_med=42.4dB  overall 3.7 fits/s
shard_016640: 256 fits in 10.6s  psnr_med=42.9dB  overall 3.7 fits/s
shard_016896: 256 fits in 10.7s  psnr_med=42.8dB  overall 3.8 fits/s
shard_017152: 256 fits in 10.5s  psnr_med=42.1dB  overall 3.8 fits/s
shard_017408: 256 fits in 10.7s  psnr_med=42.5dB  overall 3.8 fits/s
shard_017664: 256 fits in 11.2s  psnr_med=42.2dB  overall 3.9 fits/s
shard_017920: 256 fits in 10.4s  psnr_med=42.4dB  overall 3.9 fits/s
shard_018176: 256 fits in 10.8s  psnr_med=43.1dB  overall 4.0 fits/s
shard_018432: 256 fits in 11.8s  psnr_med=42.3dB  overall 4.0 fits/s
shard_018688: 256 fits in 11.0s  psnr_med=42.7dB  overall 4.1 fits/s
shard_018944: 256 fits in 11.1s  psnr_med=42.8dB  overall 4.1 fits/s
shard_019200: 256 fits in 11.0s  psnr_med=42.7dB  overall 4.2 fits/s
shard_019456: 256 fits in 11.1s  psnr_med=42.9dB  overall 4.2 fits/s
shard_019712: 256 fits in 11.0s  psnr_med=43.2dB  overall 4.3 fits/s
shard_019968: 256 fits in 11.0s  psnr_med=43.2dB  overall 4.3 fits/s
shard_020224: 256 fits in 10.9s  psnr_med=42.4dB  overall 4.3 fits/s
shard_020480: 256 fits in 10.8s  psnr_med=42.0dB  overall 4.4 fits/s
shard_020736: 256 fits in 11.2s  psnr_med=42.7dB  overall 4.4 fits/s
shard_020992: 256 fits in 10.6s  psnr_med=42.2dB  overall 4.5 fits/s
shard_021248: 256 fits in 10.6s  psnr_med=42.7dB  overall 4.5 fits/s
shard_021504: 256 fits in 10.3s  psnr_med=42.6dB  overall 4.6 fits/s
shard_021760: 256 fits in 10.7s  psnr_med=42.5dB  overall 4.6 fits/s
shard_022016: 256 fits in 10.7s  psnr_med=42.3dB  overall 4.7 fits/s
shard_022272: 256 fits in 10.8s  psnr_med=42.6dB  overall 4.7 fits/s
shard_022528: 256 fits in 11.1s  psnr_med=42.7dB  overall 4.7 fits/s
shard_022784: 256 fits in 11.1s  psnr_med=42.4dB  overall 4.8 fits/s
shard_023040: 256 fits in 11.1s  psnr_med=42.9dB  overall 4.8 fits/s
shard_023296: 256 fits in 11.3s  psnr_med=42.7dB  overall 4.9 fits/s
shard_023552: 256 fits in 11.1s  psnr_med=42.6dB  overall 4.9 fits/s
shard_023808: 256 fits in 10.8s  psnr_med=42.2dB  overall 4.9 fits/s
shard_024064: 256 fits in 11.0s  psnr_med=42.2dB  overall 5.0 fits/s
shard_024320: 256 fits in 10.6s  psnr_med=42.6dB  overall 5.0 fits/s
shard_024576: 256 fits in 220.2s  psnr_med=42.7dB  overall 4.9 fits/s
shard_024832: 256 fits in 10.3s  psnr_med=42.8dB  overall 4.9 fits/s
shard_025088: 256 fits in 10.2s  psnr_med=42.5dB  overall 4.9 fits/s
shard_025344: 256 fits in 10.1s  psnr_med=42.1dB  overall 5.0 fits/s
shard_025600: 256 fits in 949.9s  psnr_med=41.9dB  overall 4.2 fits/s
shard_025856: 256 fits in 10.7s  psnr_med=42.2dB  overall 4.3 fits/s
shard_026112: 256 fits in 10.2s  psnr_med=42.5dB  overall 4.3 fits/s
shard_026368: 256 fits in 10.2s  psnr_med=42.2dB  overall 4.4 fits/s
shard_026624: 256 fits in 10.1s  psnr_med=42.0dB  overall 4.4 fits/s
shard_026880: 256 fits in 981.2s  psnr_med=42.4dB  overall 3.8 fits/s
shard_027136: 256 fits in 10.1s  psnr_med=42.6dB  overall 3.8 fits/s
shard_027392: 256 fits in 10.6s  psnr_med=42.4dB  overall 3.9 fits/s
shard_027648: 256 fits in 10.1s  psnr_med=42.6dB  overall 3.9 fits/s
shard_027904: 256 fits in 928.8s  psnr_med=42.3dB  overall 3.5 fits/s
shard_028160: 256 fits in 9.8s  psnr_med=43.0dB  overall 3.5 fits/s
shard_028416: 256 fits in 10.2s  psnr_med=42.5dB  overall 3.5 fits/s
shard_028672: 256 fits in 10.1s  psnr_med=42.4dB  overall 3.6 fits/s
shard_028928: 256 fits in 10.1s  psnr_med=42.6dB  overall 3.6 fits/s
shard_029184: 256 fits in 662.2s  psnr_med=42.6dB  overall 3.4 fits/s
shard_029440: 256 fits in 10.2s  psnr_med=42.6dB  overall 3.4 fits/s
shard_029696: 256 fits in 10.1s  psnr_med=43.1dB  overall 3.4 fits/s
shard_029952: 256 fits in 10.4s  psnr_med=42.2dB  overall 3.4 fits/s
shard_030208: 256 fits in 10.1s  psnr_med=42.6dB  overall 3.5 fits/s
shard_030464: 256 fits in 10.4s  psnr_med=42.5dB  overall 3.5 fits/s
shard_030720: 256 fits in 945.2s  psnr_med=42.4dB  overall 3.2 fits/s
shard_030976: 256 fits in 10.0s  psnr_med=42.8dB  overall 3.2 fits/s
shard_031232: 256 fits in 10.5s  psnr_med=41.7dB  overall 3.2 fits/s
shard_031488: 256 fits in 10.4s  psnr_med=43.1dB  overall 3.2 fits/s
shard_031744: 256 fits in 934.4s  psnr_med=42.6dB  overall 3.0 fits/s
shard_032000: 256 fits in 10.1s  psnr_med=43.1dB  overall 3.0 fits/s
shard_032256: 256 fits in 10.4s  psnr_med=42.3dB  overall 3.0 fits/s
shard_032512: 256 fits in 10.1s  psnr_med=42.7dB  overall 3.0 fits/s
shard_032768: 256 fits in 10.1s  psnr_med=42.7dB  overall 3.1 fits/s
shard_033024: 256 fits in 1015.2s  psnr_med=42.7dB  overall 2.8 fits/s
shard_033280: 256 fits in 10.1s  psnr_med=42.5dB  overall 2.8 fits/s
shard_033536: 256 fits in 10.1s  psnr_med=42.0dB  overall 2.9 fits/s
shard_033792: 256 fits in 10.1s  psnr_med=42.9dB  overall 2.9 fits/s
shard_034048: 256 fits in 610.9s  psnr_med=42.9dB  overall 2.8 fits/s
shard_034304: 256 fits in 10.1s  psnr_med=42.5dB  overall 2.8 fits/s
shard_034560: 256 fits in 10.2s  psnr_med=43.3dB  overall 2.8 fits/s
shard_034816: 256 fits in 10.1s  psnr_med=42.8dB  overall 2.8 fits/s
shard_035072: 256 fits in 962.1s  psnr_med=42.5dB  overall 2.6 fits/s
shard_035328: 256 fits in 11.4s  psnr_med=42.2dB  overall 2.6 fits/s
shard_035584: 256 fits in 10.2s  psnr_med=42.4dB  overall 2.7 fits/s
shard_035840: 256 fits in 10.1s  psnr_med=42.8dB  overall 2.7 fits/s
shard_036096: 256 fits in 10.4s  psnr_med=43.2dB  overall 2.7 fits/s
shard_036352: 256 fits in 994.2s  psnr_med=42.7dB  overall 2.5 fits/s
shard_036608: 256 fits in 10.1s  psnr_med=42.7dB  overall 2.5 fits/s
shard_036864: 256 fits in 10.0s  psnr_med=43.0dB  overall 2.6 fits/s
shard_037120: 256 fits in 10.3s  psnr_med=42.1dB  overall 2.6 fits/s
shard_037376: 256 fits in 991.8s  psnr_med=41.5dB  overall 2.4 fits/s
shard_037632: 256 fits in 10.2s  psnr_med=42.5dB  overall 2.4 fits/s
shard_037888: 256 fits in 10.4s  psnr_med=42.5dB  overall 2.5 fits/s
shard_038144: 256 fits in 10.0s  psnr_med=42.4dB  overall 2.5 fits/s
shard_038400: 256 fits in 573.7s  psnr_med=42.3dB  overall 2.4 fits/s
shard_038656: 256 fits in 10.9s  psnr_med=42.8dB  overall 2.4 fits/s
shard_038912: 256 fits in 10.1s  psnr_med=42.7dB  overall 2.4 fits/s
shard_039168: 256 fits in 10.3s  psnr_med=42.4dB  overall 2.4 fits/s
shard_039424: 256 fits in 10.3s  psnr_med=42.3dB  overall 2.5 fits/s
shard_039680: 256 fits in 995.8s  psnr_med=42.4dB  overall 2.3 fits/s
shard_039936: 256 fits in 10.1s  psnr_med=42.6dB  overall 2.3 fits/s
shard_040192: 256 fits in 10.5s  psnr_med=42.3dB  overall 2.4 fits/s
shard_040448: 256 fits in 10.2s  psnr_med=42.3dB  overall 2.4 fits/s
shard_040704: 256 fits in 938.9s  psnr_med=42.2dB  overall 2.3 fits/s
shard_040960: 256 fits in 10.2s  psnr_med=42.6dB  overall 2.3 fits/s
shard_041216: 256 fits in 10.2s  psnr_med=42.3dB  overall 2.3 fits/s
shard_041472: 256 fits in 10.2s  psnr_med=42.2dB  overall 2.3 fits/s
shard_041728: 256 fits in 10.1s  psnr_med=42.4dB  overall 2.2 fits/s
shard_041984: 256 fits in 11.2s  psnr_med=42.8dB  overall 2.2 fits/s
shard_042240: 256 fits in 10.4s  psnr_med=43.0dB  overall 2.2 fits/s
shard_042496: 256 fits in 10.1s  psnr_med=42.1dB  overall 2.2 fits/s
shard_042752: 256 fits in 10.1s  psnr_med=42.4dB  overall 2.3 fits/s
shard_043008: 256 fits in 640.4s  psnr_med=43.2dB  overall 2.2 fits/s
shard_043264: 256 fits in 10.1s  psnr_med=42.4dB  overall 2.2 fits/s
shard_043520: 256 fits in 10.3s  psnr_med=42.4dB  overall 2.2 fits/s
shard_043776: 256 fits in 10.3s  psnr_med=43.0dB  overall 2.2 fits/s
shard_044032: 256 fits in 1009.6s  psnr_med=42.5dB  overall 2.1 fits/s
shard_044288: 256 fits in 10.0s  psnr_med=42.3dB  overall 2.1 fits/s
shard_044544: 256 fits in 10.2s  psnr_med=42.4dB  overall 2.2 fits/s
shard_044800: 256 fits in 10.1s  psnr_med=42.4dB  overall 2.2 fits/s
shard_045056: 256 fits in 10.3s  psnr_med=42.9dB  overall 2.2 fits/s
shard_045312: 256 fits in 998.2s  psnr_med=42.5dB  overall 2.1 fits/s
shard_045568: 256 fits in 10.2s  psnr_med=42.8dB  overall 2.1 fits/s
shard_045824: 256 fits in 10.4s  psnr_med=42.0dB  overall 2.1 fits/s
shard_046080: 256 fits in 10.2s  psnr_med=42.4dB  overall 2.1 fits/s
shard_046336: 256 fits in 1028.4s  psnr_med=42.7dB  overall 2.0 fits/s
shard_046592: 256 fits in 10.2s  psnr_med=42.3dB  overall 2.0 fits/s
shard_046848: 256 fits in 10.3s  psnr_med=42.8dB  overall 2.1 fits/s
shard_047104: 256 fits in 10.2s  psnr_med=42.6dB  overall 2.1 fits/s
shard_047360: 256 fits in 488.7s  psnr_med=42.8dB  overall 2.0 fits/s
shard_047616: 256 fits in 10.1s  psnr_med=42.5dB  overall 2.0 fits/s
shard_047872: 256 fits in 10.2s  psnr_med=42.8dB  overall 2.1 fits/s
shard_048128: 256 fits in 10.1s  psnr_med=42.3dB  overall 2.1 fits/s
shard_048384: 256 fits in 10.1s  psnr_med=42.8dB  overall 2.1 fits/s
shard_048640: 256 fits in 922.8s  psnr_med=42.8dB  overall 2.0 fits/s
shard_048896: 256 fits in 10.3s  psnr_med=43.0dB  overall 2.0 fits/s
shard_049152: 256 fits in 9.9s  psnr_med=42.9dB  overall 2.0 fits/s
shard_049408: 256 fits in 10.7s  psnr_med=43.2dB  overall 2.0 fits/s
shard_049664: 256 fits in 976.0s  psnr_med=42.6dB  overall 2.0 fits/s
shard_049920: 256 fits in 10.1s  psnr_med=42.5dB  overall 2.0 fits/s
shard_050176: 256 fits in 10.2s  psnr_med=42.3dB  overall 2.0 fits/s
shard_050432: 256 fits in 10.2s  psnr_med=42.5dB  overall 2.0 fits/s
shard_050688: 256 fits in 1054.7s  psnr_med=42.5dB  overall 1.9 fits/s
shard_050944: 256 fits in 10.8s  psnr_med=42.5dB  overall 1.9 fits/s
shard_051200: 256 fits in 10.1s  psnr_med=42.7dB  overall 1.9 fits/s
shard_051456: 256 fits in 10.1s  psnr_med=43.5dB  overall 2.0 fits/s
shard_051712: 256 fits in 10.2s  psnr_med=43.0dB  overall 2.0 fits/s
shard_051968: 256 fits in 568.2s  psnr_med=42.3dB  overall 1.9 fits/s
shard_052224: 256 fits in 10.1s  psnr_med=42.5dB  overall 1.9 fits/s
shard_052480: 256 fits in 10.1s  psnr_med=42.6dB  overall 1.9 fits/s
shard_052736: 256 fits in 10.2s  psnr_med=42.4dB  overall 2.0 fits/s
shard_052992: 256 fits in 1003.6s  psnr_med=42.7dB  overall 1.9 fits/s
shard_053248: 256 fits in 10.1s  psnr_med=42.3dB  overall 1.9 fits/s
shard_053504: 256 fits in 10.3s  psnr_med=42.5dB  overall 1.9 fits/s
shard_053760: 256 fits in 10.3s  psnr_med=42.9dB  overall 1.9 fits/s
shard_054016: 256 fits in 10.2s  psnr_med=42.8dB  overall 1.9 fits/s
shard_054272: 256 fits in 983.1s  psnr_med=43.0dB  overall 1.9 fits/s
shard_054528: 256 fits in 10.0s  psnr_med=42.4dB  overall 1.9 fits/s
shard_054784: 256 fits in 10.2s  psnr_med=42.4dB  overall 1.9 fits/s
shard_055040: 256 fits in 10.1s  psnr_med=42.3dB  overall 1.9 fits/s
shard_055296: 256 fits in 1011.8s  psnr_med=42.8dB  overall 1.8 fits/s
shard_055552: 256 fits in 10.0s  psnr_med=43.2dB  overall 1.8 fits/s
shard_055808: 256 fits in 10.2s  psnr_med=42.3dB  overall 1.9 fits/s
shard_056064: 256 fits in 11.0s  psnr_med=42.1dB  overall 1.9 fits/s
shard_056320: 256 fits in 524.7s  psnr_med=42.8dB  overall 1.8 fits/s
shard_056576: 256 fits in 10.6s  psnr_med=42.1dB  overall 1.8 fits/s
shard_056832: 256 fits in 10.5s  psnr_med=42.5dB  overall 1.9 fits/s
shard_057088: 256 fits in 10.1s  psnr_med=42.6dB  overall 1.9 fits/s
shard_057344: 256 fits in 10.2s  psnr_med=42.3dB  overall 1.9 fits/s
shard_057600: 256 fits in 921.4s  psnr_med=42.6dB  overall 1.8 fits/s
shard_057856: 256 fits in 10.1s  psnr_med=42.3dB  overall 1.8 fits/s
shard_058112: 256 fits in 10.3s  psnr_med=43.1dB  overall 1.8 fits/s
shard_058368: 256 fits in 10.6s  psnr_med=42.3dB  overall 1.8 fits/s
shard_058624: 256 fits in 943.3s  psnr_med=42.7dB  overall 1.8 fits/s
shard_058880: 256 fits in 10.1s  psnr_med=42.8dB  overall 1.8 fits/s
shard_059136: 256 fits in 10.5s  psnr_med=43.0dB  overall 1.8 fits/s
shard_059392: 256 fits in 10.1s  psnr_med=43.0dB  overall 1.8 fits/s
shard_059648: 256 fits in 10.1s  psnr_med=42.2dB  overall 1.8 fits/s
shard_059904: 256 fits in 930.7s  psnr_med=42.7dB  overall 1.8 fits/s
shard_060160: 256 fits in 10.2s  psnr_med=42.2dB  overall 1.8 fits/s
shard_060416: 256 fits in 10.1s  psnr_med=43.1dB  overall 1.8 fits/s
shard_060672: 256 fits in 10.3s  psnr_med=42.4dB  overall 1.8 fits/s
shard_060928: 256 fits in 729.4s  psnr_med=43.1dB  overall 1.8 fits/s
shard_061184: 256 fits in 10.3s  psnr_med=42.7dB  overall 1.8 fits/s
shard_061440: 256 fits in 10.3s  psnr_med=42.3dB  overall 1.8 fits/s
shard_061696: 256 fits in 10.2s  psnr_med=42.7dB  overall 1.8 fits/s
shard_061952: 256 fits in 921.5s  psnr_med=42.7dB  overall 1.8 fits/s
shard_062208: 256 fits in 9.8s  psnr_med=42.7dB  overall 1.8 fits/s
shard_062464: 256 fits in 10.5s  psnr_med=42.5dB  overall 1.8 fits/s
shard_062720: 256 fits in 10.1s  psnr_med=43.1dB  overall 1.8 fits/s
shard_062976: 256 fits in 10.3s  psnr_med=42.5dB  overall 1.8 fits/s
shard_063232: 256 fits in 970.2s  psnr_med=42.9dB  overall 1.7 fits/s
shard_063488: 256 fits in 10.4s  psnr_med=42.8dB  overall 1.8 fits/s
shard_063744: 256 fits in 10.0s  psnr_med=42.4dB  overall 1.8 fits/s
shard_064000: 256 fits in 10.1s  psnr_med=42.2dB  overall 1.8 fits/s
shard_064256: 256 fits in 945.0s  psnr_med=42.7dB  overall 1.7 fits/s
shard_064512: 256 fits in 10.1s  psnr_med=42.1dB  overall 1.7 fits/s
shard_064768: 256 fits in 10.2s  psnr_med=43.0dB  overall 1.7 fits/s
shard_065024: 256 fits in 10.2s  psnr_med=42.5dB  overall 1.7 fits/s
shard_065280: 256 fits in 1019.6s  psnr_med=42.7dB  overall 1.7 fits/s
shard_065536: 256 fits in 13.1s  psnr_med=42.5dB  overall 1.7 fits/s
shard_065792: 256 fits in 11.4s  psnr_med=42.8dB  overall 1.7 fits/s
shard_066048: 256 fits in 10.0s  psnr_med=42.5dB  overall 1.7 fits/s
shard_066304: 256 fits in 932.2s  psnr_med=41.9dB  overall 1.7 fits/s
shard_066560: 256 fits in 11.3s  psnr_med=42.5dB  overall 1.7 fits/s
shard_066816: 256 fits in 10.4s  psnr_med=42.8dB  overall 1.7 fits/s
shard_067072: 256 fits in 10.1s  psnr_med=43.1dB  overall 1.7 fits/s
shard_067328: 256 fits in 10.3s  psnr_med=42.4dB  overall 1.7 fits/s
shard_067584: 256 fits in 890.5s  psnr_med=42.3dB  overall 1.7 fits/s
shard_067840: 256 fits in 10.2s  psnr_med=42.9dB  overall 1.7 fits/s
shard_068096: 256 fits in 10.0s  psnr_med=42.8dB  overall 1.7 fits/s
shard_068352: 256 fits in 10.2s  psnr_med=42.3dB  overall 1.7 fits/s
shard_068608: 256 fits in 992.8s  psnr_med=41.9dB  overall 1.7 fits/s
shard_068864: 256 fits in 10.0s  psnr_med=42.6dB  overall 1.7 fits/s
shard_069120: 256 fits in 10.3s  psnr_med=42.7dB  overall 1.7 fits/s
shard_069376: 256 fits in 10.3s  psnr_med=42.5dB  overall 1.7 fits/s
shard_069632: 256 fits in 10.0s  psnr_med=42.9dB  overall 1.7 fits/s
shard_069888: 112 fits in 1008.3s  psnr_med=42.6dB  overall 1.7 fits/s
{
  "n_inrs": 70000,
  "psnr_median": 42.559505462646484,
  "psnr_q05": 36.05852146148682,
  "corr_psnr_label": -0.12068096081508077,
  "wallclock_total_s": 42360.17328476906
}
FMNIST RANDOM DONE Mon Jul 20 02:27:07 CEST 2026
shard_000000: 256 fits in 3.8s  psnr_med=34.4dB  overall 66.2 fits/s
shard_000256: 256 fits in 3.8s  psnr_med=34.1dB  overall 66.9 fits/s
shard_000512: 256 fits in 3.3s  psnr_med=34.2dB  overall 69.8 fits/s
shard_000768: 256 fits in 3.4s  psnr_med=34.1dB  overall 71.1 fits/s
shard_001024: 256 fits in 3.2s  psnr_med=34.0dB  overall 72.8 fits/s
shard_001280: 256 fits in 3.1s  psnr_med=33.9dB  overall 74.1 fits/s
shard_001536: 256 fits in 3.3s  psnr_med=34.2dB  overall 74.7 fits/s
shard_001792: 256 fits in 3.5s  psnr_med=34.1dB  overall 74.5 fits/s
shard_002048: 256 fits in 3.7s  psnr_med=34.1dB  overall 73.8 fits/s
shard_002304: 256 fits in 3.4s  psnr_med=34.2dB  overall 74.0 fits/s
shard_002560: 256 fits in 4.4s  psnr_med=33.9dB  overall 72.2 fits/s
shard_002816: 256 fits in 926.3s  psnr_med=34.0dB  overall 3.2 fits/s
shard_003072: 256 fits in 3.7s  psnr_med=34.1dB  overall 3.4 fits/s
shard_003328: 256 fits in 3.8s  psnr_med=34.1dB  overall 3.7 fits/s
shard_003584: 256 fits in 3.5s  psnr_med=33.8dB  overall 3.9 fits/s
shard_003840: 256 fits in 4.2s  psnr_med=33.9dB  overall 4.2 fits/s
shard_004096: 256 fits in 3.3s  psnr_med=34.1dB  overall 4.4 fits/s
shard_004352: 256 fits in 3.6s  psnr_med=34.2dB  overall 4.7 fits/s
shard_004608: 256 fits in 3.5s  psnr_med=33.9dB  overall 4.9 fits/s
shard_004864: 256 fits in 3.6s  psnr_med=34.1dB  overall 5.1 fits/s
shard_005120: 256 fits in 3.4s  psnr_med=34.3dB  overall 5.4 fits/s
shard_005376: 256 fits in 3.7s  psnr_med=34.2dB  overall 5.6 fits/s
shard_005632: 256 fits in 3.9s  psnr_med=34.1dB  overall 5.9 fits/s
shard_005888: 256 fits in 3.4s  psnr_med=33.9dB  overall 6.1 fits/s
shard_006144: 256 fits in 3.7s  psnr_med=34.2dB  overall 6.3 fits/s
shard_006400: 256 fits in 3.7s  psnr_med=33.8dB  overall 6.5 fits/s
shard_006656: 256 fits in 3.9s  psnr_med=34.3dB  overall 6.8 fits/s
shard_006912: 256 fits in 3.8s  psnr_med=34.0dB  overall 7.0 fits/s
shard_007168: 256 fits in 3.4s  psnr_med=34.2dB  overall 7.2 fits/s
shard_007424: 256 fits in 3.4s  psnr_med=33.8dB  overall 7.4 fits/s
shard_007680: 256 fits in 3.4s  psnr_med=34.1dB  overall 7.7 fits/s
shard_007936: 256 fits in 3.6s  psnr_med=34.2dB  overall 7.9 fits/s
shard_008192: 256 fits in 3.7s  psnr_med=34.0dB  overall 8.1 fits/s
shard_008448: 256 fits in 3.5s  psnr_med=34.1dB  overall 8.3 fits/s
shard_008704: 256 fits in 3.4s  psnr_med=34.0dB  overall 8.5 fits/s
shard_008960: 256 fits in 3.7s  psnr_med=33.9dB  overall 8.8 fits/s
shard_009216: 256 fits in 4.1s  psnr_med=34.2dB  overall 9.0 fits/s
shard_009472: 256 fits in 4.3s  psnr_med=33.7dB  overall 9.2 fits/s
shard_009728: 256 fits in 3.5s  psnr_med=33.7dB  overall 9.4 fits/s
shard_009984: 256 fits in 3.6s  psnr_med=34.2dB  overall 9.6 fits/s
shard_010240: 256 fits in 3.7s  psnr_med=34.0dB  overall 9.8 fits/s
shard_010496: 256 fits in 3.8s  psnr_med=34.2dB  overall 10.0 fits/s
shard_010752: 256 fits in 3.9s  psnr_med=34.0dB  overall 10.2 fits/s
shard_011008: 256 fits in 3.8s  psnr_med=33.9dB  overall 10.4 fits/s
shard_011264: 256 fits in 3.4s  psnr_med=34.1dB  overall 10.6 fits/s
shard_011520: 256 fits in 3.3s  psnr_med=33.9dB  overall 10.8 fits/s
shard_011776: 256 fits in 3.7s  psnr_med=34.0dB  overall 11.0 fits/s
shard_012032: 256 fits in 3.6s  psnr_med=34.3dB  overall 11.2 fits/s
shard_012288: 256 fits in 3.6s  psnr_med=34.1dB  overall 11.4 fits/s
shard_012544: 256 fits in 3.4s  psnr_med=34.0dB  overall 11.6 fits/s
shard_012800: 256 fits in 3.5s  psnr_med=34.0dB  overall 11.8 fits/s
shard_013056: 256 fits in 2.6s  psnr_med=34.0dB  overall 12.0 fits/s
shard_013312: 256 fits in 3.6s  psnr_med=34.2dB  overall 12.2 fits/s
shard_013568: 256 fits in 3.6s  psnr_med=34.0dB  overall 12.4 fits/s
shard_013824: 256 fits in 3.4s  psnr_med=34.2dB  overall 12.6 fits/s
shard_014080: 256 fits in 3.8s  psnr_med=34.1dB  overall 12.7 fits/s
shard_014336: 256 fits in 3.6s  psnr_med=34.0dB  overall 12.9 fits/s
shard_014592: 256 fits in 3.9s  psnr_med=34.4dB  overall 13.1 fits/s
shard_014848: 256 fits in 3.3s  psnr_med=34.3dB  overall 13.3 fits/s
shard_015104: 256 fits in 3.9s  psnr_med=34.2dB  overall 13.5 fits/s
shard_015360: 256 fits in 4.0s  psnr_med=34.0dB  overall 13.7 fits/s
shard_015616: 256 fits in 3.5s  psnr_med=34.1dB  overall 13.8 fits/s
shard_015872: 256 fits in 3.5s  psnr_med=34.3dB  overall 14.0 fits/s
shard_016128: 256 fits in 3.6s  psnr_med=34.1dB  overall 14.2 fits/s
shard_016384: 256 fits in 3.6s  psnr_med=34.0dB  overall 14.4 fits/s
shard_016640: 256 fits in 3.5s  psnr_med=34.0dB  overall 14.5 fits/s
shard_016896: 256 fits in 3.3s  psnr_med=34.3dB  overall 14.7 fits/s
shard_017152: 256 fits in 1.7s  psnr_med=34.0dB  overall 14.9 fits/s
shard_017408: 256 fits in 1.8s  psnr_med=34.1dB  overall 15.1 fits/s
shard_017664: 256 fits in 3.4s  psnr_med=34.0dB  overall 15.3 fits/s
shard_017920: 256 fits in 4.2s  psnr_med=34.2dB  overall 15.5 fits/s
shard_018176: 256 fits in 3.6s  psnr_med=34.0dB  overall 15.6 fits/s
shard_018432: 256 fits in 3.6s  psnr_med=33.7dB  overall 15.8 fits/s
shard_018688: 256 fits in 3.6s  psnr_med=34.1dB  overall 16.0 fits/s
shard_018944: 256 fits in 3.6s  psnr_med=34.0dB  overall 16.1 fits/s
shard_019200: 256 fits in 3.6s  psnr_med=34.4dB  overall 16.3 fits/s
shard_019456: 256 fits in 3.7s  psnr_med=34.2dB  overall 16.5 fits/s
shard_019712: 256 fits in 3.5s  psnr_med=34.2dB  overall 16.6 fits/s
shard_019968: 256 fits in 3.9s  psnr_med=34.1dB  overall 16.8 fits/s
shard_020224: 256 fits in 3.7s  psnr_med=34.2dB  overall 16.9 fits/s
shard_020480: 256 fits in 919.6s  psnr_med=34.0dB  overall 9.7 fits/s
shard_020736: 256 fits in 3.6s  psnr_med=33.9dB  overall 9.8 fits/s
shard_020992: 256 fits in 3.6s  psnr_med=34.1dB  overall 10.0 fits/s
shard_021248: 256 fits in 3.5s  psnr_med=34.1dB  overall 10.1 fits/s
shard_021504: 256 fits in 3.9s  psnr_med=34.0dB  overall 10.2 fits/s
shard_021760: 256 fits in 3.5s  psnr_med=34.0dB  overall 10.3 fits/s
shard_022016: 256 fits in 3.5s  psnr_med=34.1dB  overall 10.4 fits/s
shard_022272: 256 fits in 2.7s  psnr_med=34.3dB  overall 10.5 fits/s
shard_022528: 256 fits in 3.6s  psnr_med=34.0dB  overall 10.6 fits/s
shard_022784: 256 fits in 3.6s  psnr_med=34.1dB  overall 10.7 fits/s
shard_023040: 256 fits in 2.3s  psnr_med=34.0dB  overall 10.8 fits/s
shard_023296: 256 fits in 3.8s  psnr_med=34.2dB  overall 10.9 fits/s
shard_023552: 256 fits in 3.6s  psnr_med=34.1dB  overall 11.0 fits/s
shard_023808: 256 fits in 1002.3s  psnr_med=34.0dB  overall 7.6 fits/s
shard_024064: 256 fits in 3.6s  psnr_med=34.0dB  overall 7.7 fits/s
shard_024320: 256 fits in 3.2s  psnr_med=34.3dB  overall 7.7 fits/s
shard_024576: 256 fits in 3.5s  psnr_med=33.8dB  overall 7.8 fits/s
shard_024832: 256 fits in 3.6s  psnr_med=33.9dB  overall 7.9 fits/s
shard_025088: 256 fits in 3.6s  psnr_med=33.9dB  overall 7.9 fits/s
shard_025344: 256 fits in 3.8s  psnr_med=34.0dB  overall 8.0 fits/s
shard_025600: 256 fits in 3.4s  psnr_med=33.9dB  overall 8.1 fits/s
shard_025856: 256 fits in 1.8s  psnr_med=34.1dB  overall 8.2 fits/s
shard_026112: 256 fits in 3.6s  psnr_med=34.3dB  overall 8.2 fits/s
shard_026368: 256 fits in 3.4s  psnr_med=33.8dB  overall 8.3 fits/s
shard_026624: 256 fits in 3.7s  psnr_med=33.9dB  overall 8.4 fits/s
shard_026880: 256 fits in 3.4s  psnr_med=33.9dB  overall 8.4 fits/s
shard_027136: 256 fits in 3.5s  psnr_med=34.4dB  overall 8.5 fits/s
shard_027392: 256 fits in 90.1s  psnr_med=34.0dB  overall 8.4 fits/s
shard_027648: 256 fits in 3.7s  psnr_med=34.1dB  overall 8.4 fits/s
shard_027904: 256 fits in 3.7s  psnr_med=33.7dB  overall 8.5 fits/s
shard_028160: 256 fits in 3.5s  psnr_med=34.1dB  overall 8.6 fits/s
shard_028416: 256 fits in 3.5s  psnr_med=34.1dB  overall 8.6 fits/s
shard_028672: 256 fits in 3.5s  psnr_med=34.1dB  overall 8.7 fits/s
shard_028928: 256 fits in 2.6s  psnr_med=34.2dB  overall 8.8 fits/s
shard_029184: 256 fits in 3.8s  psnr_med=34.2dB  overall 8.8 fits/s
shard_029440: 256 fits in 3.5s  psnr_med=34.4dB  overall 8.9 fits/s
shard_029696: 256 fits in 3.5s  psnr_med=34.2dB  overall 9.0 fits/s
shard_029952: 256 fits in 3.7s  psnr_med=34.2dB  overall 9.0 fits/s
shard_030208: 256 fits in 3.5s  psnr_med=34.1dB  overall 9.1 fits/s
shard_030464: 256 fits in 3.6s  psnr_med=34.0dB  overall 9.2 fits/s
shard_030720: 256 fits in 914.2s  psnr_med=34.1dB  overall 7.3 fits/s
shard_030976: 256 fits in 5.0s  psnr_med=34.0dB  overall 7.3 fits/s
shard_031232: 256 fits in 4.1s  psnr_med=34.0dB  overall 7.4 fits/s
shard_031488: 256 fits in 3.8s  psnr_med=33.9dB  overall 7.4 fits/s
shard_031744: 256 fits in 3.8s  psnr_med=34.3dB  overall 7.5 fits/s
shard_032000: 256 fits in 4.2s  psnr_med=34.0dB  overall 7.5 fits/s
shard_032256: 256 fits in 3.7s  psnr_med=34.4dB  overall 7.6 fits/s
shard_032512: 256 fits in 4.0s  psnr_med=34.2dB  overall 7.6 fits/s
shard_032768: 256 fits in 3.8s  psnr_med=34.0dB  overall 7.7 fits/s
shard_033024: 256 fits in 3.6s  psnr_med=34.2dB  overall 7.7 fits/s
shard_033280: 256 fits in 3.8s  psnr_med=34.2dB  overall 7.8 fits/s
shard_033536: 256 fits in 3.8s  psnr_med=34.0dB  overall 7.8 fits/s
shard_033792: 256 fits in 4.0s  psnr_med=34.2dB  overall 7.9 fits/s
shard_034048: 256 fits in 3.6s  psnr_med=34.1dB  overall 8.0 fits/s
shard_034304: 256 fits in 3.6s  psnr_med=34.2dB  overall 8.0 fits/s
shard_034560: 256 fits in 3.6s  psnr_med=34.3dB  overall 8.1 fits/s
shard_034816: 256 fits in 3.8s  psnr_med=34.1dB  overall 8.1 fits/s
shard_035072: 256 fits in 3.7s  psnr_med=34.0dB  overall 8.2 fits/s
shard_035328: 256 fits in 3.9s  psnr_med=34.0dB  overall 8.2 fits/s
shard_035584: 256 fits in 3.6s  psnr_med=34.0dB  overall 8.3 fits/s
shard_035840: 256 fits in 4.0s  psnr_med=33.8dB  overall 8.3 fits/s
shard_036096: 256 fits in 3.6s  psnr_med=34.3dB  overall 8.4 fits/s
shard_036352: 256 fits in 3.9s  psnr_med=34.0dB  overall 8.4 fits/s
shard_036608: 256 fits in 3.7s  psnr_med=34.1dB  overall 8.5 fits/s
shard_036864: 256 fits in 3.8s  psnr_med=34.2dB  overall 8.5 fits/s
shard_037120: 256 fits in 3.8s  psnr_med=34.3dB  overall 8.6 fits/s
shard_037376: 256 fits in 3.9s  psnr_med=33.9dB  overall 8.6 fits/s
shard_037632: 256 fits in 3.7s  psnr_med=33.9dB  overall 8.7 fits/s
shard_037888: 256 fits in 4.0s  psnr_med=33.9dB  overall 8.7 fits/s
shard_038144: 256 fits in 3.7s  psnr_med=34.1dB  overall 8.8 fits/s
shard_038400: 256 fits in 3.8s  psnr_med=34.1dB  overall 8.8 fits/s
shard_038656: 256 fits in 4.0s  psnr_med=34.5dB  overall 8.9 fits/s
shard_038912: 256 fits in 3.8s  psnr_med=34.1dB  overall 8.9 fits/s
shard_039168: 256 fits in 3.8s  psnr_med=34.1dB  overall 9.0 fits/s
shard_039424: 256 fits in 3.6s  psnr_med=34.2dB  overall 9.0 fits/s
shard_039680: 256 fits in 4.0s  psnr_med=34.0dB  overall 9.1 fits/s
shard_039936: 256 fits in 3.6s  psnr_med=34.2dB  overall 9.1 fits/s
shard_040192: 256 fits in 1009.7s  psnr_med=34.1dB  overall 7.5 fits/s
shard_040448: 256 fits in 3.6s  psnr_med=34.0dB  overall 7.5 fits/s
shard_040704: 256 fits in 3.5s  psnr_med=34.1dB  overall 7.6 fits/s
shard_040960: 256 fits in 3.5s  psnr_med=34.2dB  overall 7.6 fits/s
shard_041216: 256 fits in 3.5s  psnr_med=34.2dB  overall 7.6 fits/s
shard_041472: 256 fits in 2.6s  psnr_med=34.2dB  overall 7.7 fits/s
shard_041728: 256 fits in 3.5s  psnr_med=34.1dB  overall 7.7 fits/s
shard_041984: 256 fits in 3.5s  psnr_med=34.4dB  overall 7.8 fits/s
shard_042240: 256 fits in 3.2s  psnr_med=34.4dB  overall 7.8 fits/s
shard_042496: 256 fits in 3.4s  psnr_med=34.0dB  overall 7.9 fits/s
shard_042752: 256 fits in 3.7s  psnr_med=34.2dB  overall 7.9 fits/s
shard_043008: 256 fits in 3.8s  psnr_med=34.4dB  overall 7.9 fits/s
shard_043264: 256 fits in 3.5s  psnr_med=33.9dB  overall 8.0 fits/s
shard_043520: 256 fits in 994.9s  psnr_med=33.8dB  overall 6.8 fits/s
shard_043776: 256 fits in 3.6s  psnr_med=34.4dB  overall 6.8 fits/s
shard_044032: 256 fits in 3.6s  psnr_med=34.1dB  overall 6.9 fits/s
shard_044288: 256 fits in 3.7s  psnr_med=34.0dB  overall 6.9 fits/s
shard_044544: 256 fits in 4.1s  psnr_med=34.4dB  overall 6.9 fits/s
shard_044800: 256 fits in 3.5s  psnr_med=34.0dB  overall 7.0 fits/s
shard_045056: 256 fits in 3.5s  psnr_med=34.0dB  overall 7.0 fits/s
shard_045312: 256 fits in 3.5s  psnr_med=34.1dB  overall 7.0 fits/s
shard_045568: 256 fits in 3.7s  psnr_med=34.0dB  overall 7.1 fits/s
shard_045824: 256 fits in 3.6s  psnr_med=34.0dB  overall 7.1 fits/s
shard_046080: 256 fits in 3.4s  psnr_med=33.9dB  overall 7.1 fits/s
shard_046336: 256 fits in 2.0s  psnr_med=34.4dB  overall 7.2 fits/s
shard_046592: 256 fits in 3.5s  psnr_med=34.1dB  overall 7.2 fits/s
shard_046848: 256 fits in 920.7s  psnr_med=34.2dB  overall 6.4 fits/s
shard_047104: 256 fits in 3.4s  psnr_med=34.0dB  overall 6.4 fits/s
shard_047360: 256 fits in 3.6s  psnr_med=34.3dB  overall 6.4 fits/s
shard_047616: 256 fits in 3.8s  psnr_med=33.8dB  overall 6.5 fits/s
shard_047872: 256 fits in 3.5s  psnr_med=34.1dB  overall 6.5 fits/s
shard_048128: 256 fits in 3.7s  psnr_med=34.5dB  overall 6.5 fits/s
shard_048384: 256 fits in 3.8s  psnr_med=34.1dB  overall 6.5 fits/s
shard_048640: 256 fits in 3.5s  psnr_med=34.1dB  overall 6.6 fits/s
shard_048896: 256 fits in 4.1s  psnr_med=34.2dB  overall 6.6 fits/s
shard_049152: 256 fits in 3.4s  psnr_med=33.8dB  overall 6.6 fits/s
shard_049408: 256 fits in 3.5s  psnr_med=34.3dB  overall 6.7 fits/s
shard_049664: 256 fits in 3.4s  psnr_med=34.1dB  overall 6.7 fits/s
shard_049920: 256 fits in 3.5s  psnr_med=34.1dB  overall 6.7 fits/s
shard_050176: 256 fits in 914.1s  psnr_med=34.0dB  overall 6.0 fits/s
shard_050432: 256 fits in 3.6s  psnr_med=33.8dB  overall 6.1 fits/s
shard_050688: 256 fits in 3.4s  psnr_med=33.8dB  overall 6.1 fits/s
shard_050944: 256 fits in 3.5s  psnr_med=34.0dB  overall 6.1 fits/s
shard_051200: 256 fits in 3.5s  psnr_med=34.0dB  overall 6.1 fits/s
shard_051456: 256 fits in 3.5s  psnr_med=34.0dB  overall 6.2 fits/s
shard_051712: 256 fits in 3.5s  psnr_med=34.1dB  overall 6.2 fits/s
shard_051968: 256 fits in 3.9s  psnr_med=33.9dB  overall 6.2 fits/s
shard_052224: 256 fits in 3.5s  psnr_med=33.9dB  overall 6.3 fits/s
shard_052480: 256 fits in 3.6s  psnr_med=34.0dB  overall 6.3 fits/s
shard_052736: 256 fits in 3.6s  psnr_med=34.1dB  overall 6.3 fits/s
shard_052992: 256 fits in 3.4s  psnr_med=34.0dB  overall 6.3 fits/s
shard_053248: 256 fits in 3.6s  psnr_med=34.2dB  overall 6.4 fits/s
shard_053504: 256 fits in 3.3s  psnr_med=34.3dB  overall 6.4 fits/s
shard_053760: 256 fits in 3.4s  psnr_med=33.9dB  overall 6.4 fits/s
shard_054016: 256 fits in 3.7s  psnr_med=34.0dB  overall 6.4 fits/s
shard_054272: 256 fits in 3.7s  psnr_med=34.3dB  overall 6.5 fits/s
shard_054528: 256 fits in 3.6s  psnr_med=33.9dB  overall 6.5 fits/s
shard_054784: 256 fits in 3.6s  psnr_med=34.3dB  overall 6.5 fits/s
shard_055040: 256 fits in 3.6s  psnr_med=34.1dB  overall 6.6 fits/s
shard_055296: 256 fits in 3.4s  psnr_med=34.0dB  overall 6.6 fits/s
shard_055552: 256 fits in 3.5s  psnr_med=34.3dB  overall 6.6 fits/s
shard_055808: 256 fits in 3.6s  psnr_med=33.9dB  overall 6.6 fits/s
shard_056064: 256 fits in 3.6s  psnr_med=34.1dB  overall 6.7 fits/s
shard_056320: 256 fits in 3.4s  psnr_med=33.9dB  overall 6.7 fits/s
shard_056576: 256 fits in 3.5s  psnr_med=34.0dB  overall 6.7 fits/s
shard_056832: 256 fits in 3.9s  psnr_med=34.2dB  overall 6.7 fits/s
shard_057088: 256 fits in 3.8s  psnr_med=33.9dB  overall 6.8 fits/s
shard_057344: 256 fits in 3.4s  psnr_med=33.8dB  overall 6.8 fits/s
shard_057600: 256 fits in 3.5s  psnr_med=34.1dB  overall 6.8 fits/s
shard_057856: 256 fits in 3.3s  psnr_med=34.1dB  overall 6.9 fits/s
shard_058112: 256 fits in 3.1s  psnr_med=34.1dB  overall 6.9 fits/s
shard_058368: 256 fits in 3.2s  psnr_med=33.9dB  overall 6.9 fits/s
shard_058624: 256 fits in 3.2s  psnr_med=34.0dB  overall 6.9 fits/s
shard_058880: 256 fits in 3.4s  psnr_med=34.2dB  overall 7.0 fits/s
shard_059136: 256 fits in 3.3s  psnr_med=34.4dB  overall 7.0 fits/s
shard_059392: 256 fits in 3.2s  psnr_med=33.8dB  overall 7.0 fits/s
shard_059648: 256 fits in 3.3s  psnr_med=34.2dB  overall 7.1 fits/s
shard_059904: 256 fits in 3.1s  psnr_med=34.1dB  overall 7.1 fits/s
shard_060160: 256 fits in 3.7s  psnr_med=34.3dB  overall 7.1 fits/s
shard_060416: 256 fits in 3.6s  psnr_med=34.2dB  overall 7.1 fits/s
shard_060672: 256 fits in 3.5s  psnr_med=33.8dB  overall 7.2 fits/s
shard_060928: 256 fits in 3.7s  psnr_med=34.3dB  overall 7.2 fits/s
shard_061184: 256 fits in 3.3s  psnr_med=34.0dB  overall 7.2 fits/s
shard_061440: 256 fits in 3.5s  psnr_med=33.9dB  overall 7.2 fits/s
shard_061696: 256 fits in 3.4s  psnr_med=34.4dB  overall 7.3 fits/s
shard_061952: 256 fits in 3.7s  psnr_med=33.9dB  overall 7.3 fits/s
shard_062208: 256 fits in 3.5s  psnr_med=34.1dB  overall 7.3 fits/s
shard_062464: 256 fits in 3.7s  psnr_med=34.4dB  overall 7.3 fits/s
shard_062720: 256 fits in 3.6s  psnr_med=34.2dB  overall 7.4 fits/s
shard_062976: 256 fits in 3.6s  psnr_med=34.1dB  overall 7.4 fits/s
shard_063232: 256 fits in 946.8s  psnr_med=34.1dB  overall 6.7 fits/s
shard_063488: 256 fits in 3.5s  psnr_med=34.2dB  overall 6.7 fits/s
shard_063744: 256 fits in 3.3s  psnr_med=34.0dB  overall 6.7 fits/s
shard_064000: 256 fits in 3.4s  psnr_med=34.0dB  overall 6.8 fits/s
shard_064256: 256 fits in 3.6s  psnr_med=34.2dB  overall 6.8 fits/s
shard_064512: 256 fits in 3.6s  psnr_med=34.2dB  overall 6.8 fits/s
shard_064768: 256 fits in 3.7s  psnr_med=34.0dB  overall 6.8 fits/s
shard_065024: 256 fits in 3.6s  psnr_med=34.2dB  overall 6.9 fits/s
shard_065280: 256 fits in 3.7s  psnr_med=34.0dB  overall 6.9 fits/s
shard_065536: 256 fits in 3.3s  psnr_med=34.0dB  overall 6.9 fits/s
shard_065792: 256 fits in 3.9s  psnr_med=34.2dB  overall 6.9 fits/s
shard_066048: 256 fits in 3.3s  psnr_med=34.3dB  overall 7.0 fits/s
shard_066304: 256 fits in 3.5s  psnr_med=34.1dB  overall 7.0 fits/s
shard_066560: 256 fits in 908.4s  psnr_med=34.2dB  overall 6.4 fits/s
shard_066816: 256 fits in 3.4s  psnr_med=34.2dB  overall 6.4 fits/s
shard_067072: 256 fits in 3.5s  psnr_med=34.0dB  overall 6.4 fits/s
shard_067328: 256 fits in 3.4s  psnr_med=33.9dB  overall 6.5 fits/s
shard_067584: 256 fits in 3.6s  psnr_med=34.3dB  overall 6.5 fits/s
shard_067840: 256 fits in 3.4s  psnr_med=34.5dB  overall 6.5 fits/s
shard_068096: 256 fits in 3.5s  psnr_med=34.3dB  overall 6.5 fits/s
shard_068352: 256 fits in 3.6s  psnr_med=34.1dB  overall 6.6 fits/s
shard_068608: 256 fits in 3.6s  psnr_med=34.3dB  overall 6.6 fits/s
shard_068864: 256 fits in 3.5s  psnr_med=34.0dB  overall 6.6 fits/s
shard_069120: 256 fits in 3.3s  psnr_med=34.0dB  overall 6.6 fits/s
shard_069376: 256 fits in 3.5s  psnr_med=34.3dB  overall 6.6 fits/s
shard_069632: 256 fits in 3.7s  psnr_med=34.2dB  overall 6.7 fits/s
shard_069888: 112 fits in 1012.4s  psnr_med=34.1dB  overall 6.1 fits/s
{
  "n_inrs": 70000,
  "psnr_median": 34.100765228271484,
  "psnr_q05": 31.02445058822632,
  "corr_psnr_label": -0.019140905100245506,
  "wallclock_total_s": 11494.3697412014
}
FMNIST STOCH DONE Mon Jul 20 05:38:43 CEST 2026
shard_k0_000000: 256 fits in 7.5s  psnr_med=42.8dB  overall 34.1 fits/s
shard_k0_000256: 256 fits in 10.3s  psnr_med=42.3dB  overall 28.8 fits/s
shard_k0_000512: 256 fits in 10.0s  psnr_med=42.8dB  overall 27.6 fits/s
shard_k0_000768: 256 fits in 10.1s  psnr_med=42.5dB  overall 27.0 fits/s
shard_k0_001024: 256 fits in 954.4s  psnr_med=42.6dB  overall 1.3 fits/s
shard_k0_001280: 256 fits in 9.9s  psnr_med=42.0dB  overall 1.5 fits/s
shard_k0_001536: 256 fits in 10.1s  psnr_med=42.7dB  overall 1.8 fits/s
shard_k0_001792: 256 fits in 10.2s  psnr_med=42.5dB  overall 2.0 fits/s
shard_k0_002048: 256 fits in 952.5s  psnr_med=42.6dB  overall 1.2 fits/s
shard_k0_002304: 256 fits in 10.8s  psnr_med=42.4dB  overall 1.3 fits/s
shard_k0_002560: 256 fits in 10.3s  psnr_med=42.3dB  overall 1.4 fits/s
shard_k0_002816: 256 fits in 10.1s  psnr_med=42.4dB  overall 1.5 fits/s
shard_k0_003072: 256 fits in 10.3s  psnr_med=42.4dB  overall 1.7 fits/s
shard_k0_003328: 256 fits in 967.3s  psnr_med=42.6dB  overall 1.2 fits/s
shard_k0_003584: 256 fits in 10.0s  psnr_med=42.4dB  overall 1.3 fits/s
shard_k0_003840: 256 fits in 10.0s  psnr_med=42.5dB  overall 1.4 fits/s
shard_k0_004096: 256 fits in 10.2s  psnr_med=42.6dB  overall 1.4 fits/s
shard_k0_004352: 256 fits in 1034.9s  psnr_med=42.7dB  overall 1.1 fits/s
shard_k0_004608: 256 fits in 9.9s  psnr_med=42.4dB  overall 1.2 fits/s
shard_k0_004864: 256 fits in 10.2s  psnr_med=42.4dB  overall 1.3 fits/s
shard_k0_005120: 256 fits in 10.1s  psnr_med=42.4dB  overall 1.3 fits/s
shard_k0_005376: 256 fits in 10.0s  psnr_med=42.5dB  overall 1.4 fits/s
shard_k0_005632: 256 fits in 1012.0s  psnr_med=42.3dB  overall 1.2 fits/s
shard_k0_005888: 256 fits in 10.7s  psnr_med=42.1dB  overall 1.2 fits/s
shard_k0_006144: 256 fits in 10.4s  psnr_med=42.4dB  overall 1.2 fits/s
shard_k0_006400: 256 fits in 10.1s  psnr_med=42.8dB  overall 1.3 fits/s
shard_k0_006656: 256 fits in 921.3s  psnr_med=42.3dB  overall 1.1 fits/s
shard_k0_006912: 256 fits in 10.0s  psnr_med=42.5dB  overall 1.2 fits/s
shard_k0_007168: 256 fits in 10.2s  psnr_med=42.6dB  overall 1.2 fits/s
shard_k0_007424: 256 fits in 10.0s  psnr_med=43.2dB  overall 1.3 fits/s
shard_k0_007680: 256 fits in 939.4s  psnr_med=42.2dB  overall 1.1 fits/s
shard_k0_007936: 256 fits in 10.6s  psnr_med=42.4dB  overall 1.2 fits/s
shard_k0_008192: 256 fits in 10.5s  psnr_med=42.9dB  overall 1.2 fits/s
shard_k0_008448: 256 fits in 10.1s  psnr_med=42.2dB  overall 1.2 fits/s
shard_k0_008704: 256 fits in 10.0s  psnr_med=43.0dB  overall 1.3 fits/s
shard_k0_008960: 256 fits in 1065.7s  psnr_med=42.5dB  overall 1.1 fits/s
shard_k0_009216: 256 fits in 10.1s  psnr_med=42.9dB  overall 1.2 fits/s
shard_k0_009472: 256 fits in 10.1s  psnr_med=42.3dB  overall 1.2 fits/s
shard_k0_009728: 256 fits in 10.1s  psnr_med=42.4dB  overall 1.2 fits/s
shard_k0_009984: 256 fits in 398.6s  psnr_med=42.5dB  overall 1.2 fits/s
shard_k0_010240: 256 fits in 10.1s  psnr_med=42.8dB  overall 1.2 fits/s
shard_k0_010496: 256 fits in 10.1s  psnr_med=43.0dB  overall 1.3 fits/s
shard_k0_010752: 256 fits in 10.3s  psnr_med=42.2dB  overall 1.3 fits/s
shard_k0_011008: 256 fits in 937.1s  psnr_med=42.0dB  overall 1.2 fits/s
shard_k0_011264: 256 fits in 10.0s  psnr_med=42.3dB  overall 1.2 fits/s
shard_k0_011520: 256 fits in 10.2s  psnr_med=43.1dB  overall 1.2 fits/s
shard_k0_011776: 256 fits in 10.2s  psnr_med=42.6dB  overall 1.3 fits/s
shard_k0_012032: 256 fits in 10.1s  psnr_med=42.8dB  overall 1.3 fits/s
shard_k0_012288: 256 fits in 978.6s  psnr_med=42.5dB  overall 1.2 fits/s
shard_k0_012544: 256 fits in 10.2s  psnr_med=43.2dB  overall 1.2 fits/s
shard_k0_012800: 256 fits in 10.2s  psnr_med=42.4dB  overall 1.2 fits/s
shard_k0_013056: 256 fits in 10.1s  psnr_med=42.3dB  overall 1.3 fits/s
shard_k0_013312: 256 fits in 1008.3s  psnr_med=42.4dB  overall 1.2 fits/s
shard_k0_013568: 256 fits in 10.1s  psnr_med=41.9dB  overall 1.2 fits/s
shard_k0_013824: 256 fits in 10.1s  psnr_med=42.4dB  overall 1.2 fits/s
shard_k0_014080: 256 fits in 10.0s  psnr_med=42.0dB  overall 1.2 fits/s
shard_k0_014336: 256 fits in 1065.5s  psnr_med=42.7dB  overall 1.2 fits/s
shard_k0_014592: 256 fits in 10.9s  psnr_med=42.6dB  overall 1.2 fits/s
shard_k0_014848: 256 fits in 10.4s  psnr_med=42.7dB  overall 1.2 fits/s
shard_k0_015104: 256 fits in 10.1s  psnr_med=42.3dB  overall 1.2 fits/s
shard_k0_015360: 256 fits in 10.2s  psnr_med=42.4dB  overall 1.2 fits/s
shard_k0_015616: 256 fits in 945.8s  psnr_med=42.6dB  overall 1.2 fits/s
shard_k0_015872: 256 fits in 10.1s  psnr_med=42.1dB  overall 1.2 fits/s
shard_k0_016128: 256 fits in 10.1s  psnr_med=42.1dB  overall 1.2 fits/s
shard_k0_016384: 256 fits in 10.2s  psnr_med=42.3dB  overall 1.2 fits/s
shard_k0_016640: 256 fits in 924.2s  psnr_med=42.4dB  overall 1.2 fits/s
shard_k0_016896: 256 fits in 12.6s  psnr_med=42.9dB  overall 1.2 fits/s
shard_k0_017152: 256 fits in 12.6s  psnr_med=41.9dB  overall 1.2 fits/s
shard_k0_017408: 256 fits in 12.3s  psnr_med=42.3dB  overall 1.2 fits/s
shard_k0_017664: 256 fits in 12.5s  psnr_med=42.4dB  overall 1.2 fits/s
shard_k0_017920: 256 fits in 13.0s  psnr_med=42.6dB  overall 1.2 fits/s
shard_k0_018176: 256 fits in 13.0s  psnr_med=43.0dB  overall 1.3 fits/s
shard_k0_018432: 256 fits in 12.4s  psnr_med=42.4dB  overall 1.3 fits/s
shard_k0_018688: 256 fits in 12.4s  psnr_med=42.7dB  overall 1.3 fits/s
shard_k0_018944: 256 fits in 12.5s  psnr_med=42.6dB  overall 1.3 fits/s
shard_k0_019200: 256 fits in 997.9s  psnr_med=42.4dB  overall 1.2 fits/s
shard_k0_019456: 256 fits in 10.7s  psnr_med=42.8dB  overall 1.3 fits/s
shard_k0_019712: 256 fits in 10.4s  psnr_med=42.9dB  overall 1.3 fits/s
shard_k0_019968: 256 fits in 10.4s  psnr_med=43.1dB  overall 1.3 fits/s
shard_k0_020224: 256 fits in 10.6s  psnr_med=42.1dB  overall 1.3 fits/s
shard_k0_020480: 256 fits in 10.7s  psnr_med=42.4dB  overall 1.3 fits/s
shard_k0_020736: 256 fits in 10.9s  psnr_med=42.4dB  overall 1.3 fits/s
shard_k0_020992: 256 fits in 10.8s  psnr_med=42.6dB  overall 1.3 fits/s
shard_k0_021248: 256 fits in 10.6s  psnr_med=42.4dB  overall 1.4 fits/s
shard_k0_021504: 256 fits in 10.5s  psnr_med=42.6dB  overall 1.4 fits/s
shard_k0_021760: 256 fits in 10.8s  psnr_med=42.3dB  overall 1.4 fits/s
shard_k0_022016: 256 fits in 10.6s  psnr_med=42.3dB  overall 1.4 fits/s
shard_k0_022272: 256 fits in 11.3s  psnr_med=42.6dB  overall 1.4 fits/s
shard_k0_022528: 256 fits in 10.6s  psnr_med=42.8dB  overall 1.4 fits/s
shard_k0_022784: 256 fits in 10.3s  psnr_med=42.0dB  overall 1.5 fits/s
shard_k0_023040: 256 fits in 11.1s  psnr_med=42.5dB  overall 1.5 fits/s
shard_k0_023296: 256 fits in 11.0s  psnr_med=43.1dB  overall 1.5 fits/s
shard_k0_023552: 256 fits in 11.3s  psnr_med=42.8dB  overall 1.5 fits/s
shard_k0_023808: 256 fits in 11.1s  psnr_med=42.8dB  overall 1.5 fits/s
shard_k0_024064: 256 fits in 10.9s  psnr_med=42.4dB  overall 1.5 fits/s
shard_k0_024320: 256 fits in 10.8s  psnr_med=42.9dB  overall 1.5 fits/s
shard_k0_024576: 256 fits in 11.0s  psnr_med=42.8dB  overall 1.6 fits/s
shard_k0_024832: 256 fits in 10.8s  psnr_med=42.4dB  overall 1.6 fits/s
shard_k0_025088: 256 fits in 11.1s  psnr_med=42.5dB  overall 1.6 fits/s
shard_k0_025344: 256 fits in 11.2s  psnr_med=42.5dB  overall 1.6 fits/s
shard_k0_025600: 256 fits in 10.6s  psnr_med=42.3dB  overall 1.6 fits/s
shard_k0_025856: 256 fits in 10.3s  psnr_med=42.6dB  overall 1.6 fits/s
shard_k0_026112: 256 fits in 10.4s  psnr_med=42.9dB  overall 1.6 fits/s
shard_k0_026368: 256 fits in 10.4s  psnr_med=42.2dB  overall 1.7 fits/s
shard_k0_026624: 256 fits in 10.6s  psnr_med=42.1dB  overall 1.7 fits/s
shard_k0_026880: 256 fits in 10.8s  psnr_med=42.7dB  overall 1.7 fits/s
shard_k0_027136: 256 fits in 10.8s  psnr_med=42.5dB  overall 1.7 fits/s
shard_k0_027392: 256 fits in 11.1s  psnr_med=42.9dB  overall 1.7 fits/s
shard_k0_027648: 256 fits in 11.4s  psnr_med=42.8dB  overall 1.7 fits/s
shard_k0_027904: 256 fits in 11.3s  psnr_med=41.9dB  overall 1.7 fits/s
shard_k0_028160: 256 fits in 11.4s  psnr_med=42.5dB  overall 1.8 fits/s
shard_k0_028416: 256 fits in 11.2s  psnr_med=43.0dB  overall 1.8 fits/s
shard_k0_028672: 256 fits in 11.1s  psnr_med=42.7dB  overall 1.8 fits/s
shard_k0_028928: 256 fits in 10.5s  psnr_med=42.4dB  overall 1.8 fits/s
shard_k0_029184: 256 fits in 934.7s  psnr_med=42.7dB  overall 1.7 fits/s
shard_k0_029440: 256 fits in 10.2s  psnr_med=42.1dB  overall 1.7 fits/s
shard_k0_029696: 256 fits in 11.1s  psnr_med=42.8dB  overall 1.8 fits/s
shard_k0_029952: 256 fits in 11.4s  psnr_med=43.1dB  overall 1.8 fits/s
shard_k0_030208: 256 fits in 1004.3s  psnr_med=43.0dB  overall 1.7 fits/s
shard_k0_030464: 256 fits in 12.5s  psnr_med=42.2dB  overall 1.7 fits/s
shard_k0_030720: 256 fits in 12.4s  psnr_med=42.4dB  overall 1.7 fits/s
shard_k0_030976: 256 fits in 12.2s  psnr_med=42.6dB  overall 1.7 fits/s
shard_k0_031232: 256 fits in 12.5s  psnr_med=42.0dB  overall 1.7 fits/s
shard_k0_031488: 256 fits in 1011.7s  psnr_med=42.6dB  overall 1.7 fits/s
shard_k0_031744: 256 fits in 11.7s  psnr_med=42.6dB  overall 1.7 fits/s
shard_k0_032000: 256 fits in 10.9s  psnr_med=42.9dB  overall 1.7 fits/s
shard_k0_032256: 256 fits in 10.7s  psnr_med=42.4dB  overall 1.7 fits/s
shard_k0_032512: 256 fits in 10.0s  psnr_med=42.3dB  overall 1.7 fits/s
shard_k0_032768: 256 fits in 202.9s  psnr_med=42.2dB  overall 1.7 fits/s
shard_k0_033024: 256 fits in 10.1s  psnr_med=42.3dB  overall 1.7 fits/s
shard_k0_033280: 256 fits in 10.1s  psnr_med=43.1dB  overall 1.7 fits/s
shard_k0_033536: 256 fits in 10.1s  psnr_med=41.8dB  overall 1.7 fits/s
shard_k0_033792: 256 fits in 922.4s  psnr_med=42.9dB  overall 1.7 fits/s
shard_k0_034048: 256 fits in 10.1s  psnr_med=42.6dB  overall 1.7 fits/s
shard_k0_034304: 256 fits in 10.5s  psnr_med=42.6dB  overall 1.7 fits/s
shard_k0_034560: 256 fits in 10.4s  psnr_med=42.7dB  overall 1.7 fits/s
shard_k0_034816: 256 fits in 973.7s  psnr_med=42.9dB  overall 1.6 fits/s
shard_k0_035072: 256 fits in 10.2s  psnr_med=42.4dB  overall 1.7 fits/s
shard_k0_035328: 256 fits in 10.1s  psnr_med=42.2dB  overall 1.7 fits/s
shard_k0_035584: 256 fits in 10.1s  psnr_med=42.4dB  overall 1.7 fits/s
shard_k0_035840: 256 fits in 10.2s  psnr_med=42.4dB  overall 1.7 fits/s
shard_k0_036096: 256 fits in 984.1s  psnr_med=42.5dB  overall 1.6 fits/s
shard_k0_036352: 256 fits in 10.2s  psnr_med=42.2dB  overall 1.6 fits/s
shard_k0_036608: 256 fits in 10.1s  psnr_med=42.6dB  overall 1.6 fits/s
shard_k0_036864: 256 fits in 10.1s  psnr_med=42.9dB  overall 1.7 fits/s
shard_k0_037120: 256 fits in 643.1s  psnr_med=42.4dB  overall 1.6 fits/s
shard_k0_037376: 256 fits in 10.0s  psnr_med=42.0dB  overall 1.6 fits/s
shard_k0_037632: 256 fits in 10.3s  psnr_med=42.4dB  overall 1.6 fits/s
shard_k0_037888: 256 fits in 10.3s  psnr_med=43.1dB  overall 1.7 fits/s
shard_k0_038144: 256 fits in 10.1s  psnr_med=42.4dB  overall 1.7 fits/s
shard_k0_038400: 256 fits in 961.2s  psnr_med=42.0dB  overall 1.6 fits/s
shard_k0_038656: 256 fits in 10.2s  psnr_med=43.1dB  overall 1.6 fits/s
shard_k0_038912: 256 fits in 10.1s  psnr_med=42.8dB  overall 1.6 fits/s
shard_k0_039168: 256 fits in 10.3s  psnr_med=42.3dB  overall 1.6 fits/s
shard_k0_039424: 256 fits in 917.8s  psnr_med=42.5dB  overall 1.6 fits/s
shard_k0_039680: 256 fits in 10.1s  psnr_med=42.1dB  overall 1.6 fits/s
shard_k0_039936: 256 fits in 10.3s  psnr_med=42.3dB  overall 1.6 fits/s
shard_k0_040192: 256 fits in 10.2s  psnr_med=42.8dB  overall 1.6 fits/s
shard_k0_040448: 256 fits in 977.4s  psnr_med=41.7dB  overall 1.6 fits/s
shard_k0_040704: 256 fits in 9.9s  psnr_med=42.9dB  overall 1.6 fits/s
shard_k0_040960: 256 fits in 10.2s  psnr_med=43.2dB  overall 1.6 fits/s
shard_k0_041216: 256 fits in 9.9s  psnr_med=42.6dB  overall 1.6 fits/s
shard_k0_041472: 256 fits in 10.1s  psnr_med=42.3dB  overall 1.6 fits/s
shard_k0_041728: 256 fits in 666.2s  psnr_med=42.3dB  overall 1.6 fits/s
shard_k0_041984: 256 fits in 10.2s  psnr_med=42.6dB  overall 1.6 fits/s
shard_k0_042240: 256 fits in 10.1s  psnr_med=42.6dB  overall 1.6 fits/s
shard_k0_042496: 256 fits in 10.2s  psnr_med=42.1dB  overall 1.6 fits/s
shard_k0_042752: 256 fits in 1048.1s  psnr_med=42.7dB  overall 1.5 fits/s
shard_k0_043008: 256 fits in 10.5s  psnr_med=43.1dB  overall 1.6 fits/s
shard_k0_043264: 256 fits in 10.5s  psnr_med=42.4dB  overall 1.6 fits/s
shard_k0_043520: 256 fits in 10.3s  psnr_med=42.7dB  overall 1.6 fits/s
shard_k0_043776: 256 fits in 10.3s  psnr_med=43.1dB  overall 1.6 fits/s
shard_k0_044032: 256 fits in 972.0s  psnr_med=42.5dB  overall 1.5 fits/s
shard_k0_044288: 256 fits in 10.3s  psnr_med=41.8dB  overall 1.5 fits/s
shard_k0_044544: 256 fits in 10.3s  psnr_med=42.6dB  overall 1.6 fits/s
shard_k0_044800: 256 fits in 10.1s  psnr_med=42.6dB  overall 1.6 fits/s
shard_k0_045056: 256 fits in 925.9s  psnr_med=42.7dB  overall 1.5 fits/s
shard_k0_045312: 256 fits in 10.0s  psnr_med=42.3dB  overall 1.5 fits/s
shard_k0_045568: 256 fits in 10.1s  psnr_med=42.3dB  overall 1.5 fits/s
shard_k0_045824: 256 fits in 10.1s  psnr_med=42.4dB  overall 1.5 fits/s
shard_k0_046080: 256 fits in 576.7s  psnr_med=42.5dB  overall 1.5 fits/s
shard_k0_046336: 256 fits in 10.5s  psnr_med=42.8dB  overall 1.5 fits/s
shard_k0_046592: 256 fits in 10.1s  psnr_med=42.5dB  overall 1.5 fits/s
shard_k0_046848: 256 fits in 10.5s  psnr_med=42.8dB  overall 1.5 fits/s
shard_k0_047104: 256 fits in 10.2s  psnr_med=43.1dB  overall 1.6 fits/s
shard_k0_047360: 256 fits in 1020.2s  psnr_med=42.3dB  overall 1.5 fits/s
shard_k0_047616: 256 fits in 10.5s  psnr_med=42.4dB  overall 1.5 fits/s
shard_k0_047872: 256 fits in 10.3s  psnr_med=42.5dB  overall 1.5 fits/s
shard_k0_048128: 256 fits in 10.0s  psnr_med=42.8dB  overall 1.5 fits/s
shard_k0_048384: 256 fits in 915.5s  psnr_med=42.1dB  overall 1.5 fits/s
shard_k0_048640: 256 fits in 10.1s  psnr_med=42.5dB  overall 1.5 fits/s
shard_k0_048896: 256 fits in 10.4s  psnr_med=42.6dB  overall 1.5 fits/s
shard_k0_049152: 256 fits in 10.0s  psnr_med=42.7dB  overall 1.5 fits/s
shard_k0_049408: 256 fits in 10.3s  psnr_med=42.5dB  overall 1.5 fits/s
shard_k0_049664: 256 fits in 966.0s  psnr_med=42.8dB  overall 1.5 fits/s
shard_k0_049920: 256 fits in 10.0s  psnr_med=41.9dB  overall 1.5 fits/s
shard_k0_050176: 256 fits in 10.2s  psnr_med=42.9dB  overall 1.5 fits/s
shard_k0_050432: 256 fits in 10.2s  psnr_med=42.5dB  overall 1.5 fits/s
shard_k0_050688: 256 fits in 621.0s  psnr_med=42.5dB  overall 1.5 fits/s
shard_k0_050944: 256 fits in 10.0s  psnr_med=42.7dB  overall 1.5 fits/s
shard_k0_051200: 256 fits in 10.2s  psnr_med=42.8dB  overall 1.5 fits/s
shard_k0_051456: 256 fits in 10.0s  psnr_med=42.9dB  overall 1.5 fits/s
shard_k0_051712: 256 fits in 10.3s  psnr_med=42.3dB  overall 1.5 fits/s
shard_k0_051968: 256 fits in 1032.9s  psnr_med=42.5dB  overall 1.5 fits/s
shard_k0_052224: 256 fits in 10.1s  psnr_med=42.7dB  overall 1.5 fits/s
shard_k0_052480: 256 fits in 10.3s  psnr_med=42.2dB  overall 1.5 fits/s
shard_k0_052736: 256 fits in 10.2s  psnr_med=42.7dB  overall 1.5 fits/s
shard_k0_052992: 256 fits in 954.1s  psnr_med=42.4dB  overall 1.5 fits/s
shard_k0_053248: 256 fits in 10.2s  psnr_med=42.6dB  overall 1.5 fits/s
shard_k0_053504: 256 fits in 10.5s  psnr_med=42.5dB  overall 1.5 fits/s
shard_k0_053760: 256 fits in 10.3s  psnr_med=43.0dB  overall 1.5 fits/s
shard_k0_054016: 256 fits in 1029.8s  psnr_med=42.8dB  overall 1.5 fits/s
shard_k0_054272: 256 fits in 10.4s  psnr_med=43.0dB  overall 1.5 fits/s
shard_k0_054528: 256 fits in 10.7s  psnr_med=42.7dB  overall 1.5 fits/s
shard_k0_054784: 216 fits in 9.0s  psnr_med=42.7dB  overall 1.5 fits/s
shard_k1_000000: 256 fits in 9.9s  psnr_med=42.3dB  overall 1.5 fits/s
shard_k1_000256: 256 fits in 508.1s  psnr_med=42.5dB  overall 1.5 fits/s
shard_k1_000512: 256 fits in 10.3s  psnr_med=42.6dB  overall 1.5 fits/s
shard_k1_000768: 256 fits in 10.2s  psnr_med=42.4dB  overall 1.5 fits/s
shard_k1_001024: 256 fits in 10.2s  psnr_med=42.4dB  overall 1.5 fits/s
shard_k1_001280: 256 fits in 1022.1s  psnr_med=42.0dB  overall 1.5 fits/s
shard_k1_001536: 256 fits in 10.0s  psnr_med=42.5dB  overall 1.5 fits/s
shard_k1_001792: 256 fits in 10.1s  psnr_med=42.5dB  overall 1.5 fits/s
shard_k1_002048: 256 fits in 10.3s  psnr_med=43.0dB  overall 1.5 fits/s
shard_k1_002304: 256 fits in 10.0s  psnr_med=42.1dB  overall 1.5 fits/s
shard_k1_002560: 256 fits in 954.2s  psnr_med=42.7dB  overall 1.5 fits/s
shard_k1_002816: 256 fits in 10.4s  psnr_med=42.0dB  overall 1.5 fits/s
shard_k1_003072: 256 fits in 10.2s  psnr_med=42.7dB  overall 1.5 fits/s
shard_k1_003328: 256 fits in 10.3s  psnr_med=42.5dB  overall 1.5 fits/s
shard_k1_003584: 256 fits in 975.4s  psnr_med=42.5dB  overall 1.4 fits/s
shard_k1_003840: 256 fits in 10.0s  psnr_med=42.8dB  overall 1.4 fits/s
shard_k1_004096: 256 fits in 10.0s  psnr_med=42.8dB  overall 1.5 fits/s
shard_k1_004352: 256 fits in 10.1s  psnr_med=42.8dB  overall 1.5 fits/s
shard_k1_004608: 256 fits in 10.1s  psnr_med=42.8dB  overall 1.5 fits/s
shard_k1_004864: 256 fits in 568.2s  psnr_med=42.5dB  overall 1.5 fits/s
shard_k1_005120: 256 fits in 10.1s  psnr_med=43.1dB  overall 1.5 fits/s
shard_k1_005376: 256 fits in 10.3s  psnr_med=42.8dB  overall 1.5 fits/s
shard_k1_005632: 256 fits in 10.1s  psnr_med=41.9dB  overall 1.5 fits/s
shard_k1_005888: 256 fits in 917.2s  psnr_med=42.0dB  overall 1.4 fits/s
shard_k1_006144: 256 fits in 11.1s  psnr_med=42.6dB  overall 1.4 fits/s
shard_k1_006400: 256 fits in 10.2s  psnr_med=42.3dB  overall 1.5 fits/s
shard_k1_006656: 256 fits in 10.1s  psnr_med=42.8dB  overall 1.5 fits/s
shard_k1_006912: 256 fits in 1062.4s  psnr_med=42.0dB  overall 1.4 fits/s
shard_k1_007168: 256 fits in 10.8s  psnr_med=42.3dB  overall 1.4 fits/s
shard_k1_007424: 256 fits in 10.2s  psnr_med=43.2dB  overall 1.4 fits/s
shard_k1_007680: 256 fits in 10.0s  psnr_med=42.6dB  overall 1.4 fits/s
shard_k1_007936: 256 fits in 10.2s  psnr_med=42.5dB  overall 1.5 fits/s
shard_k1_008192: 256 fits in 944.4s  psnr_med=43.2dB  overall 1.4 fits/s
shard_k1_008448: 256 fits in 10.1s  psnr_med=42.8dB  overall 1.4 fits/s
shard_k1_008704: 256 fits in 10.1s  psnr_med=42.3dB  overall 1.4 fits/s
shard_k1_008960: 256 fits in 10.1s  psnr_med=42.6dB  overall 1.4 fits/s
shard_k1_009216: 256 fits in 597.0s  psnr_med=42.9dB  overall 1.4 fits/s
shard_k1_009472: 256 fits in 10.2s  psnr_med=41.9dB  overall 1.4 fits/s
shard_k1_009728: 256 fits in 10.1s  psnr_med=42.6dB  overall 1.4 fits/s
shard_k1_009984: 256 fits in 10.2s  psnr_med=43.0dB  overall 1.4 fits/s
shard_k1_010240: 256 fits in 10.2s  psnr_med=42.6dB  overall 1.5 fits/s
shard_k1_010496: 256 fits in 967.4s  psnr_med=42.4dB  overall 1.4 fits/s
shard_k1_010752: 256 fits in 10.1s  psnr_med=42.4dB  overall 1.4 fits/s
shard_k1_011008: 256 fits in 10.2s  psnr_med=42.4dB  overall 1.4 fits/s
shard_k1_011264: 256 fits in 10.1s  psnr_med=42.5dB  overall 1.4 fits/s
shard_k1_011520: 256 fits in 979.8s  psnr_med=43.6dB  overall 1.4 fits/s
shard_k1_011776: 256 fits in 10.0s  psnr_med=42.5dB  overall 1.4 fits/s
shard_k1_012032: 256 fits in 10.1s  psnr_med=42.6dB  overall 1.4 fits/s
shard_k1_012288: 256 fits in 10.1s  psnr_med=42.5dB  overall 1.4 fits/s
shard_k1_012544: 256 fits in 10.4s  psnr_med=42.7dB  overall 1.4 fits/s
shard_k1_012800: 256 fits in 919.2s  psnr_med=42.2dB  overall 1.4 fits/s
shard_k1_013056: 256 fits in 10.2s  psnr_med=42.6dB  overall 1.4 fits/s
shard_k1_013312: 256 fits in 10.1s  psnr_med=42.1dB  overall 1.4 fits/s
shard_k1_013568: 256 fits in 10.1s  psnr_med=42.0dB  overall 1.4 fits/s
shard_k1_013824: 256 fits in 656.2s  psnr_med=42.2dB  overall 1.4 fits/s
shard_k1_014080: 256 fits in 10.1s  psnr_med=42.3dB  overall 1.4 fits/s
shard_k1_014336: 256 fits in 10.2s  psnr_med=42.8dB  overall 1.4 fits/s
shard_k1_014592: 256 fits in 10.3s  psnr_med=43.3dB  overall 1.4 fits/s
shard_k1_014848: 256 fits in 963.7s  psnr_med=42.6dB  overall 1.4 fits/s
shard_k1_015104: 256 fits in 11.2s  psnr_med=42.3dB  overall 1.4 fits/s
shard_k1_015360: 256 fits in 10.5s  psnr_med=42.2dB  overall 1.4 fits/s
shard_k1_015616: 256 fits in 10.0s  psnr_med=42.2dB  overall 1.4 fits/s
shard_k1_015872: 256 fits in 10.1s  psnr_med=42.5dB  overall 1.4 fits/s
shard_k1_016128: 256 fits in 912.4s  psnr_med=42.7dB  overall 1.4 fits/s
shard_k1_016384: 256 fits in 10.3s  psnr_med=42.8dB  overall 1.4 fits/s
shard_k1_016640: 256 fits in 10.0s  psnr_med=43.0dB  overall 1.4 fits/s
shard_k1_016896: 256 fits in 10.3s  psnr_med=43.2dB  overall 1.4 fits/s
shard_k1_017152: 256 fits in 279.1s  psnr_med=42.5dB  overall 1.4 fits/s
shard_k1_017408: 256 fits in 10.0s  psnr_med=42.4dB  overall 1.4 fits/s
shard_k1_017664: 256 fits in 10.2s  psnr_med=42.3dB  overall 1.4 fits/s
shard_k1_017920: 256 fits in 10.1s  psnr_med=42.5dB  overall 1.4 fits/s
shard_k1_018176: 256 fits in 10.2s  psnr_med=42.4dB  overall 1.4 fits/s
shard_k1_018432: 256 fits in 954.2s  psnr_med=42.5dB  overall 1.4 fits/s
shard_k1_018688: 256 fits in 10.2s  psnr_med=42.8dB  overall 1.4 fits/s
shard_k1_018944: 256 fits in 10.3s  psnr_med=42.4dB  overall 1.4 fits/s
shard_k1_019200: 256 fits in 10.6s  psnr_med=42.8dB  overall 1.4 fits/s
shard_k1_019456: 256 fits in 377.4s  psnr_med=42.5dB  overall 1.4 fits/s
shard_k1_019712: 256 fits in 10.0s  psnr_med=43.1dB  overall 1.4 fits/s
shard_k1_019968: 256 fits in 10.4s  psnr_med=42.7dB  overall 1.4 fits/s
shard_k1_020224: 256 fits in 10.2s  psnr_med=42.8dB  overall 1.4 fits/s
shard_k1_020480: 256 fits in 10.0s  psnr_med=42.1dB  overall 1.4 fits/s
shard_k1_020736: 256 fits in 928.2s  psnr_med=42.2dB  overall 1.4 fits/s
shard_k1_020992: 256 fits in 10.5s  psnr_med=42.5dB  overall 1.4 fits/s
shard_k1_021248: 256 fits in 10.9s  psnr_med=42.6dB  overall 1.4 fits/s
shard_k1_021504: 256 fits in 10.3s  psnr_med=42.6dB  overall 1.4 fits/s
shard_k1_021760: 256 fits in 931.3s  psnr_med=42.7dB  overall 1.4 fits/s
shard_k1_022016: 256 fits in 10.2s  psnr_med=41.8dB  overall 1.4 fits/s
shard_k1_022272: 256 fits in 10.2s  psnr_med=42.8dB  overall 1.4 fits/s
shard_k1_022528: 256 fits in 10.1s  psnr_med=42.8dB  overall 1.4 fits/s
shard_k1_022784: 256 fits in 928.3s  psnr_med=42.4dB  overall 1.4 fits/s
shard_k1_023040: 256 fits in 9.9s  psnr_med=42.7dB  overall 1.4 fits/s
shard_k1_023296: 256 fits in 10.1s  psnr_med=42.7dB  overall 1.4 fits/s
shard_k1_023552: 256 fits in 10.1s  psnr_med=42.7dB  overall 1.4 fits/s
shard_k1_023808: 256 fits in 10.2s  psnr_med=42.5dB  overall 1.4 fits/s
shard_k1_024064: 256 fits in 736.4s  psnr_med=42.7dB  overall 1.4 fits/s
shard_k1_024320: 256 fits in 10.2s  psnr_med=42.6dB  overall 1.4 fits/s
shard_k1_024576: 256 fits in 10.2s  psnr_med=42.6dB  overall 1.4 fits/s
shard_k1_024832: 256 fits in 10.1s  psnr_med=42.7dB  overall 1.4 fits/s
shard_k1_025088: 256 fits in 1032.5s  psnr_med=42.6dB  overall 1.4 fits/s
shard_k1_025344: 256 fits in 10.1s  psnr_med=42.1dB  overall 1.4 fits/s
shard_k1_025600: 256 fits in 10.7s  psnr_med=42.1dB  overall 1.4 fits/s
shard_k1_025856: 256 fits in 10.4s  psnr_med=43.0dB  overall 1.4 fits/s
shard_k1_026112: 256 fits in 935.4s  psnr_med=42.9dB  overall 1.4 fits/s
shard_k1_026368: 256 fits in 10.2s  psnr_med=42.0dB  overall 1.4 fits/s
shard_k1_026624: 256 fits in 10.2s  psnr_med=42.3dB  overall 1.4 fits/s
shard_k1_026880: 256 fits in 10.2s  psnr_med=42.2dB  overall 1.4 fits/s
shard_k1_027136: 256 fits in 10.2s  psnr_med=42.7dB  overall 1.4 fits/s
shard_k1_027392: 256 fits in 916.4s  psnr_med=42.6dB  overall 1.4 fits/s
shard_k1_027648: 256 fits in 10.1s  psnr_med=42.5dB  overall 1.4 fits/s
shard_k1_027904: 256 fits in 10.2s  psnr_med=42.2dB  overall 1.4 fits/s
shard_k1_028160: 256 fits in 10.1s  psnr_med=42.7dB  overall 1.4 fits/s
shard_k1_028416: 256 fits in 640.3s  psnr_med=43.0dB  overall 1.4 fits/s
shard_k1_028672: 256 fits in 10.1s  psnr_med=42.6dB  overall 1.4 fits/s
shard_k1_028928: 256 fits in 10.1s  psnr_med=42.6dB  overall 1.4 fits/s
shard_k1_029184: 256 fits in 10.1s  psnr_med=42.9dB  overall 1.4 fits/s
shard_k1_029440: 256 fits in 10.2s  psnr_med=42.3dB  overall 1.4 fits/s
shard_k1_029696: 256 fits in 1021.6s  psnr_med=42.6dB  overall 1.4 fits/s
shard_k1_029952: 256 fits in 10.1s  psnr_med=42.4dB  overall 1.4 fits/s
shard_k1_030208: 256 fits in 10.5s  psnr_med=42.5dB  overall 1.4 fits/s
shard_k1_030464: 256 fits in 10.6s  psnr_med=42.6dB  overall 1.4 fits/s
shard_k1_030720: 256 fits in 935.2s  psnr_med=42.2dB  overall 1.4 fits/s
shard_k1_030976: 256 fits in 10.2s  psnr_med=42.8dB  overall 1.4 fits/s
shard_k1_031232: 256 fits in 10.1s  psnr_med=42.0dB  overall 1.4 fits/s
shard_k1_031488: 256 fits in 10.2s  psnr_med=42.9dB  overall 1.4 fits/s
shard_k1_031744: 256 fits in 1072.2s  psnr_med=42.5dB  overall 1.4 fits/s
shard_k1_032000: 256 fits in 11.4s  psnr_med=42.5dB  overall 1.4 fits/s
shard_k1_032256: 256 fits in 11.1s  psnr_med=42.5dB  overall 1.4 fits/s
shard_k1_032512: 256 fits in 10.3s  psnr_med=42.3dB  overall 1.4 fits/s
shard_k1_032768: 256 fits in 495.8s  psnr_med=42.6dB  overall 1.4 fits/s
shard_k1_033024: 256 fits in 10.6s  psnr_med=43.0dB  overall 1.4 fits/s
shard_k1_033280: 256 fits in 10.2s  psnr_med=42.8dB  overall 1.4 fits/s
shard_k1_033536: 256 fits in 10.2s  psnr_med=42.7dB  overall 1.4 fits/s
shard_k1_033792: 256 fits in 10.3s  psnr_med=42.7dB  overall 1.4 fits/s
shard_k1_034048: 256 fits in 992.8s  psnr_med=42.4dB  overall 1.4 fits/s
shard_k1_034304: 256 fits in 11.0s  psnr_med=42.7dB  overall 1.4 fits/s
shard_k1_034560: 256 fits in 10.9s  psnr_med=42.5dB  overall 1.4 fits/s
shard_k1_034816: 256 fits in 10.7s  psnr_med=42.3dB  overall 1.4 fits/s
shard_k1_035072: 256 fits in 10.7s  psnr_med=42.9dB  overall 1.4 fits/s
shard_k1_035328: 256 fits in 10.9s  psnr_med=42.6dB  overall 1.4 fits/s
shard_k1_035584: 256 fits in 10.9s  psnr_med=41.9dB  overall 1.4 fits/s
shard_k1_035840: 256 fits in 10.7s  psnr_med=42.3dB  overall 1.4 fits/s
shard_k1_036096: 256 fits in 10.7s  psnr_med=42.6dB  overall 1.4 fits/s
shard_k1_036352: 256 fits in 10.7s  psnr_med=42.7dB  overall 1.4 fits/s
shard_k1_036608: 256 fits in 11.0s  psnr_med=42.7dB  overall 1.4 fits/s
shard_k1_036864: 256 fits in 11.1s  psnr_med=42.9dB  overall 1.4 fits/s
shard_k1_037120: 256 fits in 10.5s  psnr_med=42.3dB  overall 1.4 fits/s
shard_k1_037376: 256 fits in 10.7s  psnr_med=42.0dB  overall 1.4 fits/s
shard_k1_037632: 256 fits in 10.5s  psnr_med=42.4dB  overall 1.4 fits/s
shard_k1_037888: 256 fits in 11.4s  psnr_med=42.9dB  overall 1.4 fits/s
shard_k1_038144: 256 fits in 10.4s  psnr_med=42.2dB  overall 1.4 fits/s
shard_k1_038400: 256 fits in 10.6s  psnr_med=42.4dB  overall 1.5 fits/s
shard_k1_038656: 256 fits in 10.8s  psnr_med=43.0dB  overall 1.5 fits/s
shard_k1_038912: 256 fits in 947.5s  psnr_med=42.5dB  overall 1.4 fits/s
shard_k1_039168: 256 fits in 9.8s  psnr_med=42.2dB  overall 1.4 fits/s
shard_k1_039424: 256 fits in 10.2s  psnr_med=42.3dB  overall 1.4 fits/s
shard_k1_039680: 256 fits in 10.0s  psnr_med=42.4dB  overall 1.4 fits/s
shard_k1_039936: 256 fits in 10.1s  psnr_med=42.3dB  overall 1.5 fits/s
shard_k1_040192: 256 fits in 957.6s  psnr_med=42.6dB  overall 1.4 fits/s
shard_k1_040448: 256 fits in 10.2s  psnr_med=42.8dB  overall 1.4 fits/s
shard_k1_040704: 256 fits in 10.1s  psnr_med=42.5dB  overall 1.4 fits/s
shard_k1_040960: 256 fits in 10.2s  psnr_med=42.7dB  overall 1.4 fits/s
shard_k1_041216: 256 fits in 460.1s  psnr_med=42.8dB  overall 1.4 fits/s
shard_k1_041472: 256 fits in 10.4s  psnr_med=42.7dB  overall 1.4 fits/s
shard_k1_041728: 256 fits in 10.2s  psnr_med=42.7dB  overall 1.4 fits/s
shard_k1_041984: 256 fits in 10.1s  psnr_med=42.4dB  overall 1.5 fits/s
shard_k1_042240: 256 fits in 10.1s  psnr_med=42.6dB  overall 1.5 fits/s
shard_k1_042496: 256 fits in 1036.7s  psnr_med=41.9dB  overall 1.4 fits/s
shard_k1_042752: 256 fits in 10.2s  psnr_med=42.6dB  overall 1.4 fits/s
shard_k1_043008: 256 fits in 10.4s  psnr_med=43.3dB  overall 1.4 fits/s
shard_k1_043264: 256 fits in 10.2s  psnr_med=42.2dB  overall 1.4 fits/s
shard_k1_043520: 256 fits in 1051.4s  psnr_med=42.9dB  overall 1.4 fits/s
shard_k1_043776: 256 fits in 10.0s  psnr_med=43.0dB  overall 1.4 fits/s
shard_k1_044032: 256 fits in 10.3s  psnr_med=42.4dB  overall 1.4 fits/s
shard_k1_044288: 256 fits in 10.2s  psnr_med=42.0dB  overall 1.4 fits/s
shard_k1_044544: 256 fits in 10.2s  psnr_med=42.8dB  overall 1.4 fits/s
shard_k1_044800: 256 fits in 926.8s  psnr_med=42.0dB  overall 1.4 fits/s
shard_k1_045056: 256 fits in 10.2s  psnr_med=42.9dB  overall 1.4 fits/s
shard_k1_045312: 256 fits in 10.2s  psnr_med=42.3dB  overall 1.4 fits/s
shard_k1_045568: 256 fits in 10.2s  psnr_med=42.1dB  overall 1.4 fits/s
shard_k1_045824: 256 fits in 1030.5s  psnr_med=42.3dB  overall 1.4 fits/s
shard_k1_046080: 256 fits in 12.6s  psnr_med=42.4dB  overall 1.4 fits/s
shard_k1_046336: 256 fits in 10.7s  psnr_med=42.2dB  overall 1.4 fits/s
shard_k1_046592: 256 fits in 10.2s  psnr_med=42.5dB  overall 1.4 fits/s
shard_k1_046848: 256 fits in 10.1s  psnr_med=42.7dB  overall 1.4 fits/s
shard_k1_047104: 256 fits in 850.1s  psnr_med=42.7dB  overall 1.4 fits/s
shard_k1_047360: 256 fits in 10.6s  psnr_med=42.6dB  overall 1.4 fits/s
shard_k1_047616: 256 fits in 10.1s  psnr_med=42.5dB  overall 1.4 fits/s
shard_k1_047872: 256 fits in 10.4s  psnr_med=43.0dB  overall 1.4 fits/s
shard_k1_048128: 256 fits in 776.5s  psnr_med=42.2dB  overall 1.4 fits/s
shard_k1_048384: 256 fits in 10.2s  psnr_med=42.5dB  overall 1.4 fits/s
shard_k1_048640: 256 fits in 10.1s  psnr_med=42.9dB  overall 1.4 fits/s
shard_k1_048896: 256 fits in 10.1s  psnr_med=42.7dB  overall 1.4 fits/s
shard_k1_049152: 256 fits in 10.3s  psnr_med=42.8dB  overall 1.4 fits/s
shard_k1_049408: 256 fits in 940.6s  psnr_med=42.6dB  overall 1.4 fits/s
shard_k1_049664: 256 fits in 10.2s  psnr_med=42.1dB  overall 1.4 fits/s
shard_k1_049920: 256 fits in 10.0s  psnr_med=42.6dB  overall 1.4 fits/s
shard_k1_050176: 256 fits in 10.0s  psnr_med=43.0dB  overall 1.4 fits/s
shard_k1_050432: 256 fits in 989.3s  psnr_med=42.5dB  overall 1.4 fits/s
shard_k1_050688: 256 fits in 10.1s  psnr_med=42.1dB  overall 1.4 fits/s
shard_k1_050944: 256 fits in 10.2s  psnr_med=42.2dB  overall 1.4 fits/s
shard_k1_051200: 256 fits in 10.2s  psnr_med=43.1dB  overall 1.4 fits/s
shard_k1_051456: 256 fits in 1014.0s  psnr_med=42.6dB  overall 1.4 fits/s
shard_k1_051712: 256 fits in 10.6s  psnr_med=42.6dB  overall 1.4 fits/s
shard_k1_051968: 256 fits in 10.2s  psnr_med=42.8dB  overall 1.4 fits/s
shard_k1_052224: 256 fits in 10.1s  psnr_med=42.1dB  overall 1.4 fits/s
shard_k1_052480: 256 fits in 10.1s  psnr_med=42.0dB  overall 1.4 fits/s
shard_k1_052736: 256 fits in 962.4s  psnr_med=42.9dB  overall 1.4 fits/s
shard_k1_052992: 256 fits in 10.1s  psnr_med=42.4dB  overall 1.4 fits/s
shard_k1_053248: 256 fits in 10.6s  psnr_med=42.2dB  overall 1.4 fits/s
shard_k1_053504: 256 fits in 10.6s  psnr_med=42.8dB  overall 1.4 fits/s
shard_k1_053760: 256 fits in 915.4s  psnr_med=42.5dB  overall 1.4 fits/s
shard_k1_054016: 256 fits in 10.0s  psnr_med=42.7dB  overall 1.4 fits/s
shard_k1_054272: 256 fits in 10.2s  psnr_med=42.9dB  overall 1.4 fits/s
shard_k1_054528: 256 fits in 10.1s  psnr_med=42.6dB  overall 1.4 fits/s
shard_k1_054784: 216 fits in 9.0s  psnr_med=42.4dB  overall 1.4 fits/s
shard_k2_000000: 256 fits in 916.6s  psnr_med=42.7dB  overall 1.4 fits/s
shard_k2_000256: 256 fits in 10.5s  psnr_med=42.6dB  overall 1.4 fits/s
shard_k2_000512: 256 fits in 10.1s  psnr_med=42.4dB  overall 1.4 fits/s
shard_k2_000768: 256 fits in 10.2s  psnr_med=42.6dB  overall 1.4 fits/s
shard_k2_001024: 256 fits in 999.4s  psnr_med=42.5dB  overall 1.4 fits/s
shard_k2_001280: 256 fits in 9.8s  psnr_med=42.6dB  overall 1.4 fits/s
shard_k2_001536: 256 fits in 10.7s  psnr_med=42.5dB  overall 1.4 fits/s
shard_k2_001792: 256 fits in 10.1s  psnr_med=42.6dB  overall 1.4 fits/s
shard_k2_002048: 256 fits in 626.8s  psnr_med=42.4dB  overall 1.4 fits/s
shard_k2_002304: 256 fits in 10.4s  psnr_med=42.4dB  overall 1.4 fits/s
shard_k2_002560: 256 fits in 10.2s  psnr_med=42.5dB  overall 1.4 fits/s
shard_k2_002816: 256 fits in 10.2s  psnr_med=42.5dB  overall 1.4 fits/s
shard_k2_003072: 256 fits in 10.1s  psnr_med=42.5dB  overall 1.4 fits/s
shard_k2_003328: 256 fits in 1019.7s  psnr_med=42.6dB  overall 1.4 fits/s
shard_k2_003584: 256 fits in 10.2s  psnr_med=42.3dB  overall 1.4 fits/s
shard_k2_003840: 256 fits in 10.0s  psnr_med=42.7dB  overall 1.4 fits/s
shard_k2_004096: 256 fits in 10.2s  psnr_med=42.5dB  overall 1.4 fits/s
shard_k2_004352: 256 fits in 914.5s  psnr_med=42.6dB  overall 1.4 fits/s
shard_k2_004608: 256 fits in 10.0s  psnr_med=42.7dB  overall 1.4 fits/s
shard_k2_004864: 256 fits in 10.1s  psnr_med=42.3dB  overall 1.4 fits/s
shard_k2_005120: 256 fits in 10.2s  psnr_med=42.7dB  overall 1.4 fits/s
shard_k2_005376: 256 fits in 10.1s  psnr_med=42.8dB  overall 1.4 fits/s
shard_k2_005632: 256 fits in 10.2s  psnr_med=42.2dB  overall 1.4 fits/s
shard_k2_005888: 256 fits in 10.3s  psnr_med=43.0dB  overall 1.4 fits/s
shard_k2_006144: 256 fits in 10.1s  psnr_med=42.6dB  overall 1.4 fits/s
shard_k2_006400: 256 fits in 10.2s  psnr_med=42.5dB  overall 1.4 fits/s
shard_k2_006656: 256 fits in 10.4s  psnr_med=42.6dB  overall 1.4 fits/s
shard_k2_006912: 256 fits in 10.2s  psnr_med=42.0dB  overall 1.4 fits/s
shard_k2_007168: 256 fits in 10.3s  psnr_med=42.7dB  overall 1.4 fits/s
shard_k2_007424: 256 fits in 10.3s  psnr_med=42.0dB  overall 1.4 fits/s
shard_k2_007680: 256 fits in 10.4s  psnr_med=42.6dB  overall 1.4 fits/s
shard_k2_007936: 256 fits in 10.1s  psnr_med=42.1dB  overall 1.4 fits/s
shard_k2_008192: 256 fits in 10.5s  psnr_med=42.2dB  overall 1.4 fits/s
shard_k2_008448: 256 fits in 10.4s  psnr_med=42.9dB  overall 1.4 fits/s
shard_k2_008704: 256 fits in 10.1s  psnr_med=42.7dB  overall 1.4 fits/s
shard_k2_008960: 256 fits in 10.4s  psnr_med=42.6dB  overall 1.4 fits/s
shard_k2_009216: 256 fits in 10.2s  psnr_med=42.5dB  overall 1.4 fits/s
shard_k2_009472: 256 fits in 10.2s  psnr_med=42.1dB  overall 1.4 fits/s
shard_k2_009728: 256 fits in 10.1s  psnr_med=42.6dB  overall 1.4 fits/s
shard_k2_009984: 256 fits in 9.9s  psnr_med=43.0dB  overall 1.5 fits/s
shard_k2_010240: 256 fits in 10.4s  psnr_med=41.9dB  overall 1.5 fits/s
shard_k2_010496: 256 fits in 10.2s  psnr_med=42.7dB  overall 1.5 fits/s
shard_k2_010752: 256 fits in 10.9s  psnr_med=42.0dB  overall 1.5 fits/s
shard_k2_011008: 256 fits in 10.3s  psnr_med=42.4dB  overall 1.5 fits/s
shard_k2_011264: 256 fits in 10.2s  psnr_med=42.5dB  overall 1.5 fits/s
shard_k2_011520: 256 fits in 10.2s  psnr_med=42.7dB  overall 1.5 fits/s
shard_k2_011776: 256 fits in 10.4s  psnr_med=42.2dB  overall 1.5 fits/s
shard_k2_012032: 256 fits in 10.1s  psnr_med=42.9dB  overall 1.5 fits/s
shard_k2_012288: 256 fits in 10.2s  psnr_med=42.5dB  overall 1.5 fits/s
shard_k2_012544: 256 fits in 10.2s  psnr_med=43.0dB  overall 1.5 fits/s
shard_k2_012800: 256 fits in 10.1s  psnr_med=42.5dB  overall 1.5 fits/s
shard_k2_013056: 256 fits in 10.5s  psnr_med=42.4dB  overall 1.5 fits/s
shard_k2_013312: 256 fits in 10.3s  psnr_med=42.0dB  overall 1.5 fits/s
shard_k2_013568: 256 fits in 10.1s  psnr_med=42.3dB  overall 1.5 fits/s
shard_k2_013824: 256 fits in 10.6s  psnr_med=42.4dB  overall 1.5 fits/s
shard_k2_014080: 256 fits in 10.2s  psnr_med=42.6dB  overall 1.5 fits/s
shard_k2_014336: 256 fits in 989.7s  psnr_med=42.5dB  overall 1.5 fits/s
shard_k2_014592: 256 fits in 10.5s  psnr_med=43.5dB  overall 1.5 fits/s
shard_k2_014848: 256 fits in 10.6s  psnr_med=42.8dB  overall 1.5 fits/s
shard_k2_015104: 256 fits in 10.4s  psnr_med=42.3dB  overall 1.5 fits/s
shard_k2_015360: 256 fits in 1004.6s  psnr_med=42.4dB  overall 1.5 fits/s
shard_k2_015616: 256 fits in 10.1s  psnr_med=42.8dB  overall 1.5 fits/s
shard_k2_015872: 256 fits in 10.2s  psnr_med=42.2dB  overall 1.5 fits/s
shard_k2_016128: 256 fits in 10.1s  psnr_med=42.1dB  overall 1.5 fits/s
shard_k2_016384: 256 fits in 931.5s  psnr_med=42.4dB  overall 1.5 fits/s
shard_k2_016640: 256 fits in 10.2s  psnr_med=42.6dB  overall 1.5 fits/s
shard_k2_016896: 256 fits in 10.3s  psnr_med=43.5dB  overall 1.5 fits/s
shard_k2_017152: 256 fits in 10.1s  psnr_med=41.5dB  overall 1.5 fits/s
shard_k2_017408: 256 fits in 10.1s  psnr_med=42.6dB  overall 1.5 fits/s
shard_k2_017664: 256 fits in 920.9s  psnr_med=42.7dB  overall 1.5 fits/s
shard_k2_017920: 256 fits in 10.3s  psnr_med=42.4dB  overall 1.5 fits/s
shard_k2_018176: 256 fits in 10.0s  psnr_med=42.1dB  overall 1.5 fits/s
shard_k2_018432: 256 fits in 10.5s  psnr_med=42.4dB  overall 1.5 fits/s
shard_k2_018688: 256 fits in 920.2s  psnr_med=42.4dB  overall 1.5 fits/s
shard_k2_018944: 256 fits in 10.3s  psnr_med=43.0dB  overall 1.5 fits/s
shard_k2_019200: 256 fits in 10.2s  psnr_med=42.8dB  overall 1.5 fits/s
shard_k2_019456: 256 fits in 10.1s  psnr_med=42.7dB  overall 1.5 fits/s
shard_k2_019712: 256 fits in 934.6s  psnr_med=43.2dB  overall 1.5 fits/s
shard_k2_019968: 256 fits in 10.8s  psnr_med=42.1dB  overall 1.5 fits/s
shard_k2_020224: 256 fits in 10.1s  psnr_med=42.6dB  overall 1.5 fits/s
shard_k2_020480: 256 fits in 10.1s  psnr_med=42.0dB  overall 1.5 fits/s
shard_k2_020736: 256 fits in 10.2s  psnr_med=42.3dB  overall 1.5 fits/s
shard_k2_020992: 256 fits in 1023.2s  psnr_med=42.4dB  overall 1.5 fits/s
shard_k2_021248: 256 fits in 10.1s  psnr_med=42.1dB  overall 1.5 fits/s
shard_k2_021504: 256 fits in 10.9s  psnr_med=42.5dB  overall 1.5 fits/s
shard_k2_021760: 256 fits in 10.1s  psnr_med=42.5dB  overall 1.5 fits/s
shard_k2_022016: 256 fits in 1025.8s  psnr_med=42.2dB  overall 1.5 fits/s
shard_k2_022272: 256 fits in 10.2s  psnr_med=42.6dB  overall 1.5 fits/s
shard_k2_022528: 256 fits in 10.9s  psnr_med=42.5dB  overall 1.5 fits/s
shard_k2_022784: 256 fits in 10.3s  psnr_med=42.9dB  overall 1.5 fits/s
shard_k2_023040: 256 fits in 10.2s  psnr_med=42.4dB  overall 1.5 fits/s
shard_k2_023296: 256 fits in 950.0s  psnr_med=42.7dB  overall 1.5 fits/s
shard_k2_023552: 256 fits in 10.2s  psnr_med=42.9dB  overall 1.5 fits/s
shard_k2_023808: 256 fits in 10.2s  psnr_med=42.6dB  overall 1.5 fits/s
shard_k2_024064: 256 fits in 10.1s  psnr_med=42.5dB  overall 1.5 fits/s
shard_k2_024320: 256 fits in 1024.5s  psnr_med=42.8dB  overall 1.4 fits/s
shard_k2_024576: 256 fits in 10.2s  psnr_med=42.7dB  overall 1.4 fits/s
shard_k2_024832: 256 fits in 10.1s  psnr_med=42.8dB  overall 1.5 fits/s
shard_k2_025088: 256 fits in 10.2s  psnr_med=42.5dB  overall 1.5 fits/s
shard_k2_025344: 256 fits in 1028.0s  psnr_med=42.7dB  overall 1.4 fits/s
shard_k2_025600: 256 fits in 10.7s  psnr_med=42.9dB  overall 1.4 fits/s
shard_k2_025856: 256 fits in 10.9s  psnr_med=42.4dB  overall 1.4 fits/s
shard_k2_026112: 256 fits in 10.1s  psnr_med=42.6dB  overall 1.4 fits/s
shard_k2_026368: 256 fits in 10.2s  psnr_med=42.3dB  overall 1.5 fits/s
shard_k2_026624: 256 fits in 938.5s  psnr_med=41.8dB  overall 1.4 fits/s
shard_k2_026880: 256 fits in 10.0s  psnr_med=42.5dB  overall 1.4 fits/s
shard_k2_027136: 256 fits in 10.1s  psnr_med=42.6dB  overall 1.4 fits/s
shard_k2_027392: 256 fits in 10.1s  psnr_med=42.4dB  overall 1.4 fits/s
shard_k2_027648: 256 fits in 916.6s  psnr_med=42.6dB  overall 1.4 fits/s
shard_k2_027904: 256 fits in 10.1s  psnr_med=42.2dB  overall 1.4 fits/s
shard_k2_028160: 256 fits in 9.9s  psnr_med=42.3dB  overall 1.4 fits/s
shard_k2_028416: 256 fits in 10.2s  psnr_med=42.7dB  overall 1.4 fits/s
shard_k2_028672: 256 fits in 10.2s  psnr_med=42.8dB  overall 1.4 fits/s
shard_k2_028928: 256 fits in 933.8s  psnr_med=42.4dB  overall 1.4 fits/s
shard_k2_029184: 256 fits in 10.2s  psnr_med=42.9dB  overall 1.4 fits/s
shard_k2_029440: 256 fits in 10.0s  psnr_med=42.1dB  overall 1.4 fits/s
shard_k2_029696: 256 fits in 10.1s  psnr_med=43.7dB  overall 1.4 fits/s
shard_k2_029952: 256 fits in 1051.6s  psnr_med=42.8dB  overall 1.4 fits/s
shard_k2_030208: 256 fits in 10.2s  psnr_med=42.8dB  overall 1.4 fits/s
shard_k2_030464: 256 fits in 10.5s  psnr_med=42.3dB  overall 1.4 fits/s
shard_k2_030720: 256 fits in 10.1s  psnr_med=42.1dB  overall 1.4 fits/s
shard_k2_030976: 256 fits in 972.4s  psnr_med=43.0dB  overall 1.4 fits/s
shard_k2_031232: 256 fits in 9.9s  psnr_med=42.1dB  overall 1.4 fits/s
shard_k2_031488: 256 fits in 10.2s  psnr_med=42.9dB  overall 1.4 fits/s
shard_k2_031744: 256 fits in 10.1s  psnr_med=42.7dB  overall 1.4 fits/s
shard_k2_032000: 256 fits in 10.1s  psnr_med=42.5dB  overall 1.4 fits/s
shard_k2_032256: 256 fits in 10.2s  psnr_med=42.4dB  overall 1.4 fits/s
shard_k2_032512: 256 fits in 10.3s  psnr_med=42.1dB  overall 1.4 fits/s
shard_k2_032768: 256 fits in 10.0s  psnr_med=42.4dB  overall 1.4 fits/s
shard_k2_033024: 256 fits in 10.3s  psnr_med=42.7dB  overall 1.4 fits/s
shard_k2_033280: 256 fits in 10.3s  psnr_med=42.3dB  overall 1.4 fits/s
shard_k2_033536: 256 fits in 10.3s  psnr_med=42.5dB  overall 1.5 fits/s
shard_k2_033792: 256 fits in 10.2s  psnr_med=42.5dB  overall 1.5 fits/s
shard_k2_034048: 256 fits in 10.6s  psnr_med=43.1dB  overall 1.5 fits/s
shard_k2_034304: 256 fits in 10.2s  psnr_med=42.5dB  overall 1.5 fits/s
shard_k2_034560: 256 fits in 10.2s  psnr_med=42.6dB  overall 1.5 fits/s
shard_k2_034816: 256 fits in 10.0s  psnr_med=43.0dB  overall 1.5 fits/s
shard_k2_035072: 256 fits in 10.1s  psnr_med=42.7dB  overall 1.5 fits/s
shard_k2_035328: 256 fits in 10.3s  psnr_med=42.2dB  overall 1.5 fits/s
shard_k2_035584: 256 fits in 10.1s  psnr_med=42.2dB  overall 1.5 fits/s
shard_k2_035840: 256 fits in 10.2s  psnr_med=42.2dB  overall 1.5 fits/s
shard_k2_036096: 256 fits in 10.2s  psnr_med=42.6dB  overall 1.5 fits/s
shard_k2_036352: 256 fits in 10.1s  psnr_med=42.8dB  overall 1.5 fits/s
shard_k2_036608: 256 fits in 10.2s  psnr_med=42.4dB  overall 1.5 fits/s
shard_k2_036864: 256 fits in 10.3s  psnr_med=42.4dB  overall 1.5 fits/s
shard_k2_037120: 256 fits in 10.1s  psnr_med=42.2dB  overall 1.5 fits/s
shard_k2_037376: 256 fits in 10.2s  psnr_med=42.0dB  overall 1.5 fits/s
shard_k2_037632: 256 fits in 10.3s  psnr_med=41.9dB  overall 1.5 fits/s
shard_k2_037888: 256 fits in 10.0s  psnr_med=42.3dB  overall 1.5 fits/s
shard_k2_038144: 256 fits in 10.2s  psnr_med=42.6dB  overall 1.5 fits/s
shard_k2_038400: 256 fits in 10.3s  psnr_med=42.5dB  overall 1.5 fits/s
shard_k2_038656: 256 fits in 10.3s  psnr_med=42.8dB  overall 1.5 fits/s
shard_k2_038912: 256 fits in 10.1s  psnr_med=42.6dB  overall 1.5 fits/s
shard_k2_039168: 256 fits in 10.3s  psnr_med=42.7dB  overall 1.5 fits/s
shard_k2_039424: 256 fits in 10.1s  psnr_med=42.1dB  overall 1.5 fits/s
shard_k2_039680: 256 fits in 10.2s  psnr_med=42.9dB  overall 1.5 fits/s
shard_k2_039936: 256 fits in 10.3s  psnr_med=42.5dB  overall 1.5 fits/s
shard_k2_040192: 256 fits in 10.2s  psnr_med=42.8dB  overall 1.5 fits/s
shard_k2_040448: 256 fits in 10.2s  psnr_med=42.2dB  overall 1.5 fits/s
shard_k2_040704: 256 fits in 10.2s  psnr_med=42.8dB  overall 1.5 fits/s
shard_k2_040960: 256 fits in 10.1s  psnr_med=42.7dB  overall 1.5 fits/s
shard_k2_041216: 256 fits in 10.1s  psnr_med=43.0dB  overall 1.5 fits/s
shard_k2_041472: 256 fits in 10.3s  psnr_med=42.3dB  overall 1.5 fits/s
shard_k2_041728: 256 fits in 10.3s  psnr_med=42.6dB  overall 1.5 fits/s
shard_k2_041984: 256 fits in 10.1s  psnr_med=42.5dB  overall 1.5 fits/s
shard_k2_042240: 256 fits in 10.3s  psnr_med=42.8dB  overall 1.5 fits/s
shard_k2_042496: 256 fits in 10.2s  psnr_med=42.3dB  overall 1.5 fits/s
shard_k2_042752: 256 fits in 10.9s  psnr_med=42.0dB  overall 1.5 fits/s
shard_k2_043008: 256 fits in 10.4s  psnr_med=43.0dB  overall 1.5 fits/s
shard_k2_043264: 256 fits in 10.2s  psnr_med=42.5dB  overall 1.5 fits/s
shard_k2_043520: 256 fits in 10.1s  psnr_med=42.6dB  overall 1.5 fits/s
shard_k2_043776: 256 fits in 10.3s  psnr_med=43.0dB  overall 1.5 fits/s
shard_k2_044032: 256 fits in 10.2s  psnr_med=42.6dB  overall 1.5 fits/s
shard_k2_044288: 256 fits in 10.3s  psnr_med=42.3dB  overall 1.6 fits/s
shard_k2_044544: 256 fits in 10.4s  psnr_med=42.9dB  overall 1.6 fits/s
shard_k2_044800: 256 fits in 10.1s  psnr_med=42.4dB  overall 1.6 fits/s
shard_k2_045056: 256 fits in 10.3s  psnr_med=42.9dB  overall 1.6 fits/s
shard_k2_045312: 256 fits in 10.2s  psnr_med=42.6dB  overall 1.6 fits/s
shard_k2_045568: 256 fits in 10.2s  psnr_med=42.7dB  overall 1.6 fits/s
shard_k2_045824: 256 fits in 10.2s  psnr_med=42.4dB  overall 1.6 fits/s
shard_k2_046080: 256 fits in 10.3s  psnr_med=42.2dB  overall 1.6 fits/s
shard_k2_046336: 256 fits in 10.2s  psnr_med=42.3dB  overall 1.6 fits/s
shard_k2_046592: 256 fits in 10.3s  psnr_med=42.6dB  overall 1.6 fits/s
shard_k2_046848: 256 fits in 10.2s  psnr_med=42.5dB  overall 1.6 fits/s
shard_k2_047104: 256 fits in 10.2s  psnr_med=43.3dB  overall 1.6 fits/s
shard_k2_047360: 256 fits in 10.2s  psnr_med=42.7dB  overall 1.6 fits/s
shard_k2_047616: 256 fits in 10.2s  psnr_med=42.2dB  overall 1.6 fits/s
shard_k2_047872: 256 fits in 10.6s  psnr_med=42.9dB  overall 1.6 fits/s
shard_k2_048128: 256 fits in 10.3s  psnr_med=42.5dB  overall 1.6 fits/s
shard_k2_048384: 256 fits in 10.2s  psnr_med=42.5dB  overall 1.6 fits/s
shard_k2_048640: 256 fits in 10.2s  psnr_med=43.0dB  overall 1.6 fits/s
shard_k2_048896: 256 fits in 10.3s  psnr_med=43.1dB  overall 1.6 fits/s
shard_k2_049152: 256 fits in 10.2s  psnr_med=42.5dB  overall 1.6 fits/s
shard_k2_049408: 256 fits in 10.1s  psnr_med=42.9dB  overall 1.6 fits/s
shard_k2_049664: 256 fits in 10.4s  psnr_med=42.4dB  overall 1.6 fits/s
shard_k2_049920: 256 fits in 10.2s  psnr_med=42.4dB  overall 1.6 fits/s
shard_k2_050176: 256 fits in 11.2s  psnr_med=42.5dB  overall 1.6 fits/s
shard_k2_050432: 256 fits in 10.9s  psnr_med=42.4dB  overall 1.6 fits/s
shard_k2_050688: 256 fits in 10.4s  psnr_med=42.6dB  overall 1.6 fits/s
shard_k2_050944: 256 fits in 10.2s  psnr_med=43.0dB  overall 1.6 fits/s
shard_k2_051200: 256 fits in 10.3s  psnr_med=43.1dB  overall 1.6 fits/s
shard_k2_051456: 256 fits in 10.2s  psnr_med=43.5dB  overall 1.6 fits/s
shard_k2_051712: 256 fits in 10.2s  psnr_med=43.0dB  overall 1.6 fits/s
shard_k2_051968: 256 fits in 10.5s  psnr_med=42.1dB  overall 1.6 fits/s
shard_k2_052224: 256 fits in 11.1s  psnr_med=42.4dB  overall 1.6 fits/s
shard_k2_052480: 256 fits in 11.2s  psnr_med=42.4dB  overall 1.6 fits/s
shard_k2_052736: 256 fits in 11.0s  psnr_med=43.0dB  overall 1.6 fits/s
shard_k2_052992: 256 fits in 10.4s  psnr_med=42.2dB  overall 1.6 fits/s
shard_k2_053248: 256 fits in 10.3s  psnr_med=42.7dB  overall 1.6 fits/s
shard_k2_053504: 256 fits in 10.4s  psnr_med=42.7dB  overall 1.6 fits/s
shard_k2_053760: 256 fits in 10.1s  psnr_med=42.6dB  overall 1.6 fits/s
shard_k2_054016: 256 fits in 10.4s  psnr_med=42.5dB  overall 1.6 fits/s
shard_k2_054272: 256 fits in 10.1s  psnr_med=42.9dB  overall 1.6 fits/s
shard_k2_054528: 256 fits in 10.2s  psnr_med=42.6dB  overall 1.6 fits/s
shard_k2_054784: 216 fits in 8.8s  psnr_med=42.9dB  overall 1.7 fits/s
shard_k3_000000: 256 fits in 10.2s  psnr_med=42.5dB  overall 1.7 fits/s
shard_k3_000256: 256 fits in 10.7s  psnr_med=42.3dB  overall 1.7 fits/s
shard_k3_000512: 256 fits in 10.2s  psnr_med=42.1dB  overall 1.7 fits/s
shard_k3_000768: 256 fits in 10.3s  psnr_med=42.5dB  overall 1.7 fits/s
shard_k3_001024: 256 fits in 10.3s  psnr_med=42.3dB  overall 1.7 fits/s
shard_k3_001280: 256 fits in 10.2s  psnr_med=42.2dB  overall 1.7 fits/s
shard_k3_001536: 256 fits in 10.4s  psnr_med=42.5dB  overall 1.7 fits/s
shard_k3_001792: 256 fits in 10.2s  psnr_med=42.7dB  overall 1.7 fits/s
shard_k3_002048: 256 fits in 10.2s  psnr_med=42.7dB  overall 1.7 fits/s
shard_k3_002304: 256 fits in 10.2s  psnr_med=42.3dB  overall 1.7 fits/s
shard_k3_002560: 256 fits in 10.5s  psnr_med=42.2dB  overall 1.7 fits/s
shard_k3_002816: 256 fits in 10.3s  psnr_med=42.5dB  overall 1.7 fits/s
shard_k3_003072: 256 fits in 10.5s  psnr_med=42.7dB  overall 1.7 fits/s
shard_k3_003328: 256 fits in 10.2s  psnr_med=42.9dB  overall 1.7 fits/s
shard_k3_003584: 256 fits in 10.3s  psnr_med=42.8dB  overall 1.7 fits/s
shard_k3_003840: 256 fits in 10.2s  psnr_med=42.4dB  overall 1.7 fits/s
shard_k3_004096: 256 fits in 10.3s  psnr_med=42.5dB  overall 1.7 fits/s
shard_k3_004352: 256 fits in 10.4s  psnr_med=42.8dB  overall 1.7 fits/s
shard_k3_004608: 256 fits in 10.1s  psnr_med=42.6dB  overall 1.7 fits/s
shard_k3_004864: 256 fits in 10.3s  psnr_med=42.7dB  overall 1.7 fits/s
shard_k3_005120: 256 fits in 10.3s  psnr_med=42.5dB  overall 1.7 fits/s
shard_k3_005376: 256 fits in 10.2s  psnr_med=42.4dB  overall 1.7 fits/s
shard_k3_005632: 256 fits in 10.2s  psnr_med=42.2dB  overall 1.7 fits/s
shard_k3_005888: 256 fits in 10.6s  psnr_med=42.4dB  overall 1.7 fits/s
shard_k3_006144: 256 fits in 10.2s  psnr_med=41.8dB  overall 1.7 fits/s
shard_k3_006400: 256 fits in 10.3s  psnr_med=42.4dB  overall 1.7 fits/s
shard_k3_006656: 256 fits in 10.2s  psnr_med=42.8dB  overall 1.7 fits/s
shard_k3_006912: 256 fits in 10.4s  psnr_med=42.3dB  overall 1.7 fits/s
shard_k3_007168: 256 fits in 10.3s  psnr_med=42.9dB  overall 1.7 fits/s
shard_k3_007424: 256 fits in 10.3s  psnr_med=42.6dB  overall 1.7 fits/s
shard_k3_007680: 256 fits in 10.1s  psnr_med=42.5dB  overall 1.7 fits/s
shard_k3_007936: 256 fits in 10.3s  psnr_med=42.5dB  overall 1.7 fits/s
shard_k3_008192: 256 fits in 10.1s  psnr_med=43.0dB  overall 1.7 fits/s
shard_k3_008448: 256 fits in 10.2s  psnr_med=42.5dB  overall 1.7 fits/s
shard_k3_008704: 256 fits in 10.5s  psnr_med=43.0dB  overall 1.7 fits/s
shard_k3_008960: 256 fits in 10.2s  psnr_med=42.7dB  overall 1.7 fits/s
shard_k3_009216: 256 fits in 10.3s  psnr_med=42.4dB  overall 1.7 fits/s
shard_k3_009472: 256 fits in 10.3s  psnr_med=42.5dB  overall 1.7 fits/s
shard_k3_009728: 256 fits in 10.1s  psnr_med=42.8dB  overall 1.7 fits/s
shard_k3_009984: 256 fits in 10.2s  psnr_med=42.5dB  overall 1.7 fits/s
shard_k3_010240: 256 fits in 10.2s  psnr_med=42.1dB  overall 1.7 fits/s
shard_k3_010496: 256 fits in 10.3s  psnr_med=42.6dB  overall 1.8 fits/s
shard_k3_010752: 256 fits in 10.2s  psnr_med=42.7dB  overall 1.8 fits/s
shard_k3_011008: 256 fits in 10.3s  psnr_med=42.2dB  overall 1.8 fits/s
shard_k3_011264: 256 fits in 10.2s  psnr_med=42.0dB  overall 1.8 fits/s
shard_k3_011520: 256 fits in 10.4s  psnr_med=43.0dB  overall 1.8 fits/s
shard_k3_011776: 256 fits in 10.2s  psnr_med=42.3dB  overall 1.8 fits/s
shard_k3_012032: 256 fits in 10.3s  psnr_med=42.3dB  overall 1.8 fits/s
shard_k3_012288: 256 fits in 10.2s  psnr_med=42.9dB  overall 1.8 fits/s
shard_k3_012544: 256 fits in 10.2s  psnr_med=43.0dB  overall 1.8 fits/s
shard_k3_012800: 256 fits in 10.2s  psnr_med=42.9dB  overall 1.8 fits/s
shard_k3_013056: 256 fits in 10.2s  psnr_med=42.2dB  overall 1.8 fits/s
shard_k3_013312: 256 fits in 10.4s  psnr_med=42.4dB  overall 1.8 fits/s
shard_k3_013568: 256 fits in 10.1s  psnr_med=42.0dB  overall 1.8 fits/s
shard_k3_013824: 256 fits in 10.2s  psnr_med=42.6dB  overall 1.8 fits/s
shard_k3_014080: 256 fits in 10.3s  psnr_med=42.3dB  overall 1.8 fits/s
shard_k3_014336: 256 fits in 10.2s  psnr_med=42.4dB  overall 1.8 fits/s
shard_k3_014592: 256 fits in 10.2s  psnr_med=42.9dB  overall 1.8 fits/s
shard_k3_014848: 256 fits in 10.3s  psnr_med=42.6dB  overall 1.8 fits/s
shard_k3_015104: 256 fits in 10.1s  psnr_med=42.7dB  overall 1.8 fits/s
shard_k3_015360: 256 fits in 10.3s  psnr_med=41.8dB  overall 1.8 fits/s
shard_k3_015616: 256 fits in 10.1s  psnr_med=42.5dB  overall 1.8 fits/s
shard_k3_015872: 256 fits in 10.2s  psnr_med=42.0dB  overall 1.8 fits/s
shard_k3_016128: 256 fits in 10.3s  psnr_med=42.2dB  overall 1.8 fits/s
shard_k3_016384: 256 fits in 10.3s  psnr_med=42.2dB  overall 1.8 fits/s
shard_k3_016640: 256 fits in 10.2s  psnr_med=43.1dB  overall 1.8 fits/s
shard_k3_016896: 256 fits in 10.5s  psnr_med=42.9dB  overall 1.8 fits/s
shard_k3_017152: 256 fits in 10.2s  psnr_med=41.5dB  overall 1.8 fits/s
shard_k3_017408: 256 fits in 10.3s  psnr_med=42.5dB  overall 1.8 fits/s
shard_k3_017664: 256 fits in 10.3s  psnr_med=42.2dB  overall 1.8 fits/s
shard_k3_017920: 256 fits in 10.1s  psnr_med=42.0dB  overall 1.8 fits/s
shard_k3_018176: 256 fits in 10.3s  psnr_med=42.4dB  overall 1.8 fits/s
shard_k3_018432: 256 fits in 10.3s  psnr_med=42.2dB  overall 1.8 fits/s
shard_k3_018688: 256 fits in 10.1s  psnr_med=42.6dB  overall 1.8 fits/s
shard_k3_018944: 256 fits in 10.2s  psnr_med=42.4dB  overall 1.8 fits/s
shard_k3_019200: 256 fits in 10.5s  psnr_med=43.0dB  overall 1.8 fits/s
shard_k3_019456: 256 fits in 10.2s  psnr_med=42.7dB  overall 1.8 fits/s
shard_k3_019712: 256 fits in 10.1s  psnr_med=43.2dB  overall 1.8 fits/s
shard_k3_019968: 256 fits in 10.2s  psnr_med=42.6dB  overall 1.8 fits/s
shard_k3_020224: 256 fits in 10.2s  psnr_med=42.2dB  overall 1.8 fits/s
shard_k3_020480: 256 fits in 10.1s  psnr_med=42.6dB  overall 1.8 fits/s
shard_k3_020736: 256 fits in 10.3s  psnr_med=42.5dB  overall 1.8 fits/s
shard_k3_020992: 256 fits in 10.3s  psnr_med=42.0dB  overall 1.8 fits/s
shard_k3_021248: 256 fits in 10.2s  psnr_med=42.9dB  overall 1.8 fits/s
shard_k3_021504: 256 fits in 10.2s  psnr_med=42.5dB  overall 1.9 fits/s
shard_k3_021760: 256 fits in 10.2s  psnr_med=42.3dB  overall 1.9 fits/s
shard_k3_022016: 256 fits in 10.3s  psnr_med=42.2dB  overall 1.9 fits/s
shard_k3_022272: 256 fits in 10.3s  psnr_med=42.9dB  overall 1.9 fits/s
shard_k3_022528: 256 fits in 10.3s  psnr_med=42.7dB  overall 1.9 fits/s
shard_k3_022784: 256 fits in 10.1s  psnr_med=42.5dB  overall 1.9 fits/s
shard_k3_023040: 256 fits in 10.3s  psnr_med=42.3dB  overall 1.9 fits/s
shard_k3_023296: 256 fits in 10.3s  psnr_med=42.8dB  overall 1.9 fits/s
shard_k3_023552: 256 fits in 10.0s  psnr_med=43.0dB  overall 1.9 fits/s
shard_k3_023808: 256 fits in 10.4s  psnr_med=42.6dB  overall 1.9 fits/s
shard_k3_024064: 256 fits in 10.1s  psnr_med=42.5dB  overall 1.9 fits/s
shard_k3_024320: 256 fits in 10.3s  psnr_med=42.7dB  overall 1.9 fits/s
shard_k3_024576: 256 fits in 10.4s  psnr_med=42.7dB  overall 1.9 fits/s
shard_k3_024832: 256 fits in 10.1s  psnr_med=42.3dB  overall 1.9 fits/s
shard_k3_025088: 256 fits in 10.2s  psnr_med=42.4dB  overall 1.9 fits/s
shard_k3_025344: 256 fits in 10.6s  psnr_med=42.1dB  overall 1.9 fits/s
shard_k3_025600: 256 fits in 9.9s  psnr_med=42.1dB  overall 1.9 fits/s
shard_k3_025856: 256 fits in 10.3s  psnr_med=42.6dB  overall 1.9 fits/s
shard_k3_026112: 256 fits in 10.2s  psnr_med=42.4dB  overall 1.9 fits/s
shard_k3_026368: 256 fits in 10.2s  psnr_med=42.6dB  overall 1.9 fits/s
shard_k3_026624: 256 fits in 10.3s  psnr_med=42.3dB  overall 1.9 fits/s
shard_k3_026880: 256 fits in 10.2s  psnr_med=42.8dB  overall 1.9 fits/s
shard_k3_027136: 256 fits in 10.2s  psnr_med=42.5dB  overall 1.9 fits/s
shard_k3_027392: 256 fits in 10.3s  psnr_med=42.7dB  overall 1.9 fits/s
shard_k3_027648: 256 fits in 10.3s  psnr_med=42.7dB  overall 1.9 fits/s
shard_k3_027904: 256 fits in 10.1s  psnr_med=41.9dB  overall 1.9 fits/s
shard_k3_028160: 256 fits in 10.3s  psnr_med=42.5dB  overall 1.9 fits/s
shard_k3_028416: 256 fits in 10.2s  psnr_med=42.7dB  overall 1.9 fits/s
shard_k3_028672: 256 fits in 10.1s  psnr_med=43.0dB  overall 1.9 fits/s
shard_k3_028928: 256 fits in 10.3s  psnr_med=41.6dB  overall 1.9 fits/s
shard_k3_029184: 256 fits in 10.2s  psnr_med=42.5dB  overall 1.9 fits/s
shard_k3_029440: 256 fits in 10.2s  psnr_med=42.1dB  overall 1.9 fits/s
shard_k3_029696: 256 fits in 10.3s  psnr_med=42.8dB  overall 1.9 fits/s
shard_k3_029952: 256 fits in 10.3s  psnr_med=42.2dB  overall 1.9 fits/s
shard_k3_030208: 256 fits in 10.3s  psnr_med=43.3dB  overall 1.9 fits/s
shard_k3_030464: 256 fits in 10.3s  psnr_med=42.3dB  overall 1.9 fits/s
shard_k3_030720: 256 fits in 10.1s  psnr_med=41.9dB  overall 1.9 fits/s
shard_k3_030976: 256 fits in 10.2s  psnr_med=42.7dB  overall 1.9 fits/s
shard_k3_031232: 256 fits in 10.3s  psnr_med=42.6dB  overall 1.9 fits/s
shard_k3_031488: 256 fits in 10.4s  psnr_med=42.4dB  overall 1.9 fits/s
shard_k3_031744: 256 fits in 10.1s  psnr_med=42.9dB  overall 1.9 fits/s
shard_k3_032000: 256 fits in 10.3s  psnr_med=42.6dB  overall 1.9 fits/s
shard_k3_032256: 256 fits in 10.2s  psnr_med=42.1dB  overall 2.0 fits/s
shard_k3_032512: 256 fits in 10.5s  psnr_med=42.1dB  overall 2.0 fits/s
shard_k3_032768: 256 fits in 10.2s  psnr_med=42.2dB  overall 2.0 fits/s
shard_k3_033024: 256 fits in 10.3s  psnr_med=42.8dB  overall 2.0 fits/s
shard_k3_033280: 256 fits in 10.3s  psnr_med=42.8dB  overall 2.0 fits/s
shard_k3_033536: 256 fits in 10.1s  psnr_med=42.5dB  overall 2.0 fits/s
shard_k3_033792: 256 fits in 10.3s  psnr_med=43.0dB  overall 2.0 fits/s
shard_k3_034048: 256 fits in 10.3s  psnr_med=43.1dB  overall 2.0 fits/s
shard_k3_034304: 256 fits in 10.3s  psnr_med=42.6dB  overall 2.0 fits/s
shard_k3_034560: 256 fits in 10.2s  psnr_med=42.5dB  overall 2.0 fits/s
shard_k3_034816: 256 fits in 10.2s  psnr_med=42.9dB  overall 2.0 fits/s
shard_k3_035072: 256 fits in 10.1s  psnr_med=42.6dB  overall 2.0 fits/s
shard_k3_035328: 256 fits in 10.2s  psnr_med=42.2dB  overall 2.0 fits/s
shard_k3_035584: 256 fits in 10.3s  psnr_med=42.2dB  overall 2.0 fits/s
shard_k3_035840: 256 fits in 10.6s  psnr_med=42.2dB  overall 2.0 fits/s
shard_k3_036096: 256 fits in 10.2s  psnr_med=42.8dB  overall 2.0 fits/s
shard_k3_036352: 256 fits in 10.1s  psnr_med=41.9dB  overall 2.0 fits/s
shard_k3_036608: 256 fits in 10.3s  psnr_med=42.5dB  overall 2.0 fits/s
shard_k3_036864: 256 fits in 10.2s  psnr_med=42.5dB  overall 2.0 fits/s
shard_k3_037120: 256 fits in 10.3s  psnr_med=43.0dB  overall 2.0 fits/s
shard_k3_037376: 256 fits in 10.3s  psnr_med=42.3dB  overall 2.0 fits/s
shard_k3_037632: 256 fits in 10.1s  psnr_med=42.5dB  overall 2.0 fits/s
shard_k3_037888: 256 fits in 10.3s  psnr_med=42.9dB  overall 2.0 fits/s
shard_k3_038144: 256 fits in 10.2s  psnr_med=42.5dB  overall 2.0 fits/s
shard_k3_038400: 256 fits in 10.2s  psnr_med=42.2dB  overall 2.0 fits/s
shard_k3_038656: 256 fits in 10.2s  psnr_med=42.7dB  overall 2.0 fits/s
shard_k3_038912: 256 fits in 10.3s  psnr_med=42.2dB  overall 2.0 fits/s
shard_k3_039168: 256 fits in 10.2s  psnr_med=42.1dB  overall 2.0 fits/s
shard_k3_039424: 256 fits in 10.4s  psnr_med=42.0dB  overall 2.0 fits/s
shard_k3_039680: 256 fits in 10.3s  psnr_med=42.5dB  overall 2.0 fits/s
shard_k3_039936: 256 fits in 10.3s  psnr_med=42.4dB  overall 2.0 fits/s
shard_k3_040192: 256 fits in 10.3s  psnr_med=42.6dB  overall 2.0 fits/s
shard_k3_040448: 256 fits in 11.0s  psnr_med=42.1dB  overall 2.0 fits/s
shard_k3_040704: 256 fits in 10.4s  psnr_med=42.6dB  overall 2.0 fits/s
shard_k3_040960: 256 fits in 11.8s  psnr_med=42.6dB  overall 2.0 fits/s
shard_k3_041216: 256 fits in 13.1s  psnr_med=42.7dB  overall 2.0 fits/s
shard_k3_041472: 256 fits in 11.2s  psnr_med=42.4dB  overall 2.0 fits/s
shard_k3_041728: 256 fits in 10.6s  psnr_med=43.3dB  overall 2.0 fits/s
shard_k3_041984: 256 fits in 10.4s  psnr_med=43.2dB  overall 2.0 fits/s
shard_k3_042240: 256 fits in 10.3s  psnr_med=42.4dB  overall 2.0 fits/s
shard_k3_042496: 256 fits in 10.1s  psnr_med=42.6dB  overall 2.0 fits/s
shard_k3_042752: 256 fits in 10.3s  psnr_med=42.9dB  overall 2.0 fits/s
shard_k3_043008: 256 fits in 10.2s  psnr_med=43.4dB  overall 2.0 fits/s
shard_k3_043264: 256 fits in 10.6s  psnr_med=42.5dB  overall 2.0 fits/s
shard_k3_043520: 256 fits in 11.6s  psnr_med=42.7dB  overall 2.1 fits/s
shard_k3_043776: 256 fits in 10.8s  psnr_med=42.7dB  overall 2.1 fits/s
shard_k3_044032: 256 fits in 10.4s  psnr_med=42.3dB  overall 2.1 fits/s
shard_k3_044288: 256 fits in 10.5s  psnr_med=42.1dB  overall 2.1 fits/s
shard_k3_044544: 256 fits in 10.3s  psnr_med=42.6dB  overall 2.1 fits/s
shard_k3_044800: 256 fits in 10.3s  psnr_med=42.3dB  overall 2.1 fits/s
shard_k3_045056: 256 fits in 10.2s  psnr_med=42.6dB  overall 2.1 fits/s
shard_k3_045312: 256 fits in 10.3s  psnr_med=42.1dB  overall 2.1 fits/s
shard_k3_045568: 256 fits in 10.4s  psnr_med=42.3dB  overall 2.1 fits/s
shard_k3_045824: 256 fits in 10.2s  psnr_med=42.5dB  overall 2.1 fits/s
shard_k3_046080: 256 fits in 10.5s  psnr_med=42.3dB  overall 2.1 fits/s
shard_k3_046336: 256 fits in 10.2s  psnr_med=42.4dB  overall 2.1 fits/s
shard_k3_046592: 256 fits in 10.3s  psnr_med=42.7dB  overall 2.1 fits/s
shard_k3_046848: 256 fits in 10.2s  psnr_med=42.0dB  overall 2.1 fits/s
shard_k3_047104: 256 fits in 10.3s  psnr_med=43.0dB  overall 2.1 fits/s
shard_k3_047360: 256 fits in 10.5s  psnr_med=42.5dB  overall 2.1 fits/s
shard_k3_047616: 256 fits in 10.3s  psnr_med=41.9dB  overall 2.1 fits/s
shard_k3_047872: 256 fits in 10.2s  psnr_med=43.0dB  overall 2.1 fits/s
shard_k3_048128: 256 fits in 10.4s  psnr_med=42.6dB  overall 2.1 fits/s
shard_k3_048384: 256 fits in 10.0s  psnr_med=42.2dB  overall 2.1 fits/s
shard_k3_048640: 256 fits in 10.2s  psnr_med=43.2dB  overall 2.1 fits/s
shard_k3_048896: 256 fits in 10.3s  psnr_med=43.0dB  overall 2.1 fits/s
shard_k3_049152: 256 fits in 10.8s  psnr_med=42.8dB  overall 2.1 fits/s
shard_k3_049408: 256 fits in 12.5s  psnr_med=42.9dB  overall 2.1 fits/s
shard_k3_049664: 256 fits in 12.7s  psnr_med=42.3dB  overall 2.1 fits/s
shard_k3_049920: 256 fits in 12.8s  psnr_med=42.3dB  overall 2.1 fits/s
shard_k3_050176: 256 fits in 12.7s  psnr_med=42.4dB  overall 2.1 fits/s
shard_k3_050432: 256 fits in 10.5s  psnr_med=42.8dB  overall 2.1 fits/s
shard_k3_050688: 256 fits in 10.2s  psnr_med=42.5dB  overall 2.1 fits/s
shard_k3_050944: 256 fits in 10.2s  psnr_med=42.5dB  overall 2.1 fits/s
shard_k3_051200: 256 fits in 10.2s  psnr_med=42.4dB  overall 2.1 fits/s
shard_k3_051456: 256 fits in 10.2s  psnr_med=43.0dB  overall 2.1 fits/s
shard_k3_051712: 256 fits in 10.3s  psnr_med=42.7dB  overall 2.1 fits/s
shard_k3_051968: 256 fits in 10.4s  psnr_med=42.4dB  overall 2.1 fits/s
shard_k3_052224: 256 fits in 10.2s  psnr_med=42.4dB  overall 2.1 fits/s
shard_k3_052480: 256 fits in 10.6s  psnr_med=42.5dB  overall 2.1 fits/s
shard_k3_052736: 256 fits in 10.3s  psnr_med=42.9dB  overall 2.1 fits/s
shard_k3_052992: 256 fits in 10.2s  psnr_med=42.1dB  overall 2.1 fits/s
shard_k3_053248: 256 fits in 148.6s  psnr_med=42.0dB  overall 2.1 fits/s
shard_k3_053504: 256 fits in 10.2s  psnr_med=42.3dB  overall 2.1 fits/s
shard_k3_053760: 256 fits in 10.1s  psnr_med=42.7dB  overall 2.1 fits/s
shard_k3_054016: 256 fits in 10.2s  psnr_med=43.1dB  overall 2.1 fits/s
shard_k3_054272: 256 fits in 958.2s  psnr_med=42.7dB  overall 2.1 fits/s
shard_k3_054528: 256 fits in 10.3s  psnr_med=42.6dB  overall 2.1 fits/s
shard_k3_054784: 216 fits in 8.7s  psnr_med=42.4dB  overall 2.1 fits/s
shard_k4_000000: 256 fits in 10.3s  psnr_med=42.5dB  overall 2.1 fits/s
shard_k4_000256: 256 fits in 947.8s  psnr_med=42.2dB  overall 2.1 fits/s
shard_k4_000512: 256 fits in 10.9s  psnr_med=42.6dB  overall 2.1 fits/s
shard_k4_000768: 256 fits in 10.1s  psnr_med=42.1dB  overall 2.1 fits/s
shard_k4_001024: 256 fits in 10.2s  psnr_med=42.4dB  overall 2.1 fits/s
shard_k4_001280: 256 fits in 10.1s  psnr_med=42.6dB  overall 2.1 fits/s
shard_k4_001536: 256 fits in 1000.7s  psnr_med=42.6dB  overall 2.1 fits/s
shard_k4_001792: 256 fits in 10.2s  psnr_med=42.9dB  overall 2.1 fits/s
shard_k4_002048: 256 fits in 10.0s  psnr_med=42.5dB  overall 2.1 fits/s
shard_k4_002304: 256 fits in 10.2s  psnr_med=42.2dB  overall 2.1 fits/s
shard_k4_002560: 256 fits in 616.3s  psnr_med=42.6dB  overall 2.1 fits/s
shard_k4_002816: 256 fits in 10.2s  psnr_med=42.2dB  overall 2.1 fits/s
shard_k4_003072: 256 fits in 10.3s  psnr_med=42.5dB  overall 2.1 fits/s
shard_k4_003328: 256 fits in 10.3s  psnr_med=42.6dB  overall 2.1 fits/s
shard_k4_003584: 256 fits in 10.1s  psnr_med=42.7dB  overall 2.1 fits/s
shard_k4_003840: 256 fits in 1055.6s  psnr_med=42.2dB  overall 2.1 fits/s
shard_k4_004096: 256 fits in 10.1s  psnr_med=42.5dB  overall 2.1 fits/s
shard_k4_004352: 256 fits in 10.3s  psnr_med=42.8dB  overall 2.1 fits/s
shard_k4_004608: 256 fits in 10.3s  psnr_med=42.6dB  overall 2.1 fits/s
shard_k4_004864: 256 fits in 993.2s  psnr_med=42.5dB  overall 2.1 fits/s
shard_k4_005120: 256 fits in 10.0s  psnr_med=42.7dB  overall 2.1 fits/s
shard_k4_005376: 256 fits in 10.2s  psnr_med=42.5dB  overall 2.1 fits/s
shard_k4_005632: 256 fits in 10.2s  psnr_med=42.7dB  overall 2.1 fits/s
shard_k4_005888: 256 fits in 10.4s  psnr_med=42.3dB  overall 2.1 fits/s
shard_k4_006144: 256 fits in 931.6s  psnr_med=43.0dB  overall 2.1 fits/s
shard_k4_006400: 256 fits in 10.2s  psnr_med=42.5dB  overall 2.1 fits/s
shard_k4_006656: 256 fits in 10.4s  psnr_med=42.6dB  overall 2.1 fits/s
shard_k4_006912: 256 fits in 10.3s  psnr_med=42.4dB  overall 2.1 fits/s
shard_k4_007168: 256 fits in 542.9s  psnr_med=42.6dB  overall 2.1 fits/s
shard_k4_007424: 256 fits in 10.1s  psnr_med=42.6dB  overall 2.1 fits/s
shard_k4_007680: 256 fits in 10.2s  psnr_med=43.1dB  overall 2.1 fits/s
shard_k4_007936: 256 fits in 10.2s  psnr_med=42.4dB  overall 2.1 fits/s
shard_k4_008192: 256 fits in 500.4s  psnr_med=42.9dB  overall 2.1 fits/s
shard_k4_008448: 256 fits in 10.2s  psnr_med=42.1dB  overall 2.1 fits/s
shard_k4_008704: 256 fits in 10.3s  psnr_med=42.7dB  overall 2.1 fits/s
shard_k4_008960: 256 fits in 10.2s  psnr_med=42.4dB  overall 2.1 fits/s
shard_k4_009216: 256 fits in 10.4s  psnr_med=43.4dB  overall 2.1 fits/s
shard_k4_009472: 256 fits in 939.4s  psnr_med=42.1dB  overall 2.1 fits/s
shard_k4_009728: 256 fits in 10.2s  psnr_med=42.6dB  overall 2.1 fits/s
shard_k4_009984: 256 fits in 10.4s  psnr_med=42.1dB  overall 2.1 fits/s
shard_k4_010240: 256 fits in 10.5s  psnr_med=42.8dB  overall 2.1 fits/s
shard_k4_010496: 256 fits in 1005.5s  psnr_med=42.5dB  overall 2.1 fits/s
shard_k4_010752: 256 fits in 10.0s  psnr_med=42.6dB  overall 2.1 fits/s
shard_k4_011008: 256 fits in 10.3s  psnr_med=42.4dB  overall 2.1 fits/s
shard_k4_011264: 256 fits in 10.1s  psnr_med=42.5dB  overall 2.1 fits/s
shard_k4_011520: 256 fits in 10.2s  psnr_med=42.9dB  overall 2.1 fits/s
shard_k4_011776: 256 fits in 954.7s  psnr_med=42.5dB  overall 2.1 fits/s
shard_k4_012032: 256 fits in 10.2s  psnr_med=42.6dB  overall 2.1 fits/s
shard_k4_012288: 256 fits in 10.2s  psnr_med=42.5dB  overall 2.1 fits/s
shard_k4_012544: 256 fits in 10.1s  psnr_med=42.7dB  overall 2.1 fits/s
shard_k4_012800: 256 fits in 87.8s  psnr_med=42.8dB  overall 2.1 fits/s
shard_k4_013056: 256 fits in 10.1s  psnr_med=42.4dB  overall 2.1 fits/s
shard_k4_013312: 256 fits in 10.1s  psnr_med=42.1dB  overall 2.1 fits/s
shard_k4_013568: 256 fits in 10.1s  psnr_med=42.1dB  overall 2.1 fits/s
shard_k4_013824: 256 fits in 10.3s  psnr_med=42.5dB  overall 2.1 fits/s
shard_k4_014080: 256 fits in 927.7s  psnr_med=42.7dB  overall 2.1 fits/s
shard_k4_014336: 256 fits in 10.4s  psnr_med=42.4dB  overall 2.1 fits/s
shard_k4_014592: 256 fits in 10.1s  psnr_med=42.9dB  overall 2.1 fits/s
shard_k4_014848: 256 fits in 10.3s  psnr_med=42.6dB  overall 2.1 fits/s
shard_k4_015104: 256 fits in 927.0s  psnr_med=42.8dB  overall 2.0 fits/s
shard_k4_015360: 256 fits in 10.2s  psnr_med=42.2dB  overall 2.0 fits/s
shard_k4_015616: 256 fits in 10.0s  psnr_med=42.4dB  overall 2.0 fits/s
shard_k4_015872: 256 fits in 10.0s  psnr_med=42.6dB  overall 2.0 fits/s
shard_k4_016128: 256 fits in 946.9s  psnr_med=42.6dB  overall 2.0 fits/s
shard_k4_016384: 256 fits in 9.9s  psnr_med=42.9dB  overall 2.0 fits/s
shard_k4_016640: 256 fits in 10.3s  psnr_med=43.1dB  overall 2.0 fits/s
shard_k4_016896: 256 fits in 10.1s  psnr_med=43.2dB  overall 2.0 fits/s
shard_k4_017152: 256 fits in 10.1s  psnr_med=42.2dB  overall 2.0 fits/s
shard_k4_017408: 256 fits in 724.0s  psnr_med=42.2dB  overall 2.0 fits/s
shard_k4_017664: 256 fits in 10.1s  psnr_med=42.2dB  overall 2.0 fits/s
shard_k4_017920: 256 fits in 10.2s  psnr_med=42.7dB  overall 2.0 fits/s
shard_k4_018176: 256 fits in 10.3s  psnr_med=42.5dB  overall 2.0 fits/s
shard_k4_018432: 256 fits in 933.7s  psnr_med=42.2dB  overall 2.0 fits/s
shard_k4_018688: 256 fits in 10.1s  psnr_med=42.4dB  overall 2.0 fits/s
shard_k4_018944: 256 fits in 10.4s  psnr_med=42.5dB  overall 2.0 fits/s
shard_k4_019200: 256 fits in 10.2s  psnr_med=42.4dB  overall 2.0 fits/s
shard_k4_019456: 256 fits in 914.3s  psnr_med=42.5dB  overall 2.0 fits/s
shard_k4_019712: 256 fits in 10.1s  psnr_med=42.7dB  overall 2.0 fits/s
shard_k4_019968: 256 fits in 10.0s  psnr_med=42.7dB  overall 2.0 fits/s
shard_k4_020224: 256 fits in 10.3s  psnr_med=42.4dB  overall 2.0 fits/s
shard_k4_020480: 256 fits in 10.0s  psnr_med=42.7dB  overall 2.0 fits/s
shard_k4_020736: 256 fits in 984.3s  psnr_med=42.2dB  overall 2.0 fits/s
shard_k4_020992: 256 fits in 10.2s  psnr_med=42.8dB  overall 2.0 fits/s
shard_k4_021248: 256 fits in 10.0s  psnr_med=42.5dB  overall 2.0 fits/s
shard_k4_021504: 256 fits in 10.7s  psnr_med=42.5dB  overall 2.0 fits/s
shard_k4_021760: 256 fits in 692.4s  psnr_med=42.3dB  overall 2.0 fits/s
shard_k4_022016: 256 fits in 10.0s  psnr_med=42.0dB  overall 2.0 fits/s
shard_k4_022272: 256 fits in 10.2s  psnr_med=42.8dB  overall 2.0 fits/s
shard_k4_022528: 256 fits in 10.2s  psnr_med=43.1dB  overall 2.0 fits/s
shard_k4_022784: 256 fits in 10.1s  psnr_med=42.6dB  overall 2.0 fits/s
shard_k4_023040: 256 fits in 996.5s  psnr_med=42.7dB  overall 2.0 fits/s
shard_k4_023296: 256 fits in 10.5s  psnr_med=42.5dB  overall 2.0 fits/s
shard_k4_023552: 256 fits in 10.0s  psnr_med=42.5dB  overall 2.0 fits/s
shard_k4_023808: 256 fits in 10.4s  psnr_med=42.8dB  overall 2.0 fits/s
shard_k4_024064: 256 fits in 935.4s  psnr_med=42.3dB  overall 2.0 fits/s
shard_k4_024320: 256 fits in 10.3s  psnr_med=42.7dB  overall 2.0 fits/s
shard_k4_024576: 256 fits in 10.2s  psnr_med=42.3dB  overall 2.0 fits/s
shard_k4_024832: 256 fits in 10.3s  psnr_med=42.8dB  overall 2.0 fits/s
shard_k4_025088: 256 fits in 985.1s  psnr_med=42.7dB  overall 2.0 fits/s
shard_k4_025344: 256 fits in 9.9s  psnr_med=42.1dB  overall 2.0 fits/s
shard_k4_025600: 256 fits in 10.1s  psnr_med=42.8dB  overall 2.0 fits/s
shard_k4_025856: 256 fits in 10.2s  psnr_med=42.9dB  overall 2.0 fits/s
shard_k4_026112: 256 fits in 10.2s  psnr_med=42.6dB  overall 2.0 fits/s
shard_k4_026368: 256 fits in 608.0s  psnr_med=42.6dB  overall 2.0 fits/s
shard_k4_026624: 256 fits in 10.2s  psnr_med=42.9dB  overall 2.0 fits/s
shard_k4_026880: 256 fits in 10.2s  psnr_med=42.5dB  overall 2.0 fits/s
shard_k4_027136: 256 fits in 10.2s  psnr_med=42.3dB  overall 2.0 fits/s
shard_k4_027392: 256 fits in 949.5s  psnr_med=42.4dB  overall 2.0 fits/s
shard_k4_027648: 256 fits in 10.3s  psnr_med=42.5dB  overall 2.0 fits/s
shard_k4_027904: 256 fits in 10.1s  psnr_med=42.2dB  overall 2.0 fits/s
shard_k4_028160: 256 fits in 10.0s  psnr_med=42.3dB  overall 2.0 fits/s
shard_k4_028416: 256 fits in 10.3s  psnr_med=43.0dB  overall 2.0 fits/s
shard_k4_028672: 256 fits in 950.5s  psnr_med=42.5dB  overall 2.0 fits/s
shard_k4_028928: 256 fits in 10.8s  psnr_med=42.8dB  overall 2.0 fits/s
shard_k4_029184: 256 fits in 10.4s  psnr_med=42.4dB  overall 2.0 fits/s
shard_k4_029440: 256 fits in 10.3s  psnr_med=42.3dB  overall 2.0 fits/s
shard_k4_029696: 256 fits in 918.4s  psnr_med=43.0dB  overall 2.0 fits/s
shard_k4_029952: 256 fits in 10.2s  psnr_med=43.1dB  overall 2.0 fits/s
shard_k4_030208: 256 fits in 10.2s  psnr_med=42.6dB  overall 2.0 fits/s
shard_k4_030464: 256 fits in 10.2s  psnr_med=42.4dB  overall 2.0 fits/s
shard_k4_030720: 256 fits in 705.2s  psnr_med=42.7dB  overall 2.0 fits/s
shard_k4_030976: 256 fits in 10.8s  psnr_med=42.7dB  overall 2.0 fits/s
shard_k4_031232: 256 fits in 11.9s  psnr_med=42.2dB  overall 2.0 fits/s
shard_k4_031488: 256 fits in 10.5s  psnr_med=42.8dB  overall 2.0 fits/s
shard_k4_031744: 256 fits in 10.5s  psnr_med=42.7dB  overall 2.0 fits/s
shard_k4_032000: 256 fits in 1013.1s  psnr_med=43.0dB  overall 2.0 fits/s
shard_k4_032256: 256 fits in 12.0s  psnr_med=42.4dB  overall 2.0 fits/s
shard_k4_032512: 256 fits in 12.2s  psnr_med=42.1dB  overall 2.0 fits/s
shard_k4_032768: 256 fits in 11.4s  psnr_med=42.4dB  overall 2.0 fits/s
shard_k4_033024: 256 fits in 11.0s  psnr_med=42.3dB  overall 2.0 fits/s
shard_k4_033280: 256 fits in 11.4s  psnr_med=42.3dB  overall 2.0 fits/s
shard_k4_033536: 256 fits in 11.4s  psnr_med=42.3dB  overall 2.0 fits/s
shard_k4_033792: 256 fits in 11.0s  psnr_med=42.7dB  overall 2.0 fits/s
shard_k4_034048: 256 fits in 11.1s  psnr_med=42.7dB  overall 2.0 fits/s
shard_k4_034304: 256 fits in 11.1s  psnr_med=42.5dB  overall 2.0 fits/s
shard_k4_034560: 256 fits in 11.5s  psnr_med=43.0dB  overall 2.0 fits/s
shard_k4_034816: 256 fits in 11.1s  psnr_med=42.6dB  overall 2.0 fits/s
shard_k4_035072: 256 fits in 11.1s  psnr_med=42.5dB  overall 2.0 fits/s
shard_k4_035328: 256 fits in 11.4s  psnr_med=42.5dB  overall 2.0 fits/s
shard_k4_035584: 256 fits in 1017.3s  psnr_med=42.2dB  overall 2.0 fits/s
shard_k4_035840: 256 fits in 14.1s  psnr_med=42.2dB  overall 2.0 fits/s
shard_k4_036096: 256 fits in 12.4s  psnr_med=42.5dB  overall 2.0 fits/s
shard_k4_036352: 256 fits in 12.0s  psnr_med=42.5dB  overall 2.0 fits/s
shard_k4_036608: 256 fits in 12.4s  psnr_med=43.0dB  overall 2.0 fits/s
shard_k4_036864: 256 fits in 992.3s  psnr_med=42.9dB  overall 2.0 fits/s
shard_k4_037120: 256 fits in 10.4s  psnr_med=42.8dB  overall 2.0 fits/s
shard_k4_037376: 256 fits in 10.2s  psnr_med=41.6dB  overall 2.0 fits/s
shard_k4_037632: 256 fits in 10.0s  psnr_med=41.9dB  overall 2.0 fits/s
shard_k4_037888: 256 fits in 369.2s  psnr_med=42.7dB  overall 2.0 fits/s
shard_k4_038144: 256 fits in 10.1s  psnr_med=42.4dB  overall 2.0 fits/s
shard_k4_038400: 256 fits in 10.3s  psnr_med=42.6dB  overall 2.0 fits/s
shard_k4_038656: 256 fits in 10.2s  psnr_med=43.1dB  overall 2.0 fits/s
shard_k4_038912: 256 fits in 10.1s  psnr_med=42.5dB  overall 2.0 fits/s
shard_k4_039168: 256 fits in 927.3s  psnr_med=42.3dB  overall 2.0 fits/s
shard_k4_039424: 256 fits in 10.9s  psnr_med=43.0dB  overall 2.0 fits/s
shard_k4_039680: 256 fits in 10.0s  psnr_med=42.5dB  overall 2.0 fits/s
shard_k4_039936: 256 fits in 10.1s  psnr_med=42.5dB  overall 2.0 fits/s
shard_k4_040192: 256 fits in 1050.4s  psnr_med=42.5dB  overall 1.9 fits/s
shard_k4_040448: 256 fits in 10.1s  psnr_med=42.7dB  overall 2.0 fits/s
shard_k4_040704: 256 fits in 9.9s  psnr_med=42.8dB  overall 2.0 fits/s
shard_k4_040960: 256 fits in 10.1s  psnr_med=42.7dB  overall 2.0 fits/s
shard_k4_041216: 256 fits in 982.3s  psnr_med=42.4dB  overall 1.9 fits/s
shard_k4_041472: 256 fits in 10.0s  psnr_med=42.5dB  overall 1.9 fits/s
shard_k4_041728: 256 fits in 10.3s  psnr_med=42.2dB  overall 1.9 fits/s
shard_k4_041984: 256 fits in 10.0s  psnr_med=43.2dB  overall 1.9 fits/s
shard_k4_042240: 256 fits in 10.1s  psnr_med=42.7dB  overall 1.9 fits/s
shard_k4_042496: 256 fits in 564.3s  psnr_med=42.2dB  overall 1.9 fits/s
shard_k4_042752: 256 fits in 10.1s  psnr_med=42.6dB  overall 1.9 fits/s
shard_k4_043008: 256 fits in 10.2s  psnr_med=43.5dB  overall 1.9 fits/s
shard_k4_043264: 256 fits in 10.4s  psnr_med=42.1dB  overall 1.9 fits/s
shard_k4_043520: 256 fits in 937.5s  psnr_med=42.3dB  overall 1.9 fits/s
shard_k4_043776: 256 fits in 10.0s  psnr_med=42.6dB  overall 1.9 fits/s
shard_k4_044032: 256 fits in 10.6s  psnr_med=43.1dB  overall 1.9 fits/s
shard_k4_044288: 256 fits in 10.2s  psnr_med=41.8dB  overall 1.9 fits/s
shard_k4_044544: 256 fits in 10.4s  psnr_med=42.6dB  overall 1.9 fits/s
shard_k4_044800: 256 fits in 1054.0s  psnr_med=42.6dB  overall 1.9 fits/s
shard_k4_045056: 256 fits in 10.1s  psnr_med=43.0dB  overall 1.9 fits/s
shard_k4_045312: 256 fits in 10.2s  psnr_med=42.2dB  overall 1.9 fits/s
shard_k4_045568: 256 fits in 10.2s  psnr_med=42.3dB  overall 1.9 fits/s
shard_k4_045824: 256 fits in 922.4s  psnr_med=42.2dB  overall 1.9 fits/s
shard_k4_046080: 256 fits in 10.3s  psnr_med=42.0dB  overall 1.9 fits/s
shard_k4_046336: 256 fits in 10.1s  psnr_med=42.5dB  overall 1.9 fits/s
shard_k4_046592: 256 fits in 10.0s  psnr_med=42.2dB  overall 1.9 fits/s
shard_k4_046848: 256 fits in 611.4s  psnr_med=42.4dB  overall 1.9 fits/s
shard_k4_047104: 256 fits in 10.1s  psnr_med=42.7dB  overall 1.9 fits/s
shard_k4_047360: 256 fits in 10.1s  psnr_med=43.1dB  overall 1.9 fits/s
shard_k4_047616: 256 fits in 10.2s  psnr_med=42.4dB  overall 1.9 fits/s
shard_k4_047872: 256 fits in 10.2s  psnr_med=42.3dB  overall 1.9 fits/s
shard_k4_048128: 256 fits in 778.3s  psnr_med=42.3dB  overall 1.9 fits/s
shard_k4_048384: 256 fits in 10.2s  psnr_med=42.5dB  overall 1.9 fits/s
shard_k4_048640: 256 fits in 10.2s  psnr_med=42.1dB  overall 1.9 fits/s
shard_k4_048896: 256 fits in 10.4s  psnr_med=42.5dB  overall 1.9 fits/s
shard_k4_049152: 256 fits in 935.6s  psnr_med=42.4dB  overall 1.9 fits/s
shard_k4_049408: 256 fits in 10.0s  psnr_med=42.2dB  overall 1.9 fits/s
shard_k4_049664: 256 fits in 10.2s  psnr_med=42.1dB  overall 1.9 fits/s
shard_k4_049920: 256 fits in 10.3s  psnr_med=42.9dB  overall 1.9 fits/s
shard_k4_050176: 256 fits in 10.2s  psnr_med=42.8dB  overall 1.9 fits/s
shard_k4_050432: 256 fits in 951.6s  psnr_med=42.8dB  overall 1.9 fits/s
shard_k4_050688: 256 fits in 10.2s  psnr_med=42.1dB  overall 1.9 fits/s
shard_k4_050944: 256 fits in 10.0s  psnr_med=42.7dB  overall 1.9 fits/s
shard_k4_051200: 256 fits in 10.2s  psnr_med=42.9dB  overall 1.9 fits/s
shard_k4_051456: 256 fits in 857.5s  psnr_med=43.2dB  overall 1.9 fits/s
shard_k4_051712: 256 fits in 10.2s  psnr_med=42.9dB  overall 1.9 fits/s
shard_k4_051968: 256 fits in 10.4s  psnr_med=42.1dB  overall 1.9 fits/s
shard_k4_052224: 256 fits in 10.2s  psnr_med=42.5dB  overall 1.9 fits/s
shard_k4_052480: 256 fits in 1002.1s  psnr_med=42.1dB  overall 1.9 fits/s
shard_k4_052736: 256 fits in 10.5s  psnr_med=42.2dB  overall 1.9 fits/s
shard_k4_052992: 256 fits in 10.1s  psnr_med=41.9dB  overall 1.9 fits/s
shard_k4_053248: 256 fits in 10.2s  psnr_med=42.7dB  overall 1.9 fits/s
shard_k4_053504: 256 fits in 10.3s  psnr_med=42.7dB  overall 1.9 fits/s
shard_k4_053760: 256 fits in 931.7s  psnr_med=42.7dB  overall 1.9 fits/s
shard_k4_054016: 256 fits in 10.1s  psnr_med=42.6dB  overall 1.9 fits/s
shard_k4_054272: 256 fits in 10.5s  psnr_med=43.5dB  overall 1.9 fits/s
shard_k4_054528: 256 fits in 10.1s  psnr_med=42.6dB  overall 1.9 fits/s
shard_k4_054784: 216 fits in 913.7s  psnr_med=42.2dB  overall 1.9 fits/s
shard_k5_000000: 256 fits in 10.0s  psnr_med=42.9dB  overall 1.9 fits/s
shard_k5_000256: 256 fits in 10.3s  psnr_med=42.4dB  overall 1.9 fits/s
shard_k5_000512: 256 fits in 10.0s  psnr_med=42.4dB  overall 1.9 fits/s
shard_k5_000768: 256 fits in 10.2s  psnr_med=43.0dB  overall 1.9 fits/s
shard_k5_001024: 256 fits in 675.1s  psnr_med=42.3dB  overall 1.9 fits/s
shard_k5_001280: 256 fits in 10.2s  psnr_med=42.1dB  overall 1.9 fits/s
shard_k5_001536: 256 fits in 10.2s  psnr_med=42.5dB  overall 1.9 fits/s
shard_k5_001792: 256 fits in 10.1s  psnr_med=42.1dB  overall 1.9 fits/s
shard_k5_002048: 256 fits in 1020.2s  psnr_med=42.8dB  overall 1.9 fits/s
shard_k5_002304: 256 fits in 10.4s  psnr_med=42.4dB  overall 1.9 fits/s
shard_k5_002560: 256 fits in 10.4s  psnr_med=42.3dB  overall 1.9 fits/s
shard_k5_002816: 256 fits in 10.1s  psnr_med=43.2dB  overall 1.9 fits/s
shard_k5_003072: 256 fits in 10.6s  psnr_med=42.2dB  overall 1.9 fits/s
shard_k5_003328: 256 fits in 1050.6s  psnr_med=42.5dB  overall 1.9 fits/s
shard_k5_003584: 256 fits in 10.8s  psnr_med=42.7dB  overall 1.9 fits/s
shard_k5_003840: 256 fits in 10.1s  psnr_med=42.6dB  overall 1.9 fits/s
shard_k5_004096: 256 fits in 10.3s  psnr_med=42.2dB  overall 1.9 fits/s
shard_k5_004352: 256 fits in 920.7s  psnr_med=42.1dB  overall 1.9 fits/s
shard_k5_004608: 256 fits in 10.3s  psnr_med=42.7dB  overall 1.9 fits/s
shard_k5_004864: 256 fits in 10.8s  psnr_med=42.3dB  overall 1.9 fits/s
shard_k5_005120: 256 fits in 10.9s  psnr_med=42.7dB  overall 1.9 fits/s
shard_k5_005376: 256 fits in 534.3s  psnr_med=42.7dB  overall 1.9 fits/s
shard_k5_005632: 256 fits in 10.4s  psnr_med=42.5dB  overall 1.9 fits/s
shard_k5_005888: 256 fits in 10.3s  psnr_med=42.3dB  overall 1.9 fits/s
shard_k5_006144: 256 fits in 10.2s  psnr_med=42.6dB  overall 1.9 fits/s
shard_k5_006400: 256 fits in 10.5s  psnr_med=42.3dB  overall 1.9 fits/s
shard_k5_006656: 256 fits in 10.5s  psnr_med=42.5dB  overall 1.9 fits/s
shard_k5_006912: 256 fits in 10.7s  psnr_med=42.1dB  overall 1.9 fits/s
shard_k5_007168: 256 fits in 10.8s  psnr_med=43.0dB  overall 1.9 fits/s
shard_k5_007424: 256 fits in 11.0s  psnr_med=42.8dB  overall 1.9 fits/s
shard_k5_007680: 256 fits in 10.3s  psnr_med=42.8dB  overall 1.9 fits/s
shard_k5_007936: 256 fits in 10.7s  psnr_med=42.5dB  overall 1.9 fits/s
shard_k5_008192: 256 fits in 10.7s  psnr_med=43.0dB  overall 1.9 fits/s
shard_k5_008448: 256 fits in 10.6s  psnr_med=42.6dB  overall 1.9 fits/s
shard_k5_008704: 256 fits in 10.5s  psnr_med=42.8dB  overall 1.9 fits/s
shard_k5_008960: 256 fits in 10.3s  psnr_med=42.3dB  overall 1.9 fits/s
shard_k5_009216: 256 fits in 995.7s  psnr_med=42.7dB  overall 1.9 fits/s
shard_k5_009472: 256 fits in 10.3s  psnr_med=42.1dB  overall 1.9 fits/s
shard_k5_009728: 256 fits in 10.4s  psnr_med=42.8dB  overall 1.9 fits/s
shard_k5_009984: 256 fits in 10.3s  psnr_med=42.3dB  overall 1.9 fits/s
shard_k5_010240: 256 fits in 10.5s  psnr_med=42.8dB  overall 1.9 fits/s
shard_k5_010496: 256 fits in 10.5s  psnr_med=42.7dB  overall 1.9 fits/s
shard_k5_010752: 256 fits in 10.4s  psnr_med=42.0dB  overall 1.9 fits/s
shard_k5_011008: 256 fits in 10.6s  psnr_med=42.5dB  overall 1.9 fits/s
shard_k5_011264: 256 fits in 10.7s  psnr_med=42.2dB  overall 1.9 fits/s
shard_k5_011520: 256 fits in 10.4s  psnr_med=43.1dB  overall 1.9 fits/s
shard_k5_011776: 256 fits in 10.4s  psnr_med=42.6dB  overall 1.9 fits/s
shard_k5_012032: 256 fits in 10.7s  psnr_med=42.9dB  overall 1.9 fits/s
shard_k5_012288: 256 fits in 10.6s  psnr_med=42.5dB  overall 1.9 fits/s
shard_k5_012544: 256 fits in 10.4s  psnr_med=42.9dB  overall 1.9 fits/s
shard_k5_012800: 256 fits in 10.7s  psnr_med=42.3dB  overall 1.9 fits/s
shard_k5_013056: 256 fits in 10.5s  psnr_med=42.1dB  overall 1.9 fits/s
shard_k5_013312: 256 fits in 10.4s  psnr_med=41.9dB  overall 1.9 fits/s
shard_k5_013568: 256 fits in 10.6s  psnr_med=42.5dB  overall 1.9 fits/s
shard_k5_013824: 256 fits in 10.7s  psnr_med=42.5dB  overall 1.9 fits/s
shard_k5_014080: 256 fits in 10.3s  psnr_med=42.5dB  overall 1.9 fits/s
shard_k5_014336: 256 fits in 10.3s  psnr_med=42.8dB  overall 1.9 fits/s
shard_k5_014592: 256 fits in 10.5s  psnr_med=43.4dB  overall 1.9 fits/s
shard_k5_014848: 256 fits in 10.4s  psnr_med=42.9dB  overall 1.9 fits/s
shard_k5_015104: 256 fits in 952.7s  psnr_med=42.2dB  overall 1.9 fits/s
shard_k5_015360: 256 fits in 10.5s  psnr_med=42.1dB  overall 1.9 fits/s
shard_k5_015616: 256 fits in 10.2s  psnr_med=42.6dB  overall 1.9 fits/s
shard_k5_015872: 256 fits in 10.5s  psnr_med=42.4dB  overall 1.9 fits/s
shard_k5_016128: 256 fits in 980.3s  psnr_med=42.0dB  overall 1.9 fits/s
shard_k5_016384: 256 fits in 11.6s  psnr_med=42.1dB  overall 1.9 fits/s
shard_k5_016640: 256 fits in 10.7s  psnr_med=42.6dB  overall 1.9 fits/s
shard_k5_016896: 256 fits in 10.4s  psnr_med=43.0dB  overall 1.9 fits/s
shard_k5_017152: 256 fits in 10.5s  psnr_med=42.0dB  overall 1.9 fits/s
shard_k5_017408: 256 fits in 11.6s  psnr_med=42.1dB  overall 1.9 fits/s
shard_k5_017664: 256 fits in 267.2s  psnr_med=41.9dB  overall 1.9 fits/s
shard_k5_017920: 256 fits in 10.0s  psnr_med=42.7dB  overall 1.9 fits/s
shard_k5_018176: 256 fits in 10.3s  psnr_med=42.6dB  overall 1.9 fits/s
shard_k5_018432: 256 fits in 10.3s  psnr_med=42.6dB  overall 1.9 fits/s
shard_k5_018688: 256 fits in 10.8s  psnr_med=42.9dB  overall 1.9 fits/s
shard_k5_018944: 256 fits in 975.7s  psnr_med=43.1dB  overall 1.9 fits/s
shard_k5_019200: 256 fits in 12.6s  psnr_med=43.0dB  overall 1.9 fits/s
shard_k5_019456: 256 fits in 12.5s  psnr_med=43.1dB  overall 1.9 fits/s
shard_k5_019712: 256 fits in 11.7s  psnr_med=43.1dB  overall 1.9 fits/s
shard_k5_019968: 256 fits in 11.5s  psnr_med=42.9dB  overall 1.9 fits/s
shard_k5_020224: 256 fits in 11.7s  psnr_med=42.0dB  overall 1.9 fits/s
shard_k5_020480: 256 fits in 11.7s  psnr_med=42.2dB  overall 1.9 fits/s
shard_k5_020736: 256 fits in 11.6s  psnr_med=42.6dB  overall 1.9 fits/s
shard_k5_020992: 256 fits in 11.5s  psnr_med=42.7dB  overall 1.9 fits/s
shard_k5_021248: 256 fits in 11.6s  psnr_med=43.0dB  overall 1.9 fits/s
shard_k5_021504: 256 fits in 11.7s  psnr_med=42.4dB  overall 1.9 fits/s
shard_k5_021760: 256 fits in 11.4s  psnr_med=42.1dB  overall 1.9 fits/s
shard_k5_022016: 256 fits in 11.6s  psnr_med=42.7dB  overall 1.9 fits/s
shard_k5_022272: 256 fits in 11.3s  psnr_med=42.7dB  overall 1.9 fits/s
shard_k5_022528: 256 fits in 11.4s  psnr_med=42.6dB  overall 1.9 fits/s
shard_k5_022784: 256 fits in 11.9s  psnr_med=42.6dB  overall 1.9 fits/s
shard_k5_023040: 256 fits in 11.3s  psnr_med=42.7dB  overall 1.9 fits/s
shard_k5_023296: 256 fits in 11.3s  psnr_med=42.7dB  overall 1.9 fits/s
shard_k5_023552: 256 fits in 10.9s  psnr_med=42.7dB  overall 1.9 fits/s
shard_k5_023808: 256 fits in 11.3s  psnr_med=42.4dB  overall 1.9 fits/s
shard_k5_024064: 256 fits in 11.1s  psnr_med=42.5dB  overall 1.9 fits/s
shard_k5_024320: 256 fits in 11.7s  psnr_med=42.4dB  overall 1.9 fits/s
shard_k5_024576: 256 fits in 11.1s  psnr_med=42.6dB  overall 1.9 fits/s
shard_k5_024832: 256 fits in 11.0s  psnr_med=42.8dB  overall 1.9 fits/s
shard_k5_025088: 256 fits in 10.9s  psnr_med=42.3dB  overall 1.9 fits/s
shard_k5_025344: 256 fits in 11.0s  psnr_med=42.3dB  overall 1.9 fits/s
shard_k5_025600: 256 fits in 11.2s  psnr_med=42.5dB  overall 1.9 fits/s
shard_k5_025856: 256 fits in 10.5s  psnr_med=43.0dB  overall 1.9 fits/s
shard_k5_026112: 256 fits in 10.5s  psnr_med=42.7dB  overall 1.9 fits/s
shard_k5_026368: 256 fits in 10.2s  psnr_med=42.5dB  overall 1.9 fits/s
shard_k5_026624: 256 fits in 10.4s  psnr_med=42.1dB  overall 1.9 fits/s
shard_k5_026880: 256 fits in 10.8s  psnr_med=42.3dB  overall 2.0 fits/s
shard_k5_027136: 256 fits in 11.0s  psnr_med=42.4dB  overall 2.0 fits/s
shard_k5_027392: 256 fits in 11.4s  psnr_med=42.5dB  overall 2.0 fits/s
shard_k5_027648: 256 fits in 11.1s  psnr_med=42.6dB  overall 2.0 fits/s
shard_k5_027904: 256 fits in 11.1s  psnr_med=42.1dB  overall 2.0 fits/s
shard_k5_028160: 256 fits in 11.2s  psnr_med=42.2dB  overall 2.0 fits/s
shard_k5_028416: 256 fits in 11.2s  psnr_med=43.1dB  overall 2.0 fits/s
shard_k5_028672: 256 fits in 11.0s  psnr_med=43.0dB  overall 2.0 fits/s
shard_k5_028928: 256 fits in 10.7s  psnr_med=42.6dB  overall 2.0 fits/s
shard_k5_029184: 256 fits in 10.7s  psnr_med=41.9dB  overall 2.0 fits/s
shard_k5_029440: 256 fits in 992.0s  psnr_med=42.7dB  overall 2.0 fits/s
shard_k5_029696: 256 fits in 10.3s  psnr_med=42.9dB  overall 2.0 fits/s
shard_k5_029952: 256 fits in 10.0s  psnr_med=42.8dB  overall 2.0 fits/s
shard_k5_030208: 256 fits in 10.1s  psnr_med=42.6dB  overall 2.0 fits/s
shard_k5_030464: 256 fits in 938.4s  psnr_med=42.1dB  overall 1.9 fits/s
shard_k5_030720: 256 fits in 11.8s  psnr_med=42.6dB  overall 1.9 fits/s
shard_k5_030976: 256 fits in 10.7s  psnr_med=42.9dB  overall 2.0 fits/s
shard_k5_031232: 256 fits in 10.2s  psnr_med=42.1dB  overall 2.0 fits/s
shard_k5_031488: 256 fits in 1044.8s  psnr_med=42.9dB  overall 1.9 fits/s
shard_k5_031744: 256 fits in 10.2s  psnr_med=42.6dB  overall 1.9 fits/s
shard_k5_032000: 256 fits in 10.4s  psnr_med=43.0dB  overall 1.9 fits/s
shard_k5_032256: 256 fits in 10.1s  psnr_med=42.5dB  overall 1.9 fits/s
shard_k5_032512: 256 fits in 10.1s  psnr_med=42.5dB  overall 1.9 fits/s
shard_k5_032768: 256 fits in 1030.6s  psnr_med=42.4dB  overall 1.9 fits/s
shard_k5_033024: 256 fits in 10.4s  psnr_med=42.4dB  overall 1.9 fits/s
shard_k5_033280: 256 fits in 10.4s  psnr_med=42.5dB  overall 1.9 fits/s
shard_k5_033536: 256 fits in 10.6s  psnr_med=42.4dB  overall 1.9 fits/s
shard_k5_033792: 256 fits in 10.5s  psnr_med=42.4dB  overall 1.9 fits/s
shard_k5_034048: 256 fits in 11.0s  psnr_med=43.2dB  overall 1.9 fits/s
shard_k5_034304: 256 fits in 10.7s  psnr_med=42.0dB  overall 1.9 fits/s
shard_k5_034560: 256 fits in 10.6s  psnr_med=42.6dB  overall 1.9 fits/s
shard_k5_034816: 256 fits in 10.8s  psnr_med=42.3dB  overall 1.9 fits/s
shard_k5_035072: 256 fits in 10.4s  psnr_med=42.5dB  overall 1.9 fits/s
shard_k5_035328: 256 fits in 10.7s  psnr_med=42.5dB  overall 2.0 fits/s
shard_k5_035584: 256 fits in 11.3s  psnr_med=42.5dB  overall 2.0 fits/s
shard_k5_035840: 256 fits in 11.3s  psnr_med=42.2dB  overall 2.0 fits/s
shard_k5_036096: 256 fits in 10.7s  psnr_med=42.7dB  overall 2.0 fits/s
shard_k5_036352: 256 fits in 10.6s  psnr_med=42.4dB  overall 2.0 fits/s
shard_k5_036608: 256 fits in 11.0s  psnr_med=42.7dB  overall 2.0 fits/s
shard_k5_036864: 256 fits in 11.4s  psnr_med=42.4dB  overall 2.0 fits/s
shard_k5_037120: 256 fits in 11.0s  psnr_med=42.9dB  overall 2.0 fits/s
shard_k5_037376: 256 fits in 11.1s  psnr_med=41.8dB  overall 2.0 fits/s
shard_k5_037632: 256 fits in 11.1s  psnr_med=42.1dB  overall 2.0 fits/s
shard_k5_037888: 256 fits in 11.6s  psnr_med=42.7dB  overall 2.0 fits/s
shard_k5_038144: 256 fits in 11.0s  psnr_med=42.6dB  overall 2.0 fits/s
shard_k5_038400: 256 fits in 11.2s  psnr_med=42.1dB  overall 2.0 fits/s
shard_k5_038656: 256 fits in 10.9s  psnr_med=42.7dB  overall 2.0 fits/s
shard_k5_038912: 256 fits in 10.9s  psnr_med=42.5dB  overall 2.0 fits/s
shard_k5_039168: 256 fits in 10.4s  psnr_med=42.5dB  overall 2.0 fits/s
shard_k5_039424: 256 fits in 10.4s  psnr_med=42.4dB  overall 2.0 fits/s
shard_k5_039680: 256 fits in 10.6s  psnr_med=42.2dB  overall 2.0 fits/s
shard_k5_039936: 256 fits in 10.4s  psnr_med=42.7dB  overall 2.0 fits/s
shard_k5_040192: 256 fits in 10.9s  psnr_med=43.2dB  overall 2.0 fits/s
shard_k5_040448: 256 fits in 10.8s  psnr_med=42.4dB  overall 2.0 fits/s
shard_k5_040704: 256 fits in 11.1s  psnr_med=42.6dB  overall 2.0 fits/s
shard_k5_040960: 256 fits in 11.3s  psnr_med=43.0dB  overall 2.0 fits/s
shard_k5_041216: 256 fits in 11.2s  psnr_med=42.4dB  overall 2.0 fits/s
shard_k5_041472: 256 fits in 11.2s  psnr_med=42.7dB  overall 2.0 fits/s
shard_k5_041728: 256 fits in 11.3s  psnr_med=42.5dB  overall 2.0 fits/s
shard_k5_041984: 256 fits in 11.1s  psnr_med=42.6dB  overall 2.0 fits/s
shard_k5_042240: 256 fits in 10.6s  psnr_med=42.8dB  overall 2.0 fits/s
shard_k5_042496: 256 fits in 964.6s  psnr_med=42.6dB  overall 2.0 fits/s
shard_k5_042752: 256 fits in 10.4s  psnr_med=42.9dB  overall 2.0 fits/s
shard_k5_043008: 256 fits in 10.3s  psnr_med=43.0dB  overall 2.0 fits/s
shard_k5_043264: 256 fits in 10.3s  psnr_med=42.5dB  overall 2.0 fits/s
shard_k5_043520: 256 fits in 10.2s  psnr_med=42.3dB  overall 2.0 fits/s
shard_k5_043776: 256 fits in 992.1s  psnr_med=42.9dB  overall 2.0 fits/s
shard_k5_044032: 256 fits in 10.1s  psnr_med=42.8dB  overall 2.0 fits/s
shard_k5_044288: 256 fits in 9.9s  psnr_med=42.2dB  overall 2.0 fits/s
shard_k5_044544: 256 fits in 10.3s  psnr_med=42.5dB  overall 2.0 fits/s
shard_k5_044800: 256 fits in 917.6s  psnr_med=42.2dB  overall 2.0 fits/s
shard_k5_045056: 256 fits in 10.0s  psnr_med=42.8dB  overall 2.0 fits/s
shard_k5_045312: 256 fits in 10.2s  psnr_med=42.2dB  overall 2.0 fits/s
shard_k5_045568: 256 fits in 10.0s  psnr_med=42.2dB  overall 2.0 fits/s
shard_k5_045824: 256 fits in 10.0s  psnr_med=42.6dB  overall 2.0 fits/s
shard_k5_046080: 256 fits in 1032.2s  psnr_med=42.4dB  overall 2.0 fits/s
shard_k5_046336: 256 fits in 10.1s  psnr_med=42.8dB  overall 2.0 fits/s
shard_k5_046592: 256 fits in 10.1s  psnr_med=42.5dB  overall 2.0 fits/s
shard_k5_046848: 256 fits in 10.3s  psnr_med=42.5dB  overall 2.0 fits/s
shard_k5_047104: 256 fits in 941.5s  psnr_med=42.9dB  overall 2.0 fits/s
shard_k5_047360: 256 fits in 10.1s  psnr_med=42.3dB  overall 2.0 fits/s
shard_k5_047616: 256 fits in 10.3s  psnr_med=42.4dB  overall 2.0 fits/s
shard_k5_047872: 256 fits in 10.0s  psnr_med=42.6dB  overall 2.0 fits/s
shard_k5_048128: 256 fits in 10.2s  psnr_med=42.6dB  overall 2.0 fits/s
shard_k5_048384: 256 fits in 913.7s  psnr_med=41.9dB  overall 2.0 fits/s
shard_k5_048640: 256 fits in 10.5s  psnr_med=42.5dB  overall 2.0 fits/s
shard_k5_048896: 256 fits in 10.1s  psnr_med=43.0dB  overall 2.0 fits/s
shard_k5_049152: 256 fits in 10.5s  psnr_med=42.4dB  overall 2.0 fits/s
shard_k5_049408: 256 fits in 1005.6s  psnr_med=42.9dB  overall 1.9 fits/s
shard_k5_049664: 256 fits in 10.2s  psnr_med=42.4dB  overall 2.0 fits/s
shard_k5_049920: 256 fits in 10.1s  psnr_med=42.2dB  overall 2.0 fits/s
shard_k5_050176: 256 fits in 10.0s  psnr_med=42.8dB  overall 2.0 fits/s
shard_k5_050432: 256 fits in 1058.1s  psnr_med=42.7dB  overall 1.9 fits/s
shard_k5_050688: 256 fits in 10.7s  psnr_med=42.4dB  overall 1.9 fits/s
shard_k5_050944: 256 fits in 10.3s  psnr_med=42.8dB  overall 1.9 fits/s
shard_k5_051200: 256 fits in 10.3s  psnr_med=43.0dB  overall 1.9 fits/s
shard_k5_051456: 256 fits in 10.2s  psnr_med=42.9dB  overall 1.9 fits/s
shard_k5_051712: 256 fits in 919.3s  psnr_med=43.0dB  overall 1.9 fits/s
shard_k5_051968: 256 fits in 10.3s  psnr_med=42.0dB  overall 1.9 fits/s
shard_k5_052224: 256 fits in 10.1s  psnr_med=42.5dB  overall 1.9 fits/s
shard_k5_052480: 256 fits in 10.6s  psnr_med=42.4dB  overall 1.9 fits/s
shard_k5_052736: 256 fits in 704.6s  psnr_med=42.5dB  overall 1.9 fits/s
shard_k5_052992: 256 fits in 10.4s  psnr_med=42.2dB  overall 1.9 fits/s
shard_k5_053248: 256 fits in 10.1s  psnr_med=41.9dB  overall 1.9 fits/s
shard_k5_053504: 256 fits in 10.3s  psnr_med=42.6dB  overall 1.9 fits/s
shard_k5_053760: 256 fits in 10.2s  psnr_med=42.6dB  overall 1.9 fits/s
shard_k5_054016: 256 fits in 10.2s  psnr_med=42.9dB  overall 1.9 fits/s
shard_k5_054272: 256 fits in 10.4s  psnr_med=43.2dB  overall 1.9 fits/s
shard_k5_054528: 256 fits in 10.1s  psnr_med=41.9dB  overall 1.9 fits/s
shard_k5_054784: 216 fits in 8.6s  psnr_med=42.7dB  overall 1.9 fits/s
shard_k6_000000: 256 fits in 10.3s  psnr_med=43.0dB  overall 1.9 fits/s
shard_k6_000256: 256 fits in 10.1s  psnr_med=42.0dB  overall 2.0 fits/s
shard_k6_000512: 256 fits in 10.1s  psnr_med=42.1dB  overall 2.0 fits/s
shard_k6_000768: 256 fits in 10.4s  psnr_med=42.4dB  overall 2.0 fits/s
shard_k6_001024: 256 fits in 10.1s  psnr_med=42.8dB  overall 2.0 fits/s
shard_k6_001280: 256 fits in 10.3s  psnr_med=42.3dB  overall 2.0 fits/s
shard_k6_001536: 256 fits in 10.3s  psnr_med=42.6dB  overall 2.0 fits/s
shard_k6_001792: 256 fits in 10.2s  psnr_med=42.6dB  overall 2.0 fits/s
shard_k6_002048: 256 fits in 10.1s  psnr_med=42.7dB  overall 2.0 fits/s
shard_k6_002304: 256 fits in 957.1s  psnr_med=42.4dB  overall 2.0 fits/s
shard_k6_002560: 256 fits in 10.1s  psnr_med=42.4dB  overall 2.0 fits/s
shard_k6_002816: 256 fits in 10.2s  psnr_med=42.2dB  overall 2.0 fits/s
shard_k6_003072: 256 fits in 10.0s  psnr_med=42.9dB  overall 2.0 fits/s
shard_k6_003328: 256 fits in 1056.0s  psnr_med=42.3dB  overall 1.9 fits/s
shard_k6_003584: 256 fits in 10.2s  psnr_med=42.3dB  overall 1.9 fits/s
shard_k6_003840: 256 fits in 10.2s  psnr_med=42.3dB  overall 1.9 fits/s
shard_k6_004096: 256 fits in 10.3s  psnr_med=42.1dB  overall 1.9 fits/s
shard_k6_004352: 256 fits in 10.3s  psnr_med=43.0dB  overall 2.0 fits/s
shard_k6_004608: 256 fits in 1003.5s  psnr_med=42.5dB  overall 1.9 fits/s
shard_k6_004864: 256 fits in 10.2s  psnr_med=42.7dB  overall 1.9 fits/s
shard_k6_005120: 256 fits in 10.2s  psnr_med=43.6dB  overall 1.9 fits/s
shard_k6_005376: 256 fits in 10.1s  psnr_med=42.7dB  overall 1.9 fits/s
shard_k6_005632: 256 fits in 1035.4s  psnr_med=42.8dB  overall 1.9 fits/s
shard_k6_005888: 256 fits in 10.3s  psnr_med=42.2dB  overall 1.9 fits/s
shard_k6_006144: 256 fits in 10.2s  psnr_med=42.5dB  overall 1.9 fits/s
shard_k6_006400: 256 fits in 10.4s  psnr_med=42.3dB  overall 1.9 fits/s
shard_k6_006656: 256 fits in 933.6s  psnr_med=42.8dB  overall 1.9 fits/s
shard_k6_006912: 256 fits in 10.3s  psnr_med=41.9dB  overall 1.9 fits/s
shard_k6_007168: 256 fits in 10.3s  psnr_med=42.1dB  overall 1.9 fits/s
shard_k6_007424: 256 fits in 10.1s  psnr_med=42.6dB  overall 1.9 fits/s
shard_k6_007680: 256 fits in 10.8s  psnr_med=42.7dB  overall 1.9 fits/s
shard_k6_007936: 256 fits in 1031.6s  psnr_med=42.1dB  overall 1.9 fits/s
shard_k6_008192: 256 fits in 10.2s  psnr_med=42.4dB  overall 1.9 fits/s
shard_k6_008448: 256 fits in 10.1s  psnr_med=42.8dB  overall 1.9 fits/s
shard_k6_008704: 256 fits in 10.3s  psnr_med=42.5dB  overall 1.9 fits/s
shard_k6_008960: 256 fits in 954.7s  psnr_med=41.7dB  overall 1.9 fits/s
shard_k6_009216: 256 fits in 10.1s  psnr_med=43.3dB  overall 1.9 fits/s
shard_k6_009472: 256 fits in 10.4s  psnr_med=41.9dB  overall 1.9 fits/s
shard_k6_009728: 256 fits in 10.5s  psnr_med=42.6dB  overall 1.9 fits/s
shard_k6_009984: 256 fits in 963.4s  psnr_med=42.8dB  overall 1.9 fits/s
shard_k6_010240: 256 fits in 10.4s  psnr_med=42.6dB  overall 1.9 fits/s
shard_k6_010496: 256 fits in 10.7s  psnr_med=42.8dB  overall 1.9 fits/s
shard_k6_010752: 256 fits in 10.3s  psnr_med=42.6dB  overall 1.9 fits/s
shard_k6_011008: 256 fits in 10.2s  psnr_med=42.8dB  overall 1.9 fits/s
shard_k6_011264: 256 fits in 950.4s  psnr_med=42.2dB  overall 1.9 fits/s
shard_k6_011520: 256 fits in 10.2s  psnr_med=42.9dB  overall 1.9 fits/s
shard_k6_011776: 256 fits in 10.4s  psnr_med=42.7dB  overall 1.9 fits/s
shard_k6_012032: 256 fits in 10.1s  psnr_med=42.7dB  overall 1.9 fits/s
shard_k6_012288: 256 fits in 938.1s  psnr_med=42.1dB  overall 1.9 fits/s
shard_k6_012544: 256 fits in 10.3s  psnr_med=42.7dB  overall 1.9 fits/s
shard_k6_012800: 256 fits in 10.4s  psnr_med=43.0dB  overall 1.9 fits/s
shard_k6_013056: 256 fits in 10.3s  psnr_med=42.4dB  overall 1.9 fits/s
shard_k6_013312: 256 fits in 1086.3s  psnr_med=42.3dB  overall 1.9 fits/s
shard_k6_013568: 256 fits in 10.3s  psnr_med=42.5dB  overall 1.9 fits/s
shard_k6_013824: 256 fits in 10.7s  psnr_med=42.5dB  overall 1.9 fits/s
shard_k6_014080: 256 fits in 10.0s  psnr_med=42.2dB  overall 1.9 fits/s
shard_k6_014336: 256 fits in 1002.8s  psnr_med=42.9dB  overall 1.9 fits/s
shard_k6_014592: 256 fits in 11.0s  psnr_med=43.2dB  overall 1.9 fits/s
shard_k6_014848: 256 fits in 10.1s  psnr_med=43.1dB  overall 1.9 fits/s
shard_k6_015104: 256 fits in 10.1s  psnr_med=42.2dB  overall 1.9 fits/s
shard_k6_015360: 256 fits in 10.2s  psnr_med=42.3dB  overall 1.9 fits/s
shard_k6_015616: 256 fits in 995.9s  psnr_med=42.4dB  overall 1.9 fits/s
shard_k6_015872: 256 fits in 10.0s  psnr_med=42.4dB  overall 1.9 fits/s
shard_k6_016128: 256 fits in 10.3s  psnr_med=42.0dB  overall 1.9 fits/s
shard_k6_016384: 256 fits in 9.9s  psnr_med=42.2dB  overall 1.9 fits/s
shard_k6_016640: 256 fits in 952.1s  psnr_med=42.5dB  overall 1.9 fits/s
shard_k6_016896: 256 fits in 10.2s  psnr_med=42.6dB  overall 1.9 fits/s
shard_k6_017152: 256 fits in 10.1s  psnr_med=41.8dB  overall 1.9 fits/s
shard_k6_017408: 256 fits in 10.1s  psnr_med=42.3dB  overall 1.9 fits/s
shard_k6_017664: 256 fits in 10.3s  psnr_med=42.0dB  overall 1.9 fits/s
shard_k6_017920: 256 fits in 921.6s  psnr_med=42.4dB  overall 1.9 fits/s
shard_k6_018176: 256 fits in 10.4s  psnr_med=42.7dB  overall 1.9 fits/s
shard_k6_018432: 256 fits in 9.9s  psnr_med=42.0dB  overall 1.9 fits/s
shard_k6_018688: 256 fits in 10.1s  psnr_med=42.5dB  overall 1.9 fits/s
shard_k6_018944: 256 fits in 931.4s  psnr_med=42.7dB  overall 1.9 fits/s
shard_k6_019200: 256 fits in 10.1s  psnr_med=43.1dB  overall 1.9 fits/s
shard_k6_019456: 256 fits in 10.2s  psnr_med=42.8dB  overall 1.9 fits/s
shard_k6_019712: 256 fits in 10.3s  psnr_med=42.9dB  overall 1.9 fits/s
shard_k6_019968: 256 fits in 937.0s  psnr_med=42.6dB  overall 1.9 fits/s
shard_k6_020224: 256 fits in 10.4s  psnr_med=43.1dB  overall 1.9 fits/s
shard_k6_020480: 256 fits in 10.4s  psnr_med=42.1dB  overall 1.9 fits/s
shard_k6_020736: 256 fits in 10.1s  psnr_med=42.4dB  overall 1.9 fits/s
shard_k6_020992: 256 fits in 10.5s  psnr_med=42.5dB  overall 1.9 fits/s
shard_k6_021248: 256 fits in 914.5s  psnr_med=43.0dB  overall 1.9 fits/s
shard_k6_021504: 256 fits in 10.3s  psnr_med=42.8dB  overall 1.9 fits/s
shard_k6_021760: 256 fits in 10.1s  psnr_med=42.3dB  overall 1.9 fits/s
shard_k6_022016: 256 fits in 10.3s  psnr_med=42.3dB  overall 1.9 fits/s
shard_k6_022272: 256 fits in 990.3s  psnr_med=42.4dB  overall 1.9 fits/s
shard_k6_022528: 256 fits in 9.9s  psnr_med=42.6dB  overall 1.9 fits/s
shard_k6_022784: 256 fits in 10.3s  psnr_med=42.2dB  overall 1.9 fits/s
shard_k6_023040: 256 fits in 10.2s  psnr_med=42.7dB  overall 1.9 fits/s
shard_k6_023296: 256 fits in 10.0s  psnr_med=42.9dB  overall 1.9 fits/s
shard_k6_023552: 256 fits in 388.2s  psnr_med=42.7dB  overall 1.9 fits/s
shard_k6_023808: 256 fits in 10.2s  psnr_med=43.3dB  overall 1.9 fits/s
shard_k6_024064: 256 fits in 10.3s  psnr_med=42.1dB  overall 1.9 fits/s
shard_k6_024320: 256 fits in 10.3s  psnr_med=42.9dB  overall 1.9 fits/s
shard_k6_024576: 256 fits in 1008.1s  psnr_med=43.3dB  overall 1.9 fits/s
shard_k6_024832: 256 fits in 10.5s  psnr_med=42.5dB  overall 1.9 fits/s
shard_k6_025088: 256 fits in 10.4s  psnr_med=42.0dB  overall 1.9 fits/s
shard_k6_025344: 256 fits in 10.1s  psnr_med=42.0dB  overall 1.9 fits/s
shard_k6_025600: 256 fits in 999.6s  psnr_med=42.7dB  overall 1.9 fits/s
shard_k6_025856: 256 fits in 9.9s  psnr_med=42.4dB  overall 1.9 fits/s
shard_k6_026112: 256 fits in 10.1s  psnr_med=43.0dB  overall 1.9 fits/s
shard_k6_026368: 256 fits in 10.4s  psnr_med=42.3dB  overall 1.9 fits/s
shard_k6_026624: 256 fits in 10.0s  psnr_med=42.5dB  overall 1.9 fits/s
shard_k6_026880: 256 fits in 1083.2s  psnr_med=42.8dB  overall 1.9 fits/s
shard_k6_027136: 256 fits in 10.3s  psnr_med=42.8dB  overall 1.9 fits/s
shard_k6_027392: 256 fits in 10.1s  psnr_med=42.5dB  overall 1.9 fits/s
shard_k6_027648: 256 fits in 10.1s  psnr_med=42.9dB  overall 1.9 fits/s
shard_k6_027904: 256 fits in 434.2s  psnr_med=42.1dB  overall 1.9 fits/s
shard_k6_028160: 256 fits in 10.1s  psnr_med=42.1dB  overall 1.9 fits/s
shard_k6_028416: 256 fits in 10.3s  psnr_med=42.9dB  overall 1.9 fits/s
shard_k6_028672: 256 fits in 10.2s  psnr_med=42.9dB  overall 1.9 fits/s
shard_k6_028928: 256 fits in 10.2s  psnr_med=42.6dB  overall 1.9 fits/s
shard_k6_029184: 256 fits in 989.5s  psnr_med=42.7dB  overall 1.9 fits/s
shard_k6_029440: 256 fits in 10.4s  psnr_med=42.2dB  overall 1.9 fits/s
shard_k6_029696: 256 fits in 10.1s  psnr_med=42.4dB  overall 1.9 fits/s
shard_k6_029952: 256 fits in 10.5s  psnr_med=42.5dB  overall 1.9 fits/s
shard_k6_030208: 256 fits in 1083.5s  psnr_med=42.6dB  overall 1.8 fits/s
shard_k6_030464: 256 fits in 10.3s  psnr_med=42.6dB  overall 1.9 fits/s
shard_k6_030720: 256 fits in 10.3s  psnr_med=42.7dB  overall 1.9 fits/s
shard_k6_030976: 256 fits in 10.1s  psnr_med=42.5dB  overall 1.9 fits/s
shard_k6_031232: 256 fits in 1056.5s  psnr_med=41.9dB  overall 1.8 fits/s
shard_k6_031488: 256 fits in 10.0s  psnr_med=42.7dB  overall 1.8 fits/s
shard_k6_031744: 256 fits in 10.1s  psnr_med=42.2dB  overall 1.8 fits/s
shard_k6_032000: 256 fits in 10.2s  psnr_med=42.7dB  overall 1.8 fits/s
shard_k6_032256: 256 fits in 10.3s  psnr_med=42.8dB  overall 1.8 fits/s
shard_k6_032512: 256 fits in 393.6s  psnr_med=42.1dB  overall 1.8 fits/s
shard_k6_032768: 256 fits in 10.2s  psnr_med=42.8dB  overall 1.8 fits/s
shard_k6_033024: 256 fits in 10.3s  psnr_med=42.9dB  overall 1.8 fits/s
shard_k6_033280: 256 fits in 10.3s  psnr_med=43.0dB  overall 1.9 fits/s
shard_k6_033536: 256 fits in 939.7s  psnr_med=42.6dB  overall 1.8 fits/s
shard_k6_033792: 256 fits in 10.0s  psnr_med=42.9dB  overall 1.8 fits/s
shard_k6_034048: 256 fits in 10.6s  psnr_med=42.9dB  overall 1.8 fits/s
shard_k6_034304: 256 fits in 10.2s  psnr_med=42.8dB  overall 1.8 fits/s
shard_k6_034560: 256 fits in 10.8s  psnr_med=42.9dB  overall 1.8 fits/s
shard_k6_034816: 256 fits in 979.3s  psnr_med=42.9dB  overall 1.8 fits/s
shard_k6_035072: 256 fits in 10.2s  psnr_med=42.4dB  overall 1.8 fits/s
shard_k6_035328: 256 fits in 10.1s  psnr_med=42.1dB  overall 1.8 fits/s
shard_k6_035584: 256 fits in 10.1s  psnr_med=42.3dB  overall 1.8 fits/s
shard_k6_035840: 256 fits in 463.1s  psnr_med=41.9dB  overall 1.8 fits/s
shard_k6_036096: 256 fits in 10.0s  psnr_med=42.5dB  overall 1.8 fits/s
shard_k6_036352: 256 fits in 10.1s  psnr_med=42.6dB  overall 1.8 fits/s
shard_k6_036608: 256 fits in 10.3s  psnr_med=42.3dB  overall 1.8 fits/s
shard_k6_036864: 256 fits in 10.2s  psnr_med=42.9dB  overall 1.8 fits/s
shard_k6_037120: 256 fits in 951.5s  psnr_med=42.5dB  overall 1.8 fits/s
shard_k6_037376: 256 fits in 10.5s  psnr_med=42.2dB  overall 1.8 fits/s
shard_k6_037632: 256 fits in 10.0s  psnr_med=42.0dB  overall 1.8 fits/s
shard_k6_037888: 256 fits in 10.2s  psnr_med=42.5dB  overall 1.8 fits/s
shard_k6_038144: 256 fits in 155.1s  psnr_med=42.1dB  overall 1.8 fits/s
shard_k6_038400: 256 fits in 10.1s  psnr_med=42.1dB  overall 1.8 fits/s
shard_k6_038656: 256 fits in 10.0s  psnr_med=42.3dB  overall 1.8 fits/s
shard_k6_038912: 256 fits in 10.3s  psnr_med=42.4dB  overall 1.8 fits/s
shard_k6_039168: 256 fits in 950.0s  psnr_med=42.1dB  overall 1.8 fits/s
shard_k6_039424: 256 fits in 10.9s  psnr_med=42.4dB  overall 1.8 fits/s
shard_k6_039680: 256 fits in 10.3s  psnr_med=42.1dB  overall 1.8 fits/s
shard_k6_039936: 256 fits in 10.2s  psnr_med=42.6dB  overall 1.8 fits/s
shard_k6_040192: 256 fits in 10.1s  psnr_med=42.7dB  overall 1.8 fits/s
shard_k6_040448: 256 fits in 941.7s  psnr_med=42.4dB  overall 1.8 fits/s
shard_k6_040704: 256 fits in 10.2s  psnr_med=42.1dB  overall 1.8 fits/s
shard_k6_040960: 256 fits in 10.2s  psnr_med=42.7dB  overall 1.8 fits/s
shard_k6_041216: 256 fits in 10.3s  psnr_med=42.6dB  overall 1.8 fits/s
shard_k6_041472: 256 fits in 955.0s  psnr_med=42.5dB  overall 1.8 fits/s
shard_k6_041728: 256 fits in 10.2s  psnr_med=42.5dB  overall 1.8 fits/s
shard_k6_041984: 256 fits in 10.2s  psnr_med=42.7dB  overall 1.8 fits/s
shard_k6_042240: 256 fits in 10.1s  psnr_med=43.1dB  overall 1.8 fits/s
shard_k6_042496: 256 fits in 10.2s  psnr_med=42.7dB  overall 1.8 fits/s
shard_k6_042752: 256 fits in 678.3s  psnr_med=42.6dB  overall 1.8 fits/s
shard_k6_043008: 256 fits in 10.3s  psnr_med=43.1dB  overall 1.8 fits/s
shard_k6_043264: 256 fits in 10.3s  psnr_med=42.4dB  overall 1.8 fits/s
shard_k6_043520: 256 fits in 10.1s  psnr_med=42.8dB  overall 1.8 fits/s
shard_k6_043776: 256 fits in 967.4s  psnr_med=43.1dB  overall 1.8 fits/s
shard_k6_044032: 256 fits in 10.2s  psnr_med=42.7dB  overall 1.8 fits/s
shard_k6_044288: 256 fits in 10.3s  psnr_med=42.1dB  overall 1.8 fits/s
shard_k6_044544: 256 fits in 10.5s  psnr_med=42.6dB  overall 1.8 fits/s
shard_k6_044800: 256 fits in 1012.6s  psnr_med=42.3dB  overall 1.8 fits/s
shard_k6_045056: 256 fits in 10.0s  psnr_med=42.6dB  overall 1.8 fits/s
shard_k6_045312: 256 fits in 10.2s  psnr_med=42.4dB  overall 1.8 fits/s
shard_k6_045568: 256 fits in 10.1s  psnr_med=42.7dB  overall 1.8 fits/s
shard_k6_045824: 256 fits in 10.1s  psnr_med=41.7dB  overall 1.8 fits/s
shard_k6_046080: 256 fits in 958.3s  psnr_med=42.2dB  overall 1.8 fits/s
shard_k6_046336: 256 fits in 10.3s  psnr_med=42.3dB  overall 1.8 fits/s
shard_k6_046592: 256 fits in 10.2s  psnr_med=42.6dB  overall 1.8 fits/s
shard_k6_046848: 256 fits in 10.0s  psnr_med=42.1dB  overall 1.8 fits/s
shard_k6_047104: 256 fits in 587.2s  psnr_med=43.1dB  overall 1.8 fits/s
shard_k6_047360: 256 fits in 10.2s  psnr_med=42.8dB  overall 1.8 fits/s
shard_k6_047616: 256 fits in 10.2s  psnr_med=42.6dB  overall 1.8 fits/s
shard_k6_047872: 256 fits in 10.2s  psnr_med=42.8dB  overall 1.8 fits/s
shard_k6_048128: 256 fits in 10.0s  psnr_med=42.8dB  overall 1.8 fits/s
shard_k6_048384: 256 fits in 1072.5s  psnr_med=42.7dB  overall 1.8 fits/s
shard_k6_048640: 256 fits in 10.9s  psnr_med=42.6dB  overall 1.8 fits/s
shard_k6_048896: 256 fits in 10.0s  psnr_med=42.6dB  overall 1.8 fits/s
shard_k6_049152: 256 fits in 10.7s  psnr_med=42.7dB  overall 1.8 fits/s
shard_k6_049408: 256 fits in 925.5s  psnr_med=42.9dB  overall 1.8 fits/s
shard_k6_049664: 256 fits in 10.0s  psnr_med=42.6dB  overall 1.8 fits/s
shard_k6_049920: 256 fits in 10.2s  psnr_med=42.4dB  overall 1.8 fits/s
shard_k6_050176: 256 fits in 10.1s  psnr_med=42.4dB  overall 1.8 fits/s
shard_k6_050432: 256 fits in 978.5s  psnr_med=42.7dB  overall 1.8 fits/s
shard_k6_050688: 256 fits in 10.2s  psnr_med=42.0dB  overall 1.8 fits/s
shard_k6_050944: 256 fits in 10.2s  psnr_med=43.0dB  overall 1.8 fits/s
shard_k6_051200: 256 fits in 10.6s  psnr_med=42.3dB  overall 1.8 fits/s
shard_k6_051456: 256 fits in 10.2s  psnr_med=43.3dB  overall 1.8 fits/s
shard_k6_051712: 256 fits in 549.4s  psnr_med=43.2dB  overall 1.8 fits/s
shard_k6_051968: 256 fits in 10.1s  psnr_med=42.4dB  overall 1.8 fits/s
shard_k6_052224: 256 fits in 10.2s  psnr_med=42.4dB  overall 1.8 fits/s
shard_k6_052480: 256 fits in 10.2s  psnr_med=42.9dB  overall 1.8 fits/s
shard_k6_052736: 256 fits in 1046.9s  psnr_med=42.4dB  overall 1.8 fits/s
shard_k6_052992: 256 fits in 11.1s  psnr_med=42.2dB  overall 1.8 fits/s
shard_k6_053248: 256 fits in 11.4s  psnr_med=42.4dB  overall 1.8 fits/s
shard_k6_053504: 256 fits in 10.8s  psnr_med=43.0dB  overall 1.8 fits/s
shard_k6_053760: 256 fits in 932.1s  psnr_med=42.7dB  overall 1.8 fits/s
shard_k6_054016: 256 fits in 9.9s  psnr_med=42.8dB  overall 1.8 fits/s
shard_k6_054272: 256 fits in 10.2s  psnr_med=43.2dB  overall 1.8 fits/s
shard_k6_054528: 256 fits in 10.0s  psnr_med=42.1dB  overall 1.8 fits/s
shard_k6_054784: 216 fits in 8.6s  psnr_med=42.7dB  overall 1.8 fits/s
shard_k7_000000: 256 fits in 990.4s  psnr_med=42.9dB  overall 1.8 fits/s
shard_k7_000256: 256 fits in 10.2s  psnr_med=42.0dB  overall 1.8 fits/s
shard_k7_000512: 256 fits in 10.3s  psnr_med=42.3dB  overall 1.8 fits/s
shard_k7_000768: 256 fits in 10.2s  psnr_med=42.3dB  overall 1.8 fits/s
shard_k7_001024: 256 fits in 553.5s  psnr_med=42.7dB  overall 1.8 fits/s
shard_k7_001280: 256 fits in 10.4s  psnr_med=42.4dB  overall 1.8 fits/s
shard_k7_001536: 256 fits in 10.5s  psnr_med=42.7dB  overall 1.8 fits/s
shard_k7_001792: 256 fits in 10.1s  psnr_med=42.3dB  overall 1.8 fits/s
shard_k7_002048: 256 fits in 10.2s  psnr_med=42.6dB  overall 1.8 fits/s
shard_k7_002304: 256 fits in 1019.2s  psnr_med=42.3dB  overall 1.8 fits/s
shard_k7_002560: 256 fits in 10.1s  psnr_med=42.7dB  overall 1.8 fits/s
shard_k7_002816: 256 fits in 10.2s  psnr_med=42.0dB  overall 1.8 fits/s
shard_k7_003072: 256 fits in 10.4s  psnr_med=42.1dB  overall 1.8 fits/s
shard_k7_003328: 256 fits in 987.7s  psnr_med=42.5dB  overall 1.8 fits/s
shard_k7_003584: 256 fits in 10.2s  psnr_med=42.5dB  overall 1.8 fits/s
shard_k7_003840: 256 fits in 10.1s  psnr_med=42.2dB  overall 1.8 fits/s
shard_k7_004096: 256 fits in 10.1s  psnr_med=42.7dB  overall 1.8 fits/s
shard_k7_004352: 256 fits in 921.4s  psnr_med=42.6dB  overall 1.8 fits/s
shard_k7_004608: 256 fits in 10.1s  psnr_med=42.1dB  overall 1.8 fits/s
shard_k7_004864: 256 fits in 10.2s  psnr_med=42.9dB  overall 1.8 fits/s
shard_k7_005120: 256 fits in 10.2s  psnr_med=43.2dB  overall 1.8 fits/s
shard_k7_005376: 256 fits in 10.2s  psnr_med=42.5dB  overall 1.8 fits/s
shard_k7_005632: 256 fits in 598.9s  psnr_med=42.4dB  overall 1.8 fits/s
shard_k7_005888: 256 fits in 10.4s  psnr_med=42.7dB  overall 1.8 fits/s
shard_k7_006144: 256 fits in 10.1s  psnr_med=42.9dB  overall 1.8 fits/s
shard_k7_006400: 256 fits in 10.0s  psnr_med=42.4dB  overall 1.8 fits/s
shard_k7_006656: 256 fits in 1032.0s  psnr_med=42.4dB  overall 1.8 fits/s
shard_k7_006912: 256 fits in 11.2s  psnr_med=41.7dB  overall 1.8 fits/s
shard_k7_007168: 256 fits in 10.5s  psnr_med=42.4dB  overall 1.8 fits/s
shard_k7_007424: 256 fits in 10.4s  psnr_med=42.1dB  overall 1.8 fits/s
shard_k7_007680: 256 fits in 10.5s  psnr_med=42.7dB  overall 1.8 fits/s
shard_k7_007936: 256 fits in 1051.9s  psnr_med=42.6dB  overall 1.8 fits/s
shard_k7_008192: 256 fits in 10.3s  psnr_med=43.1dB  overall 1.8 fits/s
shard_k7_008448: 256 fits in 10.0s  psnr_med=42.3dB  overall 1.8 fits/s
shard_k7_008704: 256 fits in 10.0s  psnr_med=43.0dB  overall 1.8 fits/s
shard_k7_008960: 256 fits in 1048.7s  psnr_med=42.5dB  overall 1.8 fits/s
shard_k7_009216: 256 fits in 10.0s  psnr_med=42.9dB  overall 1.8 fits/s
shard_k7_009472: 256 fits in 10.7s  psnr_med=42.0dB  overall 1.8 fits/s
shard_k7_009728: 256 fits in 10.7s  psnr_med=43.0dB  overall 1.8 fits/s
shard_k7_009984: 256 fits in 391.2s  psnr_med=42.4dB  overall 1.8 fits/s
shard_k7_010240: 256 fits in 10.2s  psnr_med=42.5dB  overall 1.8 fits/s
shard_k7_010496: 256 fits in 10.2s  psnr_med=42.9dB  overall 1.8 fits/s
shard_k7_010752: 256 fits in 10.4s  psnr_med=42.7dB  overall 1.8 fits/s
shard_k7_011008: 256 fits in 10.3s  psnr_med=41.9dB  overall 1.8 fits/s
shard_k7_011264: 256 fits in 1008.1s  psnr_med=41.9dB  overall 1.8 fits/s
shard_k7_011520: 256 fits in 10.7s  psnr_med=43.3dB  overall 1.8 fits/s
shard_k7_011776: 256 fits in 11.3s  psnr_med=42.7dB  overall 1.8 fits/s
shard_k7_012032: 256 fits in 10.7s  psnr_med=43.0dB  overall 1.8 fits/s
shard_k7_012288: 256 fits in 10.8s  psnr_med=42.6dB  overall 1.8 fits/s
shard_k7_012544: 256 fits in 1027.3s  psnr_med=42.9dB  overall 1.8 fits/s
shard_k7_012800: 256 fits in 11.7s  psnr_med=42.5dB  overall 1.8 fits/s
shard_k7_013056: 256 fits in 10.3s  psnr_med=42.3dB  overall 1.8 fits/s
shard_k7_013312: 256 fits in 10.0s  psnr_med=42.2dB  overall 1.8 fits/s
shard_k7_013568: 256 fits in 10.3s  psnr_med=41.9dB  overall 1.8 fits/s
shard_k7_013824: 256 fits in 1053.6s  psnr_med=42.3dB  overall 1.8 fits/s
shard_k7_014080: 256 fits in 10.1s  psnr_med=41.9dB  overall 1.8 fits/s
shard_k7_014336: 256 fits in 10.1s  psnr_med=42.7dB  overall 1.8 fits/s
shard_k7_014592: 256 fits in 10.3s  psnr_med=43.4dB  overall 1.8 fits/s
shard_k7_014848: 256 fits in 418.3s  psnr_med=43.0dB  overall 1.8 fits/s
shard_k7_015104: 256 fits in 10.0s  psnr_med=42.4dB  overall 1.8 fits/s
shard_k7_015360: 256 fits in 10.3s  psnr_med=42.3dB  overall 1.8 fits/s
shard_k7_015616: 256 fits in 10.1s  psnr_med=42.5dB  overall 1.8 fits/s
shard_k7_015872: 256 fits in 10.3s  psnr_med=42.4dB  overall 1.8 fits/s
shard_k7_016128: 256 fits in 927.5s  psnr_med=42.1dB  overall 1.8 fits/s
shard_k7_016384: 256 fits in 10.1s  psnr_med=41.8dB  overall 1.8 fits/s
shard_k7_016640: 256 fits in 10.4s  psnr_med=42.3dB  overall 1.8 fits/s
shard_k7_016896: 256 fits in 10.6s  psnr_med=42.8dB  overall 1.8 fits/s
shard_k7_017152: 256 fits in 1002.6s  psnr_med=42.4dB  overall 1.8 fits/s
shard_k7_017408: 256 fits in 10.1s  psnr_med=42.5dB  overall 1.8 fits/s
shard_k7_017664: 256 fits in 10.2s  psnr_med=42.2dB  overall 1.8 fits/s
shard_k7_017920: 256 fits in 10.1s  psnr_med=42.2dB  overall 1.8 fits/s
shard_k7_018176: 256 fits in 723.6s  psnr_med=42.6dB  overall 1.8 fits/s
shard_k7_018432: 256 fits in 10.4s  psnr_med=42.7dB  overall 1.8 fits/s
shard_k7_018688: 256 fits in 10.8s  psnr_med=42.4dB  overall 1.8 fits/s
shard_k7_018944: 256 fits in 10.4s  psnr_med=42.5dB  overall 1.8 fits/s
shard_k7_019200: 256 fits in 10.3s  psnr_med=42.9dB  overall 1.8 fits/s
shard_k7_019456: 256 fits in 870.4s  psnr_med=42.9dB  overall 1.8 fits/s
shard_k7_019712: 256 fits in 10.5s  psnr_med=42.6dB  overall 1.8 fits/s
shard_k7_019968: 256 fits in 10.3s  psnr_med=43.0dB  overall 1.8 fits/s
shard_k7_020224: 256 fits in 10.1s  psnr_med=42.3dB  overall 1.8 fits/s
shard_k7_020480: 256 fits in 956.5s  psnr_med=42.6dB  overall 1.8 fits/s
shard_k7_020736: 256 fits in 12.1s  psnr_med=42.9dB  overall 1.8 fits/s
shard_k7_020992: 256 fits in 11.4s  psnr_med=42.5dB  overall 1.8 fits/s
shard_k7_021248: 256 fits in 10.5s  psnr_med=42.9dB  overall 1.8 fits/s
shard_k7_021504: 256 fits in 922.5s  psnr_med=42.2dB  overall 1.8 fits/s
shard_k7_021760: 256 fits in 10.2s  psnr_med=42.6dB  overall 1.8 fits/s
shard_k7_022016: 256 fits in 10.4s  psnr_med=42.0dB  overall 1.8 fits/s
shard_k7_022272: 256 fits in 10.1s  psnr_med=43.1dB  overall 1.8 fits/s
shard_k7_022528: 256 fits in 10.2s  psnr_med=42.6dB  overall 1.8 fits/s
shard_k7_022784: 256 fits in 968.1s  psnr_med=42.4dB  overall 1.8 fits/s
shard_k7_023040: 256 fits in 10.2s  psnr_med=42.5dB  overall 1.8 fits/s
shard_k7_023296: 256 fits in 10.1s  psnr_med=42.6dB  overall 1.8 fits/s
shard_k7_023552: 256 fits in 10.2s  psnr_med=42.8dB  overall 1.8 fits/s
shard_k7_023808: 256 fits in 677.9s  psnr_med=42.5dB  overall 1.8 fits/s
shard_k7_024064: 256 fits in 10.2s  psnr_med=42.5dB  overall 1.8 fits/s
shard_k7_024320: 256 fits in 10.1s  psnr_med=42.6dB  overall 1.8 fits/s
shard_k7_024576: 256 fits in 10.2s  psnr_med=43.1dB  overall 1.8 fits/s
shard_k7_024832: 256 fits in 976.7s  psnr_med=42.6dB  overall 1.8 fits/s
shard_k7_025088: 256 fits in 10.6s  psnr_med=42.0dB  overall 1.8 fits/s
shard_k7_025344: 256 fits in 10.3s  psnr_med=42.6dB  overall 1.8 fits/s
shard_k7_025600: 256 fits in 10.7s  psnr_med=42.5dB  overall 1.8 fits/s
shard_k7_025856: 256 fits in 10.1s  psnr_med=42.6dB  overall 1.8 fits/s
shard_k7_026112: 256 fits in 948.7s  psnr_med=42.4dB  overall 1.8 fits/s
shard_k7_026368: 256 fits in 10.4s  psnr_med=42.2dB  overall 1.8 fits/s
shard_k7_026624: 256 fits in 10.2s  psnr_med=42.7dB  overall 1.8 fits/s
shard_k7_026880: 256 fits in 10.2s  psnr_med=42.8dB  overall 1.8 fits/s
shard_k7_027136: 256 fits in 10.3s  psnr_med=43.0dB  overall 1.8 fits/s
shard_k7_027392: 256 fits in 11.0s  psnr_med=42.3dB  overall 1.8 fits/s
shard_k7_027648: 256 fits in 10.7s  psnr_med=43.0dB  overall 1.8 fits/s
shard_k7_027904: 256 fits in 10.2s  psnr_med=42.2dB  overall 1.8 fits/s
shard_k7_028160: 256 fits in 10.1s  psnr_med=42.3dB  overall 1.8 fits/s
shard_k7_028416: 256 fits in 10.3s  psnr_med=42.5dB  overall 1.8 fits/s
shard_k7_028672: 256 fits in 10.0s  psnr_med=42.4dB  overall 1.8 fits/s
shard_k7_028928: 256 fits in 10.2s  psnr_med=42.4dB  overall 1.8 fits/s
shard_k7_029184: 256 fits in 10.3s  psnr_med=42.8dB  overall 1.8 fits/s
shard_k7_029440: 256 fits in 10.2s  psnr_med=42.3dB  overall 1.8 fits/s
shard_k7_029696: 256 fits in 10.1s  psnr_med=43.0dB  overall 1.8 fits/s
shard_k7_029952: 256 fits in 10.3s  psnr_med=42.4dB  overall 1.8 fits/s
shard_k7_030208: 256 fits in 10.2s  psnr_med=42.5dB  overall 1.8 fits/s
shard_k7_030464: 256 fits in 971.4s  psnr_med=42.5dB  overall 1.8 fits/s
shard_k7_030720: 256 fits in 10.1s  psnr_med=42.3dB  overall 1.8 fits/s
shard_k7_030976: 256 fits in 10.2s  psnr_med=42.8dB  overall 1.8 fits/s
shard_k7_031232: 256 fits in 10.1s  psnr_med=42.0dB  overall 1.8 fits/s
shard_k7_031488: 256 fits in 10.8s  psnr_med=42.6dB  overall 1.8 fits/s
shard_k7_031744: 256 fits in 493.5s  psnr_med=42.8dB  overall 1.8 fits/s
shard_k7_032000: 256 fits in 10.3s  psnr_med=42.5dB  overall 1.8 fits/s
shard_k7_032256: 256 fits in 10.8s  psnr_med=42.2dB  overall 1.8 fits/s
shard_k7_032512: 256 fits in 10.5s  psnr_med=42.2dB  overall 1.8 fits/s
shard_k7_032768: 256 fits in 10.6s  psnr_med=42.6dB  overall 1.8 fits/s
shard_k7_033024: 256 fits in 11.0s  psnr_med=42.4dB  overall 1.8 fits/s
shard_k7_033280: 256 fits in 10.8s  psnr_med=42.6dB  overall 1.8 fits/s
shard_k7_033536: 256 fits in 10.8s  psnr_med=42.4dB  overall 1.8 fits/s
shard_k7_033792: 256 fits in 10.7s  psnr_med=42.3dB  overall 1.8 fits/s
shard_k7_034048: 256 fits in 10.6s  psnr_med=43.0dB  overall 1.8 fits/s
shard_k7_034304: 256 fits in 11.0s  psnr_med=42.9dB  overall 1.8 fits/s
shard_k7_034560: 256 fits in 10.9s  psnr_med=43.0dB  overall 1.8 fits/s
shard_k7_034816: 256 fits in 11.1s  psnr_med=42.8dB  overall 1.8 fits/s
shard_k7_035072: 256 fits in 10.7s  psnr_med=42.8dB  overall 1.8 fits/s
shard_k7_035328: 256 fits in 10.7s  psnr_med=42.5dB  overall 1.8 fits/s
shard_k7_035584: 256 fits in 10.5s  psnr_med=42.6dB  overall 1.8 fits/s
shard_k7_035840: 256 fits in 10.9s  psnr_med=42.3dB  overall 1.8 fits/s
shard_k7_036096: 256 fits in 10.4s  psnr_med=42.5dB  overall 1.8 fits/s
shard_k7_036352: 256 fits in 10.5s  psnr_med=42.3dB  overall 1.8 fits/s
shard_k7_036608: 256 fits in 10.5s  psnr_med=42.2dB  overall 1.8 fits/s
shard_k7_036864: 256 fits in 10.5s  psnr_med=42.9dB  overall 1.8 fits/s
shard_k7_037120: 256 fits in 10.6s  psnr_med=42.9dB  overall 1.8 fits/s
shard_k7_037376: 256 fits in 10.7s  psnr_med=41.6dB  overall 1.8 fits/s
shard_k7_037632: 256 fits in 10.7s  psnr_med=42.3dB  overall 1.8 fits/s
shard_k7_037888: 256 fits in 10.5s  psnr_med=42.9dB  overall 1.8 fits/s
shard_k7_038144: 256 fits in 10.3s  psnr_med=42.6dB  overall 1.8 fits/s
shard_k7_038400: 256 fits in 10.4s  psnr_med=42.0dB  overall 1.8 fits/s
shard_k7_038656: 256 fits in 12.0s  psnr_med=42.8dB  overall 1.8 fits/s
shard_k7_038912: 256 fits in 1005.5s  psnr_med=42.7dB  overall 1.8 fits/s
shard_k7_039168: 256 fits in 11.0s  psnr_med=42.5dB  overall 1.8 fits/s
shard_k7_039424: 256 fits in 10.5s  psnr_med=42.7dB  overall 1.8 fits/s
shard_k7_039680: 256 fits in 10.1s  psnr_med=42.4dB  overall 1.8 fits/s
shard_k7_039936: 256 fits in 1020.0s  psnr_med=42.3dB  overall 1.8 fits/s
shard_k7_040192: 256 fits in 9.9s  psnr_med=43.3dB  overall 1.8 fits/s
shard_k7_040448: 256 fits in 10.2s  psnr_med=42.2dB  overall 1.8 fits/s
shard_k7_040704: 256 fits in 10.3s  psnr_med=42.6dB  overall 1.8 fits/s
shard_k7_040960: 256 fits in 10.0s  psnr_med=43.0dB  overall 1.8 fits/s
shard_k7_041216: 256 fits in 1035.4s  psnr_med=42.7dB  overall 1.8 fits/s
shard_k7_041472: 256 fits in 10.3s  psnr_med=42.9dB  overall 1.8 fits/s
shard_k7_041728: 256 fits in 10.2s  psnr_med=42.7dB  overall 1.8 fits/s
shard_k7_041984: 256 fits in 10.2s  psnr_med=42.6dB  overall 1.8 fits/s
shard_k7_042240: 256 fits in 207.0s  psnr_med=42.5dB  overall 1.8 fits/s
shard_k7_042496: 256 fits in 10.0s  psnr_med=42.9dB  overall 1.8 fits/s
shard_k7_042752: 256 fits in 10.2s  psnr_med=42.3dB  overall 1.8 fits/s
shard_k7_043008: 256 fits in 10.3s  psnr_med=43.0dB  overall 1.8 fits/s
shard_k7_043264: 256 fits in 928.7s  psnr_med=42.8dB  overall 1.8 fits/s
shard_k7_043520: 256 fits in 10.8s  psnr_med=42.5dB  overall 1.8 fits/s
shard_k7_043776: 256 fits in 10.5s  psnr_med=43.2dB  overall 1.8 fits/s
shard_k7_044032: 256 fits in 10.1s  psnr_med=42.5dB  overall 1.8 fits/s
shard_k7_044288: 256 fits in 10.5s  psnr_med=41.8dB  overall 1.8 fits/s
shard_k7_044544: 256 fits in 10.6s  psnr_med=42.7dB  overall 1.8 fits/s
shard_k7_044800: 256 fits in 972.0s  psnr_med=42.0dB  overall 1.8 fits/s
shard_k7_045056: 256 fits in 10.3s  psnr_med=42.6dB  overall 1.8 fits/s
shard_k7_045312: 256 fits in 10.1s  psnr_med=42.1dB  overall 1.8 fits/s
shard_k7_045568: 256 fits in 10.2s  psnr_med=42.5dB  overall 1.8 fits/s
shard_k7_045824: 256 fits in 930.4s  psnr_med=42.3dB  overall 1.8 fits/s
shard_k7_046080: 256 fits in 11.6s  psnr_med=42.6dB  overall 1.8 fits/s
shard_k7_046336: 256 fits in 10.3s  psnr_med=42.4dB  overall 1.8 fits/s
shard_k7_046592: 256 fits in 10.3s  psnr_med=42.8dB  overall 1.8 fits/s
shard_k7_046848: 256 fits in 996.2s  psnr_med=41.9dB  overall 1.8 fits/s
shard_k7_047104: 256 fits in 9.9s  psnr_med=42.9dB  overall 1.8 fits/s
shard_k7_047360: 256 fits in 10.2s  psnr_med=42.5dB  overall 1.8 fits/s
shard_k7_047616: 256 fits in 10.2s  psnr_med=42.4dB  overall 1.8 fits/s
shard_k7_047872: 256 fits in 10.0s  psnr_med=42.8dB  overall 1.8 fits/s
shard_k7_048128: 256 fits in 1092.2s  psnr_med=42.7dB  overall 1.8 fits/s
shard_k7_048384: 256 fits in 10.4s  psnr_med=42.4dB  overall 1.8 fits/s
shard_k7_048640: 256 fits in 10.0s  psnr_med=43.0dB  overall 1.8 fits/s
shard_k7_048896: 256 fits in 10.5s  psnr_med=42.9dB  overall 1.8 fits/s
shard_k7_049152: 256 fits in 987.3s  psnr_med=42.2dB  overall 1.8 fits/s
shard_k7_049408: 256 fits in 10.2s  psnr_med=43.2dB  overall 1.8 fits/s
shard_k7_049664: 256 fits in 10.1s  psnr_med=42.2dB  overall 1.8 fits/s
shard_k7_049920: 256 fits in 10.0s  psnr_med=42.6dB  overall 1.8 fits/s
shard_k7_050176: 256 fits in 1009.8s  psnr_med=42.6dB  overall 1.8 fits/s
shard_k7_050432: 256 fits in 11.3s  psnr_med=42.8dB  overall 1.8 fits/s
shard_k7_050688: 256 fits in 10.2s  psnr_med=42.2dB  overall 1.8 fits/s
shard_k7_050944: 256 fits in 10.2s  psnr_med=42.5dB  overall 1.8 fits/s
shard_k7_051200: 256 fits in 10.1s  psnr_med=42.8dB  overall 1.8 fits/s
shard_k7_051456: 256 fits in 992.8s  psnr_med=43.0dB  overall 1.8 fits/s
shard_k7_051712: 256 fits in 10.2s  psnr_med=42.8dB  overall 1.8 fits/s
shard_k7_051968: 256 fits in 10.2s  psnr_med=42.1dB  overall 1.8 fits/s
shard_k7_052224: 256 fits in 10.1s  psnr_med=42.1dB  overall 1.8 fits/s
shard_k7_052480: 256 fits in 969.0s  psnr_med=42.2dB  overall 1.8 fits/s
shard_k7_052736: 256 fits in 10.0s  psnr_med=42.9dB  overall 1.8 fits/s
shard_k7_052992: 256 fits in 10.2s  psnr_med=42.0dB  overall 1.8 fits/s
shard_k7_053248: 256 fits in 10.3s  psnr_med=42.4dB  overall 1.8 fits/s
shard_k7_053504: 256 fits in 10.6s  psnr_med=42.7dB  overall 1.8 fits/s
shard_k7_053760: 256 fits in 946.6s  psnr_med=42.7dB  overall 1.8 fits/s
shard_k7_054016: 256 fits in 10.3s  psnr_med=42.7dB  overall 1.8 fits/s
shard_k7_054272: 256 fits in 10.2s  psnr_med=42.5dB  overall 1.8 fits/s
shard_k7_054528: 256 fits in 10.3s  psnr_med=42.8dB  overall 1.8 fits/s
shard_k7_054784: 216 fits in 971.8s  psnr_med=42.7dB  overall 1.7 fits/s
{
  "n_inrs": 440000,
  "psnr_median": 42.555198669433594,
  "psnr_q05": 36.07482089996338,
  "corr_psnr_label": -0.12383172172265658,
  "wallclock_total_s": 251565.08839035034
}
FMNIST K DONE Thu Jul 23 03:31:29 CEST 2026
=== fmnist chain complete Thu Jul 23 03:31:29 CEST 2026 ===
